Vehicle ID,Timestamp
20,0.0
19,0.0
18,0.0
17,0.0
16,0.0
15,0.0
20,16.666666666666668
19,16.666666666666668
18,16.666666666666668
17,16.666666666666668
16,16.666666666666668
15,16.666666666666668
21,33.333333333333336
20,33.333333333333336
19,33.333333333333336
18,33.333333333333336
17,33.333333333333336
16,33.333333333333336
15,33.333333333333336
20,50.0
19,50.0
18,50.0
17,50.0
16,50.0
15,50.0
20,66.66666666666667
19,66.66666666666667
18,66.66666666666667
17,66.66666666666667
16,66.66666666666667
15,66.66666666666667
20,83.33333333333333
19,83.33333333333333
18,83.33333333333333
17,83.33333333333333
16,83.33333333333333
15,83.33333333333333
20,100.0
19,100.0
18,100.0
17,100.0
16,100.0
15,100.0
20,116.66666666666667
19,116.66666666666667
18,116.66666666666667
17,116.66666666666667
16,116.66666666666667
15,116.66666666666667
20,133.33333333333334
19,133.33333333333334
18,133.33333333333334
17,133.33333333333334
16,133.33333333333334
15,133.33333333333334
20,150.0
19,150.0
18,150.0
17,150.0
16,150.0
15,150.0
20,166.66666666666666
19,166.66666666666666
18,166.66666666666666
17,166.66666666666666
16,166.66666666666666
15,166.66666666666666
20,183.33333333333331
19,183.33333333333331
18,183.33333333333331
17,183.33333333333331
16,183.33333333333331
15,183.33333333333331
20,200.0
19,200.0
18,200.0
17,200.0
16,200.0
15,200.0
20,216.66666666666669
19,216.66666666666669
18,216.66666666666669
17,216.66666666666669
16,216.66666666666669
15,216.66666666666669
24,233.33333333333334
20,233.33333333333334
19,233.33333333333334
18,233.33333333333334
17,233.33333333333334
16,233.33333333333334
15,233.33333333333334
24,250.0
20,250.0
19,250.0
18,250.0
17,250.0
16,250.0
15,250.0
24,266.6666666666667
20,266.6666666666667
19,266.6666666666667
18,266.6666666666667
17,266.6666666666667
16,266.6666666666667
15,266.6666666666667
20,283.3333333333333
19,283.3333333333333
18,283.3333333333333
17,283.3333333333333
16,283.3333333333333
15,283.3333333333333
20,300.0
19,300.0
18,300.0
17,300.0
16,300.0
15,300.0
20,316.66666666666663
19,316.66666666666663
18,316.66666666666663
17,316.66666666666663
16,316.66666666666663
15,316.66666666666663
20,333.3333333333333
19,333.3333333333333
17,333.3333333333333
16,333.3333333333333
15,333.3333333333333
20,350.0
19,350.0
17,350.0
16,350.0
15,350.0
24,366.66666666666663
20,366.66666666666663
19,366.66666666666663
17,366.66666666666663
16,366.66666666666663
15,366.66666666666663
24,383.3333333333333
20,383.3333333333333
19,383.3333333333333
17,383.3333333333333
16,383.3333333333333
15,383.3333333333333
24,400.0
22,400.0
20,400.0
19,400.0
17,400.0
16,400.0
15,400.0
24,416.6666666666667
22,416.6666666666667
20,416.6666666666667
19,416.6666666666667
17,416.6666666666667
16,416.6666666666667
15,416.6666666666667
22,433.33333333333337
20,433.33333333333337
19,433.33333333333337
17,433.33333333333337
16,433.33333333333337
15,433.33333333333337
22,450.0
20,450.0
19,450.0
17,450.0
16,450.0
15,450.0
20,466.6666666666667
19,466.6666666666667
17,466.6666666666667
16,466.6666666666667
15,466.6666666666667
25,483.3333333333333
20,483.3333333333333
19,483.3333333333333
17,483.3333333333333
16,483.3333333333333
15,483.3333333333333
25,500.0
20,500.0
19,500.0
17,500.0
16,500.0
15,500.0
25,516.6666666666666
20,516.6666666666666
19,516.6666666666666
17,516.6666666666666
16,516.6666666666666
15,516.6666666666666
25,533.3333333333334
20,533.3333333333334
19,533.3333333333334
17,533.3333333333334
16,533.3333333333334
15,533.3333333333334
25,550.0
20,550.0
19,550.0
17,550.0
16,550.0
15,550.0
25,566.6666666666666
24,566.6666666666666
20,566.6666666666666
19,566.6666666666666
17,566.6666666666666
16,566.6666666666666
15,566.6666666666666
25,583.3333333333334
24,583.3333333333334
20,583.3333333333334
19,583.3333333333334
17,583.3333333333334
16,583.3333333333334
15,583.3333333333334
25,600.0
20,600.0
19,600.0
17,600.0
16,600.0
15,600.0
25,616.6666666666667
20,616.6666666666667
19,616.6666666666667
17,616.6666666666667
16,616.6666666666667
15,616.6666666666667
25,633.3333333333333
20,633.3333333333333
19,633.3333333333333
17,633.3333333333333
16,633.3333333333333
15,633.3333333333333
25,650.0
20,650.0
19,650.0
17,650.0
16,650.0
15,650.0
25,666.6666666666666
20,666.6666666666666
19,666.6666666666666
17,666.6666666666666
16,666.6666666666666
15,666.6666666666666
25,683.3333333333334
20,683.3333333333334
19,683.3333333333334
17,683.3333333333334
16,683.3333333333334
15,683.3333333333334
25,700.0
20,700.0
19,700.0
17,700.0
16,700.0
15,700.0
25,716.6666666666666
20,716.6666666666666
19,716.6666666666666
17,716.6666666666666
16,716.6666666666666
15,716.6666666666666
25,733.3333333333333
20,733.3333333333333
19,733.3333333333333
17,733.3333333333333
16,733.3333333333333
15,733.3333333333333
25,750.0
20,750.0
19,750.0
17,750.0
16,750.0
15,750.0
25,766.6666666666666
20,766.6666666666666
19,766.6666666666666
17,766.6666666666666
16,766.6666666666666
15,766.6666666666666
25,783.3333333333334
24,783.3333333333334
20,783.3333333333334
19,783.3333333333334
17,783.3333333333334
16,783.3333333333334
15,783.3333333333334
25,800.0
24,800.0
20,800.0
19,800.0
17,800.0
16,800.0
15,800.0
25,816.6666666666666
24,816.6666666666666
20,816.6666666666666
19,816.6666666666666
17,816.6666666666666
16,816.6666666666666
15,816.6666666666666
25,833.3333333333334
20,833.3333333333334
19,833.3333333333334
17,833.3333333333334
16,833.3333333333334
15,833.3333333333334
25,850.0
20,850.0
19,850.0
17,850.0
16,850.0
15,850.0
25,866.6666666666667
20,866.6666666666667
19,866.6666666666667
17,866.6666666666667
16,866.6666666666667
15,866.6666666666667
25,883.3333333333333
20,883.3333333333333
19,883.3333333333333
17,883.3333333333333
16,883.3333333333333
15,883.3333333333333
25,900.0
20,900.0
19,900.0
17,900.0
16,900.0
15,900.0
25,916.6666666666666
21,916.6666666666666
20,916.6666666666666
19,916.6666666666666
17,916.6666666666666
16,916.6666666666666
15,916.6666666666666
25,933.3333333333334
21,933.3333333333334
20,933.3333333333334
19,933.3333333333334
17,933.3333333333334
16,933.3333333333334
15,933.3333333333334
25,950.0
21,950.0
20,950.0
19,950.0
17,950.0
16,950.0
15,950.0
25,966.6666666666666
21,966.6666666666666
20,966.6666666666666
19,966.6666666666666
17,966.6666666666666
16,966.6666666666666
15,966.6666666666666
25,983.3333333333333
21,983.3333333333333
20,983.3333333333333
19,983.3333333333333
17,983.3333333333333
16,983.3333333333333
15,983.3333333333333
25,1000.0
21,1000.0
20,1000.0
19,1000.0
17,1000.0
16,1000.0
15,1000.0
25,1016.6666666666666
21,1016.6666666666666
20,1016.6666666666666
19,1016.6666666666666
17,1016.6666666666666
16,1016.6666666666666
15,1016.6666666666666
25,1033.3333333333333
21,1033.3333333333333
20,1033.3333333333333
19,1033.3333333333333
17,1033.3333333333333
16,1033.3333333333333
15,1033.3333333333333
25,1050.0
21,1050.0
20,1050.0
19,1050.0
17,1050.0
16,1050.0
15,1050.0
25,1066.6666666666667
21,1066.6666666666667
20,1066.6666666666667
19,1066.6666666666667
17,1066.6666666666667
16,1066.6666666666667
15,1066.6666666666667
25,1083.3333333333333
21,1083.3333333333333
20,1083.3333333333333
19,1083.3333333333333
17,1083.3333333333333
16,1083.3333333333333
15,1083.3333333333333
25,1100.0
21,1100.0
20,1100.0
19,1100.0
17,1100.0
16,1100.0
15,1100.0
25,1116.6666666666667
21,1116.6666666666667
20,1116.6666666666667
19,1116.6666666666667
17,1116.6666666666667
16,1116.6666666666667
15,1116.6666666666667
25,1133.3333333333333
21,1133.3333333333333
20,1133.3333333333333
19,1133.3333333333333
17,1133.3333333333333
16,1133.3333333333333
15,1133.3333333333333
25,1150.0
21,1150.0
20,1150.0
19,1150.0
17,1150.0
16,1150.0
15,1150.0
25,1166.6666666666667
21,1166.6666666666667
20,1166.6666666666667
19,1166.6666666666667
17,1166.6666666666667
16,1166.6666666666667
15,1166.6666666666667
25,1183.3333333333333
21,1183.3333333333333
20,1183.3333333333333
19,1183.3333333333333
17,1183.3333333333333
16,1183.3333333333333
15,1183.3333333333333
25,1200.0
21,1200.0
20,1200.0
19,1200.0
17,1200.0
16,1200.0
15,1200.0
25,1216.6666666666665
21,1216.6666666666665
20,1216.6666666666665
19,1216.6666666666665
17,1216.6666666666665
16,1216.6666666666665
15,1216.6666666666665
25,1233.3333333333335
21,1233.3333333333335
20,1233.3333333333335
19,1233.3333333333335
17,1233.3333333333335
16,1233.3333333333335
15,1233.3333333333335
25,1250.0
21,1250.0
20,1250.0
19,1250.0
17,1250.0
16,1250.0
15,1250.0
25,1266.6666666666665
21,1266.6666666666665
20,1266.6666666666665
19,1266.6666666666665
17,1266.6666666666665
16,1266.6666666666665
15,1266.6666666666665
25,1283.3333333333333
21,1283.3333333333333
20,1283.3333333333333
19,1283.3333333333333
17,1283.3333333333333
16,1283.3333333333333
15,1283.3333333333333
25,1300.0
21,1300.0
20,1300.0
19,1300.0
17,1300.0
16,1300.0
15,1300.0
25,1316.6666666666667
21,1316.6666666666667
20,1316.6666666666667
19,1316.6666666666667
17,1316.6666666666667
16,1316.6666666666667
15,1316.6666666666667
25,1333.3333333333333
21,1333.3333333333333
20,1333.3333333333333
19,1333.3333333333333
17,1333.3333333333333
16,1333.3333333333333
15,1333.3333333333333
25,1350.0
21,1350.0
20,1350.0
19,1350.0
17,1350.0
16,1350.0
15,1350.0
25,1366.6666666666667
21,1366.6666666666667
20,1366.6666666666667
19,1366.6666666666667
17,1366.6666666666667
16,1366.6666666666667
15,1366.6666666666667
25,1383.3333333333333
21,1383.3333333333333
20,1383.3333333333333
19,1383.3333333333333
17,1383.3333333333333
16,1383.3333333333333
15,1383.3333333333333
25,1400.0
20,1400.0
19,1400.0
17,1400.0
16,1400.0
15,1400.0
30,1416.6666666666667
25,1416.6666666666667
20,1416.6666666666667
19,1416.6666666666667
17,1416.6666666666667
16,1416.6666666666667
15,1416.6666666666667
30,1433.3333333333333
25,1433.3333333333333
20,1433.3333333333333
19,1433.3333333333333
17,1433.3333333333333
16,1433.3333333333333
15,1433.3333333333333
25,1450.0
20,1450.0
19,1450.0
17,1450.0
16,1450.0
15,1450.0
25,1466.6666666666665
20,1466.6666666666665
19,1466.6666666666665
17,1466.6666666666665
16,1466.6666666666665
15,1466.6666666666665
25,1483.3333333333335
20,1483.3333333333335
19,1483.3333333333335
17,1483.3333333333335
16,1483.3333333333335
15,1483.3333333333335
25,1500.0
20,1500.0
19,1500.0
17,1500.0
16,1500.0
15,1500.0
31,1516.6666666666665
25,1516.6666666666665
20,1516.6666666666665
19,1516.6666666666665
17,1516.6666666666665
16,1516.6666666666665
15,1516.6666666666665
31,1533.3333333333333
25,1533.3333333333333
20,1533.3333333333333
17,1533.3333333333333
16,1533.3333333333333
15,1533.3333333333333
31,1550.0
25,1550.0
20,1550.0
17,1550.0
16,1550.0
15,1550.0
31,1566.6666666666667
30,1566.6666666666667
25,1566.6666666666667
20,1566.6666666666667
17,1566.6666666666667
16,1566.6666666666667
15,1566.6666666666667
31,1583.3333333333333
30,1583.3333333333333
25,1583.3333333333333
20,1583.3333333333333
17,1583.3333333333333
16,1583.3333333333333
15,1583.3333333333333
31,1600.0
30,1600.0
25,1600.0
20,1600.0
17,1600.0
16,1600.0
15,1600.0
31,1616.6666666666667
30,1616.6666666666667
25,1616.6666666666667
20,1616.6666666666667
17,1616.6666666666667
16,1616.6666666666667
15,1616.6666666666667
31,1633.3333333333333
30,1633.3333333333333
25,1633.3333333333333
20,1633.3333333333333
17,1633.3333333333333
16,1633.3333333333333
15,1633.3333333333333
31,1650.0
25,1650.0
20,1650.0
17,1650.0
16,1650.0
15,1650.0
31,1666.6666666666667
25,1666.6666666666667
20,1666.6666666666667
17,1666.6666666666667
16,1666.6666666666667
15,1666.6666666666667
34,1683.3333333333333
31,1683.3333333333333
25,1683.3333333333333
20,1683.3333333333333
17,1683.3333333333333
16,1683.3333333333333
15,1683.3333333333333
34,1700.0
31,1700.0
30,1700.0
25,1700.0
20,1700.0
17,1700.0
16,1700.0
15,1700.0
34,1716.6666666666665
31,1716.6666666666665
30,1716.6666666666665
25,1716.6666666666665
20,1716.6666666666665
17,1716.6666666666665
16,1716.6666666666665
15,1716.6666666666665
34,1733.3333333333335
31,1733.3333333333335
25,1733.3333333333335
20,1733.3333333333335
17,1733.3333333333335
16,1733.3333333333335
15,1733.3333333333335
34,1750.0
31,1750.0
25,1750.0
20,1750.0
17,1750.0
16,1750.0
15,1750.0
34,1766.6666666666665
31,1766.6666666666665
25,1766.6666666666665
21,1766.6666666666665
20,1766.6666666666665
17,1766.6666666666665
16,1766.6666666666665
15,1766.6666666666665
31,1783.3333333333333
25,1783.3333333333333
20,1783.3333333333333
17,1783.3333333333333
16,1783.3333333333333
15,1783.3333333333333
31,1800.0
25,1800.0
20,1800.0
17,1800.0
16,1800.0
15,1800.0
31,1816.6666666666667
25,1816.6666666666667
20,1816.6666666666667
17,1816.6666666666667
16,1816.6666666666667
15,1816.6666666666667
34,1833.3333333333333
31,1833.3333333333333
25,1833.3333333333333
20,1833.3333333333333
17,1833.3333333333333
16,1833.3333333333333
15,1833.3333333333333
34,1849.9999999999998
31,1849.9999999999998
25,1849.9999999999998
20,1849.9999999999998
17,1849.9999999999998
16,1849.9999999999998
15,1849.9999999999998
34,1866.6666666666667
31,1866.6666666666667
25,1866.6666666666667
20,1866.6666666666667
17,1866.6666666666667
16,1866.6666666666667
15,1866.6666666666667
31,1883.3333333333333
25,1883.3333333333333
20,1883.3333333333333
17,1883.3333333333333
16,1883.3333333333333
15,1883.3333333333333
31,1900.0
25,1900.0
20,1900.0
17,1900.0
16,1900.0
15,1900.0
31,1916.6666666666667
25,1916.6666666666667
21,1916.6666666666667
20,1916.6666666666667
17,1916.6666666666667
16,1916.6666666666667
15,1916.6666666666667
31,1933.3333333333333
25,1933.3333333333333
21,1933.3333333333333
20,1933.3333333333333
17,1933.3333333333333
16,1933.3333333333333
15,1933.3333333333333
31,1950.0
25,1950.0
21,1950.0
20,1950.0
17,1950.0
16,1950.0
15,1950.0
31,1966.6666666666665
25,1966.6666666666665
21,1966.6666666666665
20,1966.6666666666665
17,1966.6666666666665
16,1966.6666666666665
15,1966.6666666666665
31,1983.3333333333335
25,1983.3333333333335
21,1983.3333333333335
20,1983.3333333333335
17,1983.3333333333335
16,1983.3333333333335
15,1983.3333333333335
31,2000.0
25,2000.0
21,2000.0
20,2000.0
17,2000.0
16,2000.0
15,2000.0
31,2016.6666666666665
25,2016.6666666666665
21,2016.6666666666665
20,2016.6666666666665
17,2016.6666666666665
16,2016.6666666666665
15,2016.6666666666665
31,2033.3333333333333
25,2033.3333333333333
21,2033.3333333333333
20,2033.3333333333333
17,2033.3333333333333
16,2033.3333333333333
15,2033.3333333333333
31,2050.0
25,2050.0
21,2050.0
20,2050.0
17,2050.0
16,2050.0
15,2050.0
31,2066.6666666666665
25,2066.6666666666665
21,2066.6666666666665
20,2066.6666666666665
17,2066.6666666666665
16,2066.6666666666665
15,2066.6666666666665
31,2083.3333333333335
25,2083.3333333333335
21,2083.3333333333335
20,2083.3333333333335
17,2083.3333333333335
16,2083.3333333333335
15,2083.3333333333335
31,2100.0
25,2100.0
21,2100.0
20,2100.0
17,2100.0
16,2100.0
15,2100.0
31,2116.6666666666665
25,2116.6666666666665
21,2116.6666666666665
20,2116.6666666666665
17,2116.6666666666665
16,2116.6666666666665
15,2116.6666666666665
31,2133.3333333333335
25,2133.3333333333335
21,2133.3333333333335
20,2133.3333333333335
17,2133.3333333333335
16,2133.3333333333335
15,2133.3333333333335
31,2150.0
25,2150.0
21,2150.0
20,2150.0
17,2150.0
16,2150.0
15,2150.0
31,2166.6666666666665
25,2166.6666666666665
21,2166.6666666666665
20,2166.6666666666665
17,2166.6666666666665
16,2166.6666666666665
15,2166.6666666666665
31,2183.333333333333
25,2183.333333333333
21,2183.333333333333
20,2183.333333333333
17,2183.333333333333
16,2183.333333333333
15,2183.333333333333
31,2200.0
25,2200.0
21,2200.0
20,2200.0
17,2200.0
16,2200.0
15,2200.0
31,2216.666666666667
25,2216.666666666667
21,2216.666666666667
20,2216.666666666667
17,2216.666666666667
16,2216.666666666667
15,2216.666666666667
31,2233.3333333333335
25,2233.3333333333335
21,2233.3333333333335
20,2233.3333333333335
17,2233.3333333333335
16,2233.3333333333335
15,2233.3333333333335
31,2250.0
25,2250.0
21,2250.0
20,2250.0
17,2250.0
16,2250.0
15,2250.0
34,2266.6666666666665
31,2266.6666666666665
25,2266.6666666666665
21,2266.6666666666665
20,2266.6666666666665
17,2266.6666666666665
16,2266.6666666666665
15,2266.6666666666665
31,2283.333333333333
25,2283.333333333333
21,2283.333333333333
20,2283.333333333333
17,2283.333333333333
16,2283.333333333333
15,2283.333333333333
31,2300.0
25,2300.0
21,2300.0
20,2300.0
17,2300.0
16,2300.0
15,2300.0
31,2316.6666666666665
25,2316.6666666666665
21,2316.6666666666665
20,2316.6666666666665
17,2316.6666666666665
16,2316.6666666666665
15,2316.6666666666665
31,2333.3333333333335
25,2333.3333333333335
21,2333.3333333333335
20,2333.3333333333335
17,2333.3333333333335
16,2333.3333333333335
15,2333.3333333333335
31,2350.0
25,2350.0
21,2350.0
20,2350.0
17,2350.0
16,2350.0
15,2350.0
31,2366.6666666666665
25,2366.6666666666665
21,2366.6666666666665
20,2366.6666666666665
17,2366.6666666666665
16,2366.6666666666665
15,2366.6666666666665
25,2383.3333333333335
21,2383.3333333333335
20,2383.3333333333335
17,2383.3333333333335
16,2383.3333333333335
15,2383.3333333333335
25,2400.0
21,2400.0
20,2400.0
16,2400.0
25,2416.6666666666665
21,2416.6666666666665
20,2416.6666666666665
16,2416.6666666666665
25,2433.333333333333
21,2433.333333333333
20,2433.333333333333
16,2433.333333333333
25,2450.0
21,2450.0
20,2450.0
16,2450.0
25,2466.666666666667
21,2466.666666666667
20,2466.666666666667
17,2466.666666666667
16,2466.666666666667
15,2466.666666666667
25,2483.3333333333335
21,2483.3333333333335
20,2483.3333333333335
17,2483.3333333333335
16,2483.3333333333335
15,2483.3333333333335
25,2500.0
21,2500.0
20,2500.0
17,2500.0
16,2500.0
15,2500.0
25,2516.6666666666665
21,2516.6666666666665
20,2516.6666666666665
17,2516.6666666666665
16,2516.6666666666665
15,2516.6666666666665
31,2533.333333333333
25,2533.333333333333
21,2533.333333333333
20,2533.333333333333
17,2533.333333333333
16,2533.333333333333
31,2550.0
25,2550.0
21,2550.0
20,2550.0
17,2550.0
16,2550.0
31,2566.6666666666665
25,2566.6666666666665
21,2566.6666666666665
20,2566.6666666666665
17,2566.6666666666665
16,2566.6666666666665
31,2583.3333333333335
25,2583.3333333333335
21,2583.3333333333335
20,2583.3333333333335
17,2583.3333333333335
16,2583.3333333333335
31,2600.0
25,2600.0
21,2600.0
20,2600.0
17,2600.0
16,2600.0
31,2616.6666666666665
25,2616.6666666666665
21,2616.6666666666665
20,2616.6666666666665
17,2616.6666666666665
16,2616.6666666666665
31,2633.3333333333335
25,2633.3333333333335
21,2633.3333333333335
20,2633.3333333333335
17,2633.3333333333335
16,2633.3333333333335
31,2650.0
25,2650.0
21,2650.0
20,2650.0
17,2650.0
16,2650.0
31,2666.6666666666665
25,2666.6666666666665
21,2666.6666666666665
20,2666.6666666666665
17,2666.6666666666665
16,2666.6666666666665
31,2683.333333333333
25,2683.333333333333
21,2683.333333333333
20,2683.333333333333
17,2683.333333333333
16,2683.333333333333
31,2700.0
25,2700.0
21,2700.0
20,2700.0
17,2700.0
16,2700.0
31,2716.666666666667
25,2716.666666666667
21,2716.666666666667
20,2716.666666666667
17,2716.666666666667
16,2716.666666666667
31,2733.3333333333335
25,2733.3333333333335
21,2733.3333333333335
20,2733.3333333333335
17,2733.3333333333335
16,2733.3333333333335
31,2750.0
25,2750.0
21,2750.0
20,2750.0
17,2750.0
16,2750.0
31,2766.6666666666665
25,2766.6666666666665
21,2766.6666666666665
20,2766.6666666666665
17,2766.6666666666665
16,2766.6666666666665
31,2783.333333333333
25,2783.333333333333
21,2783.333333333333
20,2783.333333333333
17,2783.333333333333
16,2783.333333333333
31,2800.0
25,2800.0
21,2800.0
20,2800.0
17,2800.0
16,2800.0
31,2816.6666666666665
25,2816.6666666666665
21,2816.6666666666665
20,2816.6666666666665
17,2816.6666666666665
16,2816.6666666666665
31,2833.3333333333335
25,2833.3333333333335
21,2833.3333333333335
20,2833.3333333333335
17,2833.3333333333335
16,2833.3333333333335
44,2850.0
31,2850.0
25,2850.0
21,2850.0
20,2850.0
17,2850.0
16,2850.0
44,2866.6666666666665
31,2866.6666666666665
25,2866.6666666666665
21,2866.6666666666665
20,2866.6666666666665
17,2866.6666666666665
16,2866.6666666666665
31,2883.3333333333335
25,2883.3333333333335
21,2883.3333333333335
20,2883.3333333333335
17,2883.3333333333335
16,2883.3333333333335
41,2900.0
31,2900.0
25,2900.0
21,2900.0
20,2900.0
17,2900.0
16,2900.0
43,2916.6666666666665
41,2916.6666666666665
40,2916.6666666666665
31,2916.6666666666665
25,2916.6666666666665
21,2916.6666666666665
20,2916.6666666666665
17,2916.6666666666665
16,2916.6666666666665
41,2933.333333333333
31,2933.333333333333
25,2933.333333333333
21,2933.333333333333
20,2933.333333333333
17,2933.333333333333
16,2933.333333333333
41,2950.0
31,2950.0
25,2950.0
21,2950.0
20,2950.0
17,2950.0
16,2950.0
41,2966.666666666667
31,2966.666666666667
25,2966.666666666667
21,2966.666666666667
20,2966.666666666667
17,2966.666666666667
16,2966.666666666667
41,2983.3333333333335
31,2983.3333333333335
25,2983.3333333333335
21,2983.3333333333335
20,2983.3333333333335
17,2983.3333333333335
16,2983.3333333333335
41,3000.0
31,3000.0
25,3000.0
21,3000.0
20,3000.0
17,3000.0
16,3000.0
41,3016.6666666666665
31,3016.6666666666665
25,3016.6666666666665
21,3016.6666666666665
20,3016.6666666666665
17,3016.6666666666665
16,3016.6666666666665
41,3033.333333333333
31,3033.333333333333
25,3033.333333333333
21,3033.333333333333
20,3033.333333333333
17,3033.333333333333
16,3033.333333333333
41,3050.0
31,3050.0
25,3050.0
21,3050.0
20,3050.0
16,3050.0
41,3066.6666666666665
31,3066.6666666666665
25,3066.6666666666665
21,3066.6666666666665
20,3066.6666666666665
16,3066.6666666666665
42,3083.3333333333335
41,3083.3333333333335
31,3083.3333333333335
25,3083.3333333333335
21,3083.3333333333335
20,3083.3333333333335
16,3083.3333333333335
42,3100.0
41,3100.0
31,3100.0
25,3100.0
21,3100.0
20,3100.0
16,3100.0
42,3116.6666666666665
41,3116.6666666666665
31,3116.6666666666665
25,3116.6666666666665
21,3116.6666666666665
20,3116.6666666666665
16,3116.6666666666665
42,3133.3333333333335
41,3133.3333333333335
31,3133.3333333333335
25,3133.3333333333335
21,3133.3333333333335
20,3133.3333333333335
16,3133.3333333333335
42,3150.0
41,3150.0
31,3150.0
25,3150.0
21,3150.0
20,3150.0
16,3150.0
42,3166.6666666666665
41,3166.6666666666665
31,3166.6666666666665
25,3166.6666666666665
21,3166.6666666666665
20,3166.6666666666665
16,3166.6666666666665
42,3183.333333333333
41,3183.333333333333
31,3183.333333333333
25,3183.333333333333
21,3183.333333333333
20,3183.333333333333
16,3183.333333333333
42,3200.0
41,3200.0
31,3200.0
25,3200.0
21,3200.0
20,3200.0
16,3200.0
42,3216.666666666667
41,3216.666666666667
31,3216.666666666667
25,3216.666666666667
21,3216.666666666667
20,3216.666666666667
16,3216.666666666667
42,3233.3333333333335
41,3233.3333333333335
31,3233.3333333333335
25,3233.3333333333335
21,3233.3333333333335
20,3233.3333333333335
16,3233.3333333333335
42,3250.0
41,3250.0
31,3250.0
25,3250.0
21,3250.0
20,3250.0
16,3250.0
42,3266.6666666666665
41,3266.6666666666665
31,3266.6666666666665
25,3266.6666666666665
21,3266.6666666666665
20,3266.6666666666665
16,3266.6666666666665
42,3283.333333333333
41,3283.333333333333
31,3283.333333333333
25,3283.333333333333
21,3283.333333333333
20,3283.333333333333
16,3283.333333333333
42,3300.0
41,3300.0
31,3300.0
25,3300.0
21,3300.0
20,3300.0
16,3300.0
42,3316.6666666666665
41,3316.6666666666665
31,3316.6666666666665
25,3316.6666666666665
21,3316.6666666666665
20,3316.6666666666665
16,3316.6666666666665
42,3333.3333333333335
41,3333.3333333333335
31,3333.3333333333335
25,3333.3333333333335
21,3333.3333333333335
20,3333.3333333333335
16,3333.3333333333335
42,3350.0
41,3350.0
31,3350.0
25,3350.0
21,3350.0
20,3350.0
16,3350.0
42,3366.6666666666665
41,3366.6666666666665
31,3366.6666666666665
25,3366.6666666666665
21,3366.6666666666665
20,3366.6666666666665
16,3366.6666666666665
42,3383.3333333333335
41,3383.3333333333335
31,3383.3333333333335
25,3383.3333333333335
21,3383.3333333333335
20,3383.3333333333335
16,3383.3333333333335
42,3400.0
41,3400.0
31,3400.0
25,3400.0
21,3400.0
20,3400.0
16,3400.0
42,3416.6666666666665
41,3416.6666666666665
31,3416.6666666666665
25,3416.6666666666665
21,3416.6666666666665
20,3416.6666666666665
16,3416.6666666666665
42,3433.333333333333
41,3433.333333333333
31,3433.333333333333
25,3433.333333333333
21,3433.333333333333
20,3433.333333333333
16,3433.333333333333
42,3449.9999999999995
41,3449.9999999999995
31,3449.9999999999995
25,3449.9999999999995
21,3449.9999999999995
20,3449.9999999999995
16,3449.9999999999995
42,3466.666666666667
41,3466.666666666667
31,3466.666666666667
25,3466.666666666667
21,3466.666666666667
20,3466.666666666667
16,3466.666666666667
42,3483.3333333333335
41,3483.3333333333335
31,3483.3333333333335
25,3483.3333333333335
21,3483.3333333333335
20,3483.3333333333335
16,3483.3333333333335
42,3500.0
41,3500.0
31,3500.0
25,3500.0
21,3500.0
20,3500.0
16,3500.0
42,3516.6666666666665
41,3516.6666666666665
31,3516.6666666666665
25,3516.6666666666665
21,3516.6666666666665
20,3516.6666666666665
16,3516.6666666666665
42,3533.333333333333
41,3533.333333333333
31,3533.333333333333
25,3533.333333333333
21,3533.333333333333
20,3533.333333333333
16,3533.333333333333
42,3550.0
41,3550.0
31,3550.0
25,3550.0
21,3550.0
20,3550.0
16,3550.0
42,3566.6666666666665
41,3566.6666666666665
31,3566.6666666666665
25,3566.6666666666665
21,3566.6666666666665
20,3566.6666666666665
16,3566.6666666666665
42,3583.3333333333335
41,3583.3333333333335
31,3583.3333333333335
25,3583.3333333333335
21,3583.3333333333335
20,3583.3333333333335
16,3583.3333333333335
42,3600.0
41,3600.0
31,3600.0
25,3600.0
21,3600.0
20,3600.0
16,3600.0
42,3616.6666666666665
31,3616.6666666666665
25,3616.6666666666665
21,3616.6666666666665
20,3616.6666666666665
16,3616.6666666666665
42,3633.3333333333335
31,3633.3333333333335
25,3633.3333333333335
21,3633.3333333333335
20,3633.3333333333335
16,3633.3333333333335
42,3650.0
31,3650.0
25,3650.0
21,3650.0
20,3650.0
16,3650.0
42,3666.6666666666665
41,3666.6666666666665
31,3666.6666666666665
25,3666.6666666666665
21,3666.6666666666665
20,3666.6666666666665
16,3666.6666666666665
42,3683.333333333333
41,3683.333333333333
31,3683.333333333333
25,3683.333333333333
21,3683.333333333333
20,3683.333333333333
16,3683.333333333333
42,3699.9999999999995
41,3699.9999999999995
31,3699.9999999999995
25,3699.9999999999995
21,3699.9999999999995
20,3699.9999999999995
16,3699.9999999999995
42,3716.666666666667
41,3716.666666666667
31,3716.666666666667
25,3716.666666666667
21,3716.666666666667
20,3716.666666666667
16,3716.666666666667
42,3733.3333333333335
41,3733.3333333333335
31,3733.3333333333335
25,3733.3333333333335
21,3733.3333333333335
20,3733.3333333333335
16,3733.3333333333335
42,3750.0
41,3750.0
31,3750.0
25,3750.0
21,3750.0
20,3750.0
16,3750.0
42,3766.6666666666665
41,3766.6666666666665
31,3766.6666666666665
25,3766.6666666666665
21,3766.6666666666665
20,3766.6666666666665
16,3766.6666666666665
42,3783.333333333333
41,3783.333333333333
31,3783.333333333333
25,3783.333333333333
21,3783.333333333333
20,3783.333333333333
16,3783.333333333333
52,3800.0
42,3800.0
41,3800.0
31,3800.0
25,3800.0
21,3800.0
20,3800.0
16,3800.0
52,3816.6666666666665
41,3816.6666666666665
31,3816.6666666666665
25,3816.6666666666665
21,3816.6666666666665
20,3816.6666666666665
16,3816.6666666666665
52,3833.3333333333335
41,3833.3333333333335
31,3833.3333333333335
25,3833.3333333333335
21,3833.3333333333335
20,3833.3333333333335
16,3833.3333333333335
52,3850.0
41,3850.0
31,3850.0
25,3850.0
21,3850.0
20,3850.0
16,3850.0
52,3866.6666666666665
41,3866.6666666666665
31,3866.6666666666665
25,3866.6666666666665
21,3866.6666666666665
20,3866.6666666666665
16,3866.6666666666665
52,3883.3333333333335
41,3883.3333333333335
31,3883.3333333333335
25,3883.3333333333335
21,3883.3333333333335
20,3883.3333333333335
16,3883.3333333333335
52,3900.0
41,3900.0
31,3900.0
25,3900.0
21,3900.0
20,3900.0
16,3900.0
52,3916.6666666666665
48,3916.6666666666665
41,3916.6666666666665
31,3916.6666666666665
25,3916.6666666666665
21,3916.6666666666665
20,3916.6666666666665
16,3916.6666666666665
52,3933.333333333333
48,3933.333333333333
42,3933.333333333333
41,3933.333333333333
31,3933.333333333333
25,3933.333333333333
21,3933.333333333333
20,3933.333333333333
16,3933.333333333333
52,3949.9999999999995
41,3949.9999999999995
31,3949.9999999999995
25,3949.9999999999995
21,3949.9999999999995
20,3949.9999999999995
16,3949.9999999999995
52,3966.666666666667
41,3966.666666666667
31,3966.666666666667
25,3966.666666666667
21,3966.666666666667
20,3966.666666666667
16,3966.666666666667
52,3983.3333333333335
41,3983.3333333333335
31,3983.3333333333335
25,3983.3333333333335
21,3983.3333333333335
20,3983.3333333333335
16,3983.3333333333335
52,4000.0
41,4000.0
31,4000.0
25,4000.0
21,4000.0
20,4000.0
16,4000.0
52,4016.6666666666665
41,4016.6666666666665
31,4016.6666666666665
25,4016.6666666666665
21,4016.6666666666665
20,4016.6666666666665
16,4016.6666666666665
52,4033.333333333333
41,4033.333333333333
31,4033.333333333333
25,4033.333333333333
21,4033.333333333333
20,4033.333333333333
16,4033.333333333333
52,4050.0
41,4050.0
31,4050.0
25,4050.0
21,4050.0
20,4050.0
16,4050.0
52,4066.6666666666665
41,4066.6666666666665
31,4066.6666666666665
25,4066.6666666666665
21,4066.6666666666665
20,4066.6666666666665
16,4066.6666666666665
41,4083.333333333333
31,4083.333333333333
25,4083.333333333333
21,4083.333333333333
20,4083.333333333333
16,4083.333333333333
41,4100.0
31,4100.0
25,4100.0
21,4100.0
20,4100.0
16,4100.0
41,4116.666666666666
31,4116.666666666666
25,4116.666666666666
21,4116.666666666666
20,4116.666666666666
16,4116.666666666666
41,4133.333333333333
31,4133.333333333333
25,4133.333333333333
21,4133.333333333333
20,4133.333333333333
16,4133.333333333333
41,4150.0
31,4150.0
25,4150.0
21,4150.0
20,4150.0
16,4150.0
52,4166.666666666667
41,4166.666666666667
31,4166.666666666667
25,4166.666666666667
21,4166.666666666667
20,4166.666666666667
16,4166.666666666667
52,4183.333333333334
41,4183.333333333334
31,4183.333333333334
25,4183.333333333334
21,4183.333333333334
20,4183.333333333334
16,4183.333333333334
52,4200.0
41,4200.0
31,4200.0
25,4200.0
21,4200.0
20,4200.0
16,4200.0
52,4216.666666666667
41,4216.666666666667
31,4216.666666666667
25,4216.666666666667
21,4216.666666666667
20,4216.666666666667
16,4216.666666666667
52,4233.333333333333
41,4233.333333333333
31,4233.333333333333
25,4233.333333333333
21,4233.333333333333
20,4233.333333333333
16,4233.333333333333
52,4250.0
41,4250.0
31,4250.0
25,4250.0
21,4250.0
20,4250.0
16,4250.0
52,4266.666666666667
41,4266.666666666667
31,4266.666666666667
25,4266.666666666667
21,4266.666666666667
20,4266.666666666667
52,4283.333333333333
41,4283.333333333333
31,4283.333333333333
25,4283.333333333333
21,4283.333333333333
20,4283.333333333333
52,4300.0
41,4300.0
31,4300.0
25,4300.0
21,4300.0
20,4300.0
52,4316.666666666666
41,4316.666666666666
31,4316.666666666666
25,4316.666666666666
21,4316.666666666666
20,4316.666666666666
52,4333.333333333333
41,4333.333333333333
31,4333.333333333333
25,4333.333333333333
21,4333.333333333333
20,4333.333333333333
52,4350.0
41,4350.0
31,4350.0
25,4350.0
21,4350.0
20,4350.0
52,4366.666666666666
41,4366.666666666666
31,4366.666666666666
25,4366.666666666666
21,4366.666666666666
20,4366.666666666666
55,4383.333333333333
52,4383.333333333333
41,4383.333333333333
31,4383.333333333333
25,4383.333333333333
21,4383.333333333333
20,4383.333333333333
55,4400.0
52,4400.0
41,4400.0
31,4400.0
25,4400.0
21,4400.0
20,4400.0
55,4416.666666666667
52,4416.666666666667
41,4416.666666666667
31,4416.666666666667
25,4416.666666666667
21,4416.666666666667
20,4416.666666666667
55,4433.333333333334
52,4433.333333333334
41,4433.333333333334
31,4433.333333333334
25,4433.333333333334
21,4433.333333333334
20,4433.333333333334
55,4450.0
52,4450.0
41,4450.0
31,4450.0
25,4450.0
21,4450.0
20,4450.0
55,4466.666666666667
52,4466.666666666667
41,4466.666666666667
31,4466.666666666667
25,4466.666666666667
21,4466.666666666667
20,4466.666666666667
55,4483.333333333333
52,4483.333333333333
41,4483.333333333333
31,4483.333333333333
25,4483.333333333333
21,4483.333333333333
20,4483.333333333333
52,4500.0
41,4500.0
31,4500.0
25,4500.0
21,4500.0
20,4500.0
52,4516.666666666667
41,4516.666666666667
31,4516.666666666667
25,4516.666666666667
21,4516.666666666667
20,4516.666666666667
52,4533.333333333333
41,4533.333333333333
31,4533.333333333333
25,4533.333333333333
21,4533.333333333333
20,4533.333333333333
52,4550.0
41,4550.0
31,4550.0
25,4550.0
21,4550.0
20,4550.0
55,4566.666666666666
52,4566.666666666666
41,4566.666666666666
31,4566.666666666666
25,4566.666666666666
21,4566.666666666666
20,4566.666666666666
52,4583.333333333333
41,4583.333333333333
31,4583.333333333333
25,4583.333333333333
21,4583.333333333333
20,4583.333333333333
52,4600.0
41,4600.0
31,4600.0
25,4600.0
21,4600.0
20,4600.0
52,4616.666666666666
41,4616.666666666666
31,4616.666666666666
25,4616.666666666666
21,4616.666666666666
20,4616.666666666666
52,4633.333333333333
41,4633.333333333333
31,4633.333333333333
25,4633.333333333333
21,4633.333333333333
20,4633.333333333333
52,4650.0
41,4650.0
31,4650.0
25,4650.0
21,4650.0
20,4650.0
52,4666.666666666667
41,4666.666666666667
31,4666.666666666667
25,4666.666666666667
21,4666.666666666667
20,4666.666666666667
52,4683.333333333334
41,4683.333333333334
31,4683.333333333334
25,4683.333333333334
21,4683.333333333334
20,4683.333333333334
52,4700.0
41,4700.0
31,4700.0
25,4700.0
21,4700.0
20,4700.0
52,4716.666666666667
41,4716.666666666667
31,4716.666666666667
25,4716.666666666667
21,4716.666666666667
20,4716.666666666667
56,4733.333333333333
52,4733.333333333333
41,4733.333333333333
31,4733.333333333333
25,4733.333333333333
21,4733.333333333333
20,4733.333333333333
56,4750.0
52,4750.0
41,4750.0
31,4750.0
25,4750.0
21,4750.0
20,4750.0
52,4766.666666666667
41,4766.666666666667
31,4766.666666666667
25,4766.666666666667
21,4766.666666666667
20,4766.666666666667
52,4783.333333333333
41,4783.333333333333
31,4783.333333333333
25,4783.333333333333
21,4783.333333333333
20,4783.333333333333
52,4800.0
41,4800.0
31,4800.0
25,4800.0
21,4800.0
20,4800.0
56,4816.666666666666
52,4816.666666666666
41,4816.666666666666
31,4816.666666666666
25,4816.666666666666
21,4816.666666666666
20,4816.666666666666
56,4833.333333333333
52,4833.333333333333
41,4833.333333333333
31,4833.333333333333
25,4833.333333333333
21,4833.333333333333
20,4833.333333333333
56,4850.0
52,4850.0
41,4850.0
31,4850.0
25,4850.0
21,4850.0
20,4850.0
56,4866.666666666666
52,4866.666666666666
41,4866.666666666666
31,4866.666666666666
25,4866.666666666666
21,4866.666666666666
20,4866.666666666666
56,4883.333333333333
52,4883.333333333333
41,4883.333333333333
31,4883.333333333333
25,4883.333333333333
21,4883.333333333333
20,4883.333333333333
52,4900.0
41,4900.0
31,4900.0
25,4900.0
21,4900.0
20,4900.0
58,4916.666666666667
52,4916.666666666667
41,4916.666666666667
31,4916.666666666667
25,4916.666666666667
21,4916.666666666667
20,4916.666666666667
58,4933.333333333334
52,4933.333333333334
41,4933.333333333334
31,4933.333333333334
25,4933.333333333334
21,4933.333333333334
20,4933.333333333334
56,4950.0
52,4950.0
41,4950.0
31,4950.0
25,4950.0
21,4950.0
20,4950.0
56,4966.666666666667
52,4966.666666666667
41,4966.666666666667
31,4966.666666666667
25,4966.666666666667
21,4966.666666666667
20,4966.666666666667
56,4983.333333333333
52,4983.333333333333
41,4983.333333333333
31,4983.333333333333
25,4983.333333333333
21,4983.333333333333
20,4983.333333333333
56,5000.0
52,5000.0
41,5000.0
31,5000.0
25,5000.0
21,5000.0
20,5000.0
56,5016.666666666667
52,5016.666666666667
41,5016.666666666667
31,5016.666666666667
25,5016.666666666667
21,5016.666666666667
20,5016.666666666667
56,5033.333333333333
52,5033.333333333333
41,5033.333333333333
31,5033.333333333333
25,5033.333333333333
21,5033.333333333333
20,5033.333333333333
56,5050.0
52,5050.0
41,5050.0
31,5050.0
25,5050.0
21,5050.0
20,5050.0
52,5066.666666666666
41,5066.666666666666
31,5066.666666666666
25,5066.666666666666
21,5066.666666666666
20,5066.666666666666
52,5083.333333333333
41,5083.333333333333
31,5083.333333333333
25,5083.333333333333
21,5083.333333333333
20,5083.333333333333
52,5100.0
41,5100.0
31,5100.0
25,5100.0
21,5100.0
20,5100.0
52,5116.666666666666
41,5116.666666666666
31,5116.666666666666
25,5116.666666666666
21,5116.666666666666
20,5116.666666666666
52,5133.333333333333
41,5133.333333333333
31,5133.333333333333
25,5133.333333333333
21,5133.333333333333
20,5133.333333333333
52,5150.0
41,5150.0
31,5150.0
25,5150.0
21,5150.0
20,5150.0
52,5166.666666666667
41,5166.666666666667
31,5166.666666666667
25,5166.666666666667
21,5166.666666666667
20,5166.666666666667
52,5183.333333333334
41,5183.333333333334
31,5183.333333333334
25,5183.333333333334
21,5183.333333333334
20,5183.333333333334
52,5200.0
41,5200.0
31,5200.0
25,5200.0
21,5200.0
20,5200.0
52,5216.666666666667
41,5216.666666666667
31,5216.666666666667
25,5216.666666666667
21,5216.666666666667
20,5216.666666666667
52,5233.333333333333
41,5233.333333333333
31,5233.333333333333
25,5233.333333333333
21,5233.333333333333
20,5233.333333333333
52,5250.0
41,5250.0
31,5250.0
25,5250.0
21,5250.0
20,5250.0
52,5266.666666666667
41,5266.666666666667
31,5266.666666666667
25,5266.666666666667
21,5266.666666666667
20,5266.666666666667
52,5283.333333333333
41,5283.333333333333
31,5283.333333333333
25,5283.333333333333
21,5283.333333333333
20,5283.333333333333
52,5300.0
41,5300.0
31,5300.0
25,5300.0
21,5300.0
20,5300.0
52,5316.666666666666
41,5316.666666666666
31,5316.666666666666
25,5316.666666666666
21,5316.666666666666
20,5316.666666666666
52,5333.333333333333
41,5333.333333333333
31,5333.333333333333
25,5333.333333333333
21,5333.333333333333
20,5333.333333333333
52,5350.0
41,5350.0
31,5350.0
25,5350.0
21,5350.0
20,5350.0
52,5366.666666666666
41,5366.666666666666
31,5366.666666666666
25,5366.666666666666
21,5366.666666666666
20,5366.666666666666
52,5383.333333333333
41,5383.333333333333
31,5383.333333333333
25,5383.333333333333
21,5383.333333333333
20,5383.333333333333
52,5400.0
41,5400.0
31,5400.0
25,5400.0
21,5400.0
20,5400.0
52,5416.666666666667
41,5416.666666666667
31,5416.666666666667
25,5416.666666666667
21,5416.666666666667
20,5416.666666666667
52,5433.333333333334
41,5433.333333333334
31,5433.333333333334
25,5433.333333333334
21,5433.333333333334
20,5433.333333333334
52,5450.0
41,5450.0
31,5450.0
25,5450.0
21,5450.0
20,5450.0
52,5466.666666666667
41,5466.666666666667
31,5466.666666666667
25,5466.666666666667
21,5466.666666666667
20,5466.666666666667
52,5483.333333333333
41,5483.333333333333
31,5483.333333333333
25,5483.333333333333
21,5483.333333333333
20,5483.333333333333
52,5500.0
41,5500.0
31,5500.0
25,5500.0
21,5500.0
20,5500.0
52,5516.666666666667
41,5516.666666666667
31,5516.666666666667
25,5516.666666666667
21,5516.666666666667
20,5516.666666666667
52,5533.333333333333
41,5533.333333333333
31,5533.333333333333
25,5533.333333333333
21,5533.333333333333
20,5533.333333333333
52,5550.0
41,5550.0
31,5550.0
25,5550.0
21,5550.0
20,5550.0
52,5566.666666666666
41,5566.666666666666
31,5566.666666666666
25,5566.666666666666
21,5566.666666666666
20,5566.666666666666
52,5583.333333333333
41,5583.333333333333
31,5583.333333333333
25,5583.333333333333
21,5583.333333333333
20,5583.333333333333
52,5600.0
41,5600.0
31,5600.0
25,5600.0
21,5600.0
20,5600.0
52,5616.666666666666
41,5616.666666666666
31,5616.666666666666
25,5616.666666666666
21,5616.666666666666
20,5616.666666666666
52,5633.333333333333
41,5633.333333333333
31,5633.333333333333
25,5633.333333333333
21,5633.333333333333
20,5633.333333333333
52,5650.0
41,5650.0
31,5650.0
25,5650.0
21,5650.0
52,5666.666666666667
41,5666.666666666667
31,5666.666666666667
25,5666.666666666667
21,5666.666666666667
52,5683.333333333334
41,5683.333333333334
31,5683.333333333334
25,5683.333333333334
21,5683.333333333334
61,5700.0
52,5700.0
41,5700.0
31,5700.0
25,5700.0
21,5700.0
61,5716.666666666667
52,5716.666666666667
41,5716.666666666667
31,5716.666666666667
25,5716.666666666667
21,5716.666666666667
61,5733.333333333333
52,5733.333333333333
41,5733.333333333333
31,5733.333333333333
25,5733.333333333333
21,5733.333333333333
61,5750.0
52,5750.0
41,5750.0
31,5750.0
25,5750.0
21,5750.0
61,5766.666666666667
52,5766.666666666667
41,5766.666666666667
31,5766.666666666667
25,5766.666666666667
21,5766.666666666667
61,5783.333333333333
52,5783.333333333333
41,5783.333333333333
31,5783.333333333333
25,5783.333333333333
21,5783.333333333333
61,5800.0
52,5800.0
41,5800.0
31,5800.0
25,5800.0
21,5800.0
61,5816.666666666666
52,5816.666666666666
41,5816.666666666666
31,5816.666666666666
25,5816.666666666666
21,5816.666666666666
61,5833.333333333333
52,5833.333333333333
41,5833.333333333333
31,5833.333333333333
25,5833.333333333333
21,5833.333333333333
61,5850.0
52,5850.0
41,5850.0
31,5850.0
25,5850.0
21,5850.0
61,5866.666666666666
52,5866.666666666666
41,5866.666666666666
31,5866.666666666666
25,5866.666666666666
21,5866.666666666666
61,5883.333333333333
52,5883.333333333333
41,5883.333333333333
31,5883.333333333333
25,5883.333333333333
21,5883.333333333333
63,5900.0
61,5900.0
52,5900.0
41,5900.0
31,5900.0
25,5900.0
21,5900.0
63,5916.666666666667
61,5916.666666666667
52,5916.666666666667
41,5916.666666666667
31,5916.666666666667
25,5916.666666666667
21,5916.666666666667
61,5933.333333333334
52,5933.333333333334
41,5933.333333333334
31,5933.333333333334
25,5933.333333333334
21,5933.333333333334
61,5950.0
52,5950.0
41,5950.0
31,5950.0
25,5950.0
21,5950.0
61,5966.666666666667
52,5966.666666666667
41,5966.666666666667
31,5966.666666666667
25,5966.666666666667
21,5966.666666666667
61,5983.333333333333
52,5983.333333333333
41,5983.333333333333
31,5983.333333333333
25,5983.333333333333
21,5983.333333333333
61,6000.0
52,6000.0
41,6000.0
31,6000.0
25,6000.0
21,6000.0
61,6016.666666666667
52,6016.666666666667
41,6016.666666666667
31,6016.666666666667
25,6016.666666666667
21,6016.666666666667
62,6033.333333333333
61,6033.333333333333
52,6033.333333333333
41,6033.333333333333
31,6033.333333333333
25,6033.333333333333
21,6033.333333333333
62,6050.0
61,6050.0
52,6050.0
41,6050.0
31,6050.0
21,6050.0
61,6066.666666666666
52,6066.666666666666
41,6066.666666666666
31,6066.666666666666
21,6066.666666666666
61,6083.333333333333
52,6083.333333333333
41,6083.333333333333
31,6083.333333333333
21,6083.333333333333
61,6100.0
52,6100.0
41,6100.0
31,6100.0
21,6100.0
61,6116.666666666666
52,6116.666666666666
41,6116.666666666666
31,6116.666666666666
21,6116.666666666666
61,6133.333333333333
52,6133.333333333333
41,6133.333333333333
31,6133.333333333333
21,6133.333333333333
61,6150.0
41,6150.0
31,6150.0
21,6150.0
61,6166.666666666667
41,6166.666666666667
31,6166.666666666667
21,6166.666666666667
61,6183.333333333334
41,6183.333333333334
31,6183.333333333334
21,6183.333333333334
61,6200.0
52,6200.0
41,6200.0
31,6200.0
21,6200.0
62,6216.666666666667
61,6216.666666666667
52,6216.666666666667
41,6216.666666666667
31,6216.666666666667
21,6216.666666666667
61,6233.333333333333
52,6233.333333333333
41,6233.333333333333
31,6233.333333333333
21,6233.333333333333
61,6250.0
52,6250.0
41,6250.0
31,6250.0
21,6250.0
61,6266.666666666667
52,6266.666666666667
41,6266.666666666667
31,6266.666666666667
21,6266.666666666667
61,6283.333333333333
52,6283.333333333333
41,6283.333333333333
31,6283.333333333333
21,6283.333333333333
61,6300.0
52,6300.0
41,6300.0
31,6300.0
21,6300.0
61,6316.666666666666
52,6316.666666666666
41,6316.666666666666
31,6316.666666666666
21,6316.666666666666
61,6333.333333333333
52,6333.333333333333
41,6333.333333333333
31,6333.333333333333
21,6333.333333333333
61,6350.0
52,6350.0
41,6350.0
31,6350.0
21,6350.0
61,6366.666666666666
52,6366.666666666666
41,6366.666666666666
31,6366.666666666666
21,6366.666666666666
66,6383.333333333333
61,6383.333333333333
52,6383.333333333333
41,6383.333333333333
31,6383.333333333333
21,6383.333333333333
66,6400.0
61,6400.0
52,6400.0
41,6400.0
31,6400.0
21,6400.0
66,6416.666666666667
61,6416.666666666667
52,6416.666666666667
41,6416.666666666667
31,6416.666666666667
21,6416.666666666667
66,6433.333333333334
61,6433.333333333334
52,6433.333333333334
41,6433.333333333334
31,6433.333333333334
21,6433.333333333334
66,6450.0
61,6450.0
52,6450.0
41,6450.0
31,6450.0
21,6450.0
66,6466.666666666667
61,6466.666666666667
52,6466.666666666667
41,6466.666666666667
31,6466.666666666667
21,6466.666666666667
66,6483.333333333333
61,6483.333333333333
52,6483.333333333333
41,6483.333333333333
31,6483.333333333333
21,6483.333333333333
66,6500.0
61,6500.0
52,6500.0
41,6500.0
31,6500.0
21,6500.0
66,6516.666666666667
61,6516.666666666667
52,6516.666666666667
41,6516.666666666667
31,6516.666666666667
21,6516.666666666667
66,6533.333333333333
61,6533.333333333333
52,6533.333333333333
41,6533.333333333333
31,6533.333333333333
21,6533.333333333333
66,6550.0
61,6550.0
52,6550.0
41,6550.0
31,6550.0
21,6550.0
66,6566.666666666666
61,6566.666666666666
52,6566.666666666666
41,6566.666666666666
31,6566.666666666666
21,6566.666666666666
66,6583.333333333333
61,6583.333333333333
52,6583.333333333333
41,6583.333333333333
31,6583.333333333333
21,6583.333333333333
66,6600.0
61,6600.0
52,6600.0
41,6600.0
31,6600.0
21,6600.0
66,6616.666666666666
61,6616.666666666666
52,6616.666666666666
41,6616.666666666666
31,6616.666666666666
21,6616.666666666666
61,6633.333333333333
52,6633.333333333333
41,6633.333333333333
31,6633.333333333333
21,6633.333333333333
61,6649.999999999999
52,6649.999999999999
41,6649.999999999999
31,6649.999999999999
21,6649.999999999999
61,6666.666666666667
52,6666.666666666667
41,6666.666666666667
31,6666.666666666667
21,6666.666666666667
66,6683.333333333334
61,6683.333333333334
52,6683.333333333334
41,6683.333333333334
31,6683.333333333334
21,6683.333333333334
66,6700.0
61,6700.0
52,6700.0
41,6700.0
31,6700.0
21,6700.0
66,6716.666666666667
61,6716.666666666667
52,6716.666666666667
41,6716.666666666667
31,6716.666666666667
21,6716.666666666667
66,6733.333333333333
61,6733.333333333333
52,6733.333333333333
41,6733.333333333333
31,6733.333333333333
21,6733.333333333333
66,6750.0
61,6750.0
52,6750.0
41,6750.0
31,6750.0
21,6750.0
66,6766.666666666667
61,6766.666666666667
52,6766.666666666667
41,6766.666666666667
31,6766.666666666667
21,6766.666666666667
66,6783.333333333333
61,6783.333333333333
52,6783.333333333333
41,6783.333333333333
31,6783.333333333333
21,6783.333333333333
66,6800.0
61,6800.0
52,6800.0
41,6800.0
31,6800.0
21,6800.0
66,6816.666666666666
61,6816.666666666666
52,6816.666666666666
41,6816.666666666666
31,6816.666666666666
21,6816.666666666666
66,6833.333333333333
61,6833.333333333333
52,6833.333333333333
41,6833.333333333333
31,6833.333333333333
21,6833.333333333333
66,6850.0
65,6850.0
61,6850.0
52,6850.0
41,6850.0
31,6850.0
21,6850.0
66,6866.666666666666
65,6866.666666666666
61,6866.666666666666
52,6866.666666666666
41,6866.666666666666
31,6866.666666666666
21,6866.666666666666
66,6883.333333333333
65,6883.333333333333
61,6883.333333333333
52,6883.333333333333
41,6883.333333333333
31,6883.333333333333
21,6883.333333333333
66,6899.999999999999
65,6899.999999999999
61,6899.999999999999
52,6899.999999999999
41,6899.999999999999
31,6899.999999999999
21,6899.999999999999
66,6916.666666666667
65,6916.666666666667
61,6916.666666666667
52,6916.666666666667
41,6916.666666666667
31,6916.666666666667
21,6916.666666666667
66,6933.333333333334
65,6933.333333333334
61,6933.333333333334
52,6933.333333333334
41,6933.333333333334
31,6933.333333333334
21,6933.333333333334
66,6950.0
65,6950.0
61,6950.0
52,6950.0
41,6950.0
31,6950.0
21,6950.0
66,6966.666666666667
65,6966.666666666667
61,6966.666666666667
52,6966.666666666667
41,6966.666666666667
31,6966.666666666667
21,6966.666666666667
66,6983.333333333333
65,6983.333333333333
61,6983.333333333333
52,6983.333333333333
41,6983.333333333333
31,6983.333333333333
21,6983.333333333333
66,7000.0
65,7000.0
61,7000.0
52,7000.0
41,7000.0
31,7000.0
21,7000.0
66,7016.666666666667
65,7016.666666666667
61,7016.666666666667
52,7016.666666666667
41,7016.666666666667
31,7016.666666666667
21,7016.666666666667
66,7033.333333333333
65,7033.333333333333
61,7033.333333333333
52,7033.333333333333
41,7033.333333333333
31,7033.333333333333
21,7033.333333333333
66,7050.0
65,7050.0
61,7050.0
52,7050.0
41,7050.0
31,7050.0
21,7050.0
66,7066.666666666666
61,7066.666666666666
52,7066.666666666666
41,7066.666666666666
31,7066.666666666666
21,7066.666666666666
66,7083.333333333333
61,7083.333333333333
52,7083.333333333333
41,7083.333333333333
31,7083.333333333333
21,7083.333333333333
66,7100.0
61,7100.0
52,7100.0
41,7100.0
31,7100.0
21,7100.0
66,7116.666666666666
65,7116.666666666666
61,7116.666666666666
52,7116.666666666666
41,7116.666666666666
31,7116.666666666666
21,7116.666666666666
66,7133.333333333333
65,7133.333333333333
61,7133.333333333333
52,7133.333333333333
41,7133.333333333333
31,7133.333333333333
21,7133.333333333333
66,7149.999999999999
65,7149.999999999999
61,7149.999999999999
52,7149.999999999999
41,7149.999999999999
31,7149.999999999999
21,7149.999999999999
66,7166.666666666667
65,7166.666666666667
61,7166.666666666667
52,7166.666666666667
41,7166.666666666667
31,7166.666666666667
21,7166.666666666667
66,7183.333333333334
65,7183.333333333334
61,7183.333333333334
52,7183.333333333334
41,7183.333333333334
31,7183.333333333334
21,7183.333333333334
70,7200.0
66,7200.0
65,7200.0
61,7200.0
52,7200.0
41,7200.0
31,7200.0
21,7200.0
70,7216.666666666667
66,7216.666666666667
65,7216.666666666667
61,7216.666666666667
52,7216.666666666667
41,7216.666666666667
31,7216.666666666667
21,7216.666666666667
66,7233.333333333333
65,7233.333333333333
61,7233.333333333333
52,7233.333333333333
41,7233.333333333333
31,7233.333333333333
21,7233.333333333333
66,7250.0
65,7250.0
61,7250.0
52,7250.0
41,7250.0
31,7250.0
21,7250.0
66,7266.666666666667
65,7266.666666666667
61,7266.666666666667
52,7266.666666666667
41,7266.666666666667
31,7266.666666666667
21,7266.666666666667
66,7283.333333333333
65,7283.333333333333
61,7283.333333333333
52,7283.333333333333
41,7283.333333333333
31,7283.333333333333
21,7283.333333333333
66,7300.0
65,7300.0
61,7300.0
52,7300.0
41,7300.0
31,7300.0
21,7300.0
66,7316.666666666666
65,7316.666666666666
61,7316.666666666666
52,7316.666666666666
41,7316.666666666666
31,7316.666666666666
21,7316.666666666666
66,7333.333333333333
65,7333.333333333333
61,7333.333333333333
52,7333.333333333333
41,7333.333333333333
31,7333.333333333333
21,7333.333333333333
66,7350.0
65,7350.0
61,7350.0
52,7350.0
41,7350.0
31,7350.0
21,7350.0
66,7366.666666666666
65,7366.666666666666
61,7366.666666666666
52,7366.666666666666
41,7366.666666666666
31,7366.666666666666
21,7366.666666666666
66,7383.333333333333
61,7383.333333333333
52,7383.333333333333
41,7383.333333333333
31,7383.333333333333
21,7383.333333333333
66,7399.999999999999
61,7399.999999999999
52,7399.999999999999
41,7399.999999999999
31,7399.999999999999
21,7399.999999999999
69,7416.666666666667
66,7416.666666666667
61,7416.666666666667
52,7416.666666666667
41,7416.666666666667
31,7416.666666666667
21,7416.666666666667
69,7433.333333333334
66,7433.333333333334
61,7433.333333333334
52,7433.333333333334
41,7433.333333333334
31,7433.333333333334
21,7433.333333333334
69,7450.0
66,7450.0
61,7450.0
52,7450.0
41,7450.0
31,7450.0
21,7450.0
69,7466.666666666667
66,7466.666666666667
61,7466.666666666667
52,7466.666666666667
41,7466.666666666667
31,7466.666666666667
21,7466.666666666667
69,7483.333333333333
66,7483.333333333333
61,7483.333333333333
52,7483.333333333333
41,7483.333333333333
31,7483.333333333333
21,7483.333333333333
69,7500.0
66,7500.0
52,7500.0
41,7500.0
31,7500.0
21,7500.0
69,7516.666666666667
66,7516.666666666667
65,7516.666666666667
52,7516.666666666667
41,7516.666666666667
31,7516.666666666667
21,7516.666666666667
69,7533.333333333333
66,7533.333333333333
65,7533.333333333333
52,7533.333333333333
41,7533.333333333333
31,7533.333333333333
21,7533.333333333333
69,7550.0
66,7550.0
52,7550.0
41,7550.0
31,7550.0
21,7550.0
69,7566.666666666666
66,7566.666666666666
61,7566.666666666666
52,7566.666666666666
41,7566.666666666666
31,7566.666666666666
21,7566.666666666666
69,7583.333333333333
66,7583.333333333333
61,7583.333333333333
52,7583.333333333333
41,7583.333333333333
31,7583.333333333333
21,7583.333333333333
69,7600.0
66,7600.0
52,7600.0
41,7600.0
31,7600.0
21,7600.0
69,7616.666666666666
66,7616.666666666666
52,7616.666666666666
41,7616.666666666666
31,7616.666666666666
21,7616.666666666666
69,7633.333333333333
66,7633.333333333333
52,7633.333333333333
41,7633.333333333333
31,7633.333333333333
21,7633.333333333333
69,7649.999999999999
66,7649.999999999999
52,7649.999999999999
41,7649.999999999999
31,7649.999999999999
21,7649.999999999999
69,7666.666666666667
66,7666.666666666667
52,7666.666666666667
41,7666.666666666667
31,7666.666666666667
21,7666.666666666667
69,7683.333333333334
66,7683.333333333334
52,7683.333333333334
41,7683.333333333334
31,7683.333333333334
21,7683.333333333334
69,7700.0
66,7700.0
52,7700.0
41,7700.0
31,7700.0
21,7700.0
69,7716.666666666667
66,7716.666666666667
52,7716.666666666667
41,7716.666666666667
31,7716.666666666667
21,7716.666666666667
69,7733.333333333333
66,7733.333333333333
65,7733.333333333333
61,7733.333333333333
52,7733.333333333333
41,7733.333333333333
31,7733.333333333333
21,7733.333333333333
69,7750.0
66,7750.0
61,7750.0
52,7750.0
41,7750.0
31,7750.0
21,7750.0
69,7766.666666666667
66,7766.666666666667
52,7766.666666666667
41,7766.666666666667
31,7766.666666666667
21,7766.666666666667
69,7783.333333333333
66,7783.333333333333
52,7783.333333333333
41,7783.333333333333
31,7783.333333333333
21,7783.333333333333
69,7800.0
66,7800.0
52,7800.0
41,7800.0
31,7800.0
21,7800.0
69,7816.666666666666
66,7816.666666666666
52,7816.666666666666
41,7816.666666666666
31,7816.666666666666
21,7816.666666666666
69,7833.333333333333
66,7833.333333333333
65,7833.333333333333
52,7833.333333333333
41,7833.333333333333
31,7833.333333333333
21,7833.333333333333
69,7850.0
66,7850.0
65,7850.0
52,7850.0
41,7850.0
31,7850.0
21,7850.0
69,7866.666666666666
66,7866.666666666666
52,7866.666666666666
41,7866.666666666666
31,7866.666666666666
21,7866.666666666666
69,7883.333333333333
66,7883.333333333333
61,7883.333333333333
52,7883.333333333333
41,7883.333333333333
31,7883.333333333333
21,7883.333333333333
69,7899.999999999999
66,7899.999999999999
61,7899.999999999999
52,7899.999999999999
41,7899.999999999999
31,7899.999999999999
21,7899.999999999999
69,7916.666666666667
66,7916.666666666667
61,7916.666666666667
52,7916.666666666667
41,7916.666666666667
31,7916.666666666667
21,7916.666666666667
69,7933.333333333334
66,7933.333333333334
61,7933.333333333334
52,7933.333333333334
41,7933.333333333334
31,7933.333333333334
21,7933.333333333334
69,7950.0
66,7950.0
61,7950.0
52,7950.0
41,7950.0
31,7950.0
21,7950.0
69,7966.666666666667
66,7966.666666666667
65,7966.666666666667
61,7966.666666666667
52,7966.666666666667
41,7966.666666666667
31,7966.666666666667
21,7966.666666666667
69,7983.333333333333
66,7983.333333333333
65,7983.333333333333
61,7983.333333333333
52,7983.333333333333
41,7983.333333333333
31,7983.333333333333
21,7983.333333333333
69,8000.0
66,8000.0
65,8000.0
61,8000.0
52,8000.0
41,8000.0
31,8000.0
21,8000.0
69,8016.666666666666
66,8016.666666666666
65,8016.666666666666
61,8016.666666666666
52,8016.666666666666
41,8016.666666666666
31,8016.666666666666
21,8016.666666666666
69,8033.333333333333
66,8033.333333333333
65,8033.333333333333
52,8033.333333333333
41,8033.333333333333
31,8033.333333333333
21,8033.333333333333
69,8050.000000000001
66,8050.000000000001
65,8050.000000000001
52,8050.000000000001
41,8050.000000000001
31,8050.000000000001
21,8050.000000000001
69,8066.666666666666
66,8066.666666666666
65,8066.666666666666
52,8066.666666666666
41,8066.666666666666
31,8066.666666666666
21,8066.666666666666
69,8083.333333333334
66,8083.333333333334
65,8083.333333333334
52,8083.333333333334
41,8083.333333333334
31,8083.333333333334
21,8083.333333333334
69,8100.0
66,8100.0
65,8100.0
52,8100.0
41,8100.0
31,8100.0
21,8100.0
69,8116.666666666667
66,8116.666666666667
65,8116.666666666667
52,8116.666666666667
41,8116.666666666667
31,8116.666666666667
21,8116.666666666667
69,8133.333333333333
66,8133.333333333333
65,8133.333333333333
52,8133.333333333333
41,8133.333333333333
31,8133.333333333333
21,8133.333333333333
69,8150.0
66,8150.0
65,8150.0
52,8150.0
41,8150.0
31,8150.0
21,8150.0
69,8166.666666666666
66,8166.666666666666
65,8166.666666666666
52,8166.666666666666
41,8166.666666666666
31,8166.666666666666
21,8166.666666666666
69,8183.333333333334
66,8183.333333333334
65,8183.333333333334
52,8183.333333333334
41,8183.333333333334
31,8183.333333333334
21,8183.333333333334
69,8200.0
66,8200.0
65,8200.0
52,8200.0
41,8200.0
31,8200.0
21,8200.0
69,8216.666666666666
66,8216.666666666666
65,8216.666666666666
52,8216.666666666666
41,8216.666666666666
31,8216.666666666666
21,8216.666666666666
69,8233.333333333332
66,8233.333333333332
65,8233.333333333332
52,8233.333333333332
41,8233.333333333332
31,8233.333333333332
21,8233.333333333332
69,8250.0
66,8250.0
65,8250.0
52,8250.0
41,8250.0
31,8250.0
21,8250.0
69,8266.666666666666
66,8266.666666666666
65,8266.666666666666
52,8266.666666666666
41,8266.666666666666
31,8266.666666666666
21,8266.666666666666
69,8283.333333333334
66,8283.333333333334
65,8283.333333333334
52,8283.333333333334
41,8283.333333333334
31,8283.333333333334
21,8283.333333333334
69,8300.0
66,8300.0
65,8300.0
52,8300.0
41,8300.0
31,8300.0
21,8300.0
69,8316.666666666666
66,8316.666666666666
65,8316.666666666666
52,8316.666666666666
41,8316.666666666666
31,8316.666666666666
21,8316.666666666666
69,8333.333333333334
66,8333.333333333334
65,8333.333333333334
52,8333.333333333334
41,8333.333333333334
31,8333.333333333334
21,8333.333333333334
69,8350.0
66,8350.0
65,8350.0
52,8350.0
41,8350.0
31,8350.0
21,8350.0
69,8366.666666666668
66,8366.666666666668
65,8366.666666666668
52,8366.666666666668
41,8366.666666666668
31,8366.666666666668
21,8366.666666666668
69,8383.333333333332
66,8383.333333333332
65,8383.333333333332
52,8383.333333333332
41,8383.333333333332
31,8383.333333333332
21,8383.333333333332
69,8400.0
66,8400.0
65,8400.0
52,8400.0
41,8400.0
31,8400.0
21,8400.0
69,8416.666666666666
66,8416.666666666666
65,8416.666666666666
52,8416.666666666666
41,8416.666666666666
31,8416.666666666666
21,8416.666666666666
69,8433.333333333334
66,8433.333333333334
65,8433.333333333334
52,8433.333333333334
41,8433.333333333334
31,8433.333333333334
21,8433.333333333334
69,8450.0
66,8450.0
65,8450.0
52,8450.0
41,8450.0
31,8450.0
21,8450.0
69,8466.666666666666
66,8466.666666666666
65,8466.666666666666
52,8466.666666666666
41,8466.666666666666
31,8466.666666666666
21,8466.666666666666
69,8483.333333333332
66,8483.333333333332
65,8483.333333333332
52,8483.333333333332
41,8483.333333333332
31,8483.333333333332
21,8483.333333333332
69,8500.0
66,8500.0
65,8500.0
52,8500.0
41,8500.0
31,8500.0
21,8500.0
69,8516.666666666666
66,8516.666666666666
65,8516.666666666666
52,8516.666666666666
41,8516.666666666666
31,8516.666666666666
21,8516.666666666666
69,8533.333333333334
66,8533.333333333334
65,8533.333333333334
52,8533.333333333334
41,8533.333333333334
31,8533.333333333334
21,8533.333333333334
69,8550.0
66,8550.0
65,8550.0
52,8550.0
41,8550.0
31,8550.0
21,8550.0
69,8566.666666666666
66,8566.666666666666
65,8566.666666666666
52,8566.666666666666
41,8566.666666666666
31,8566.666666666666
21,8566.666666666666
69,8583.333333333334
66,8583.333333333334
65,8583.333333333334
52,8583.333333333334
41,8583.333333333334
31,8583.333333333334
21,8583.333333333334
69,8600.0
66,8600.0
65,8600.0
52,8600.0
41,8600.0
31,8600.0
21,8600.0
75,8616.666666666668
69,8616.666666666668
66,8616.666666666668
65,8616.666666666668
52,8616.666666666668
41,8616.666666666668
31,8616.666666666668
21,8616.666666666668
75,8633.333333333332
69,8633.333333333332
66,8633.333333333332
65,8633.333333333332
52,8633.333333333332
41,8633.333333333332
31,8633.333333333332
21,8633.333333333332
75,8650.0
69,8650.0
66,8650.0
65,8650.0
52,8650.0
41,8650.0
31,8650.0
21,8650.0
75,8666.666666666666
69,8666.666666666666
66,8666.666666666666
65,8666.666666666666
52,8666.666666666666
41,8666.666666666666
31,8666.666666666666
21,8666.666666666666
75,8683.333333333334
69,8683.333333333334
66,8683.333333333334
65,8683.333333333334
52,8683.333333333334
41,8683.333333333334
31,8683.333333333334
21,8683.333333333334
75,8700.0
69,8700.0
66,8700.0
65,8700.0
52,8700.0
41,8700.0
31,8700.0
21,8700.0
75,8716.666666666666
69,8716.666666666666
66,8716.666666666666
65,8716.666666666666
52,8716.666666666666
41,8716.666666666666
31,8716.666666666666
21,8716.666666666666
69,8733.333333333332
66,8733.333333333332
65,8733.333333333332
52,8733.333333333332
41,8733.333333333332
31,8733.333333333332
21,8733.333333333332
69,8750.0
66,8750.0
65,8750.0
52,8750.0
41,8750.0
31,8750.0
69,8766.666666666666
66,8766.666666666666
65,8766.666666666666
52,8766.666666666666
41,8766.666666666666
31,8766.666666666666
69,8783.333333333334
66,8783.333333333334
65,8783.333333333334
52,8783.333333333334
41,8783.333333333334
31,8783.333333333334
69,8800.0
66,8800.0
65,8800.0
52,8800.0
41,8800.0
31,8800.0
69,8816.666666666666
66,8816.666666666666
65,8816.666666666666
52,8816.666666666666
41,8816.666666666666
31,8816.666666666666
69,8833.333333333334
66,8833.333333333334
65,8833.333333333334
52,8833.333333333334
41,8833.333333333334
31,8833.333333333334
69,8850.0
66,8850.0
65,8850.0
52,8850.0
41,8850.0
31,8850.0
69,8866.666666666668
66,8866.666666666668
65,8866.666666666668
52,8866.666666666668
41,8866.666666666668
31,8866.666666666668
69,8883.333333333332
66,8883.333333333332
65,8883.333333333332
52,8883.333333333332
41,8883.333333333332
31,8883.333333333332
69,8900.0
66,8900.0
65,8900.0
52,8900.0
41,8900.0
31,8900.0
69,8916.666666666666
66,8916.666666666666
65,8916.666666666666
52,8916.666666666666
41,8916.666666666666
31,8916.666666666666
69,8933.333333333334
66,8933.333333333334
65,8933.333333333334
52,8933.333333333334
41,8933.333333333334
31,8933.333333333334
69,8950.0
66,8950.0
65,8950.0
52,8950.0
41,8950.0
31,8950.0
69,8966.666666666666
66,8966.666666666666
65,8966.666666666666
52,8966.666666666666
41,8966.666666666666
31,8966.666666666666
69,8983.333333333332
66,8983.333333333332
65,8983.333333333332
52,8983.333333333332
41,8983.333333333332
31,8983.333333333332
69,9000.0
66,9000.0
65,9000.0
52,9000.0
41,9000.0
31,9000.0
69,9016.666666666666
66,9016.666666666666
65,9016.666666666666
52,9016.666666666666
41,9016.666666666666
31,9016.666666666666
69,9033.333333333334
66,9033.333333333334
65,9033.333333333334
52,9033.333333333334
41,9033.333333333334
31,9033.333333333334
69,9050.0
66,9050.0
65,9050.0
52,9050.0
41,9050.0
31,9050.0
69,9066.666666666666
66,9066.666666666666
65,9066.666666666666
52,9066.666666666666
41,9066.666666666666
31,9066.666666666666
69,9083.333333333334
66,9083.333333333334
65,9083.333333333334
52,9083.333333333334
41,9083.333333333334
31,9083.333333333334
69,9100.0
66,9100.0
65,9100.0
52,9100.0
41,9100.0
31,9100.0
69,9116.666666666668
66,9116.666666666668
65,9116.666666666668
52,9116.666666666668
41,9116.666666666668
31,9116.666666666668
69,9133.333333333332
66,9133.333333333332
65,9133.333333333332
52,9133.333333333332
41,9133.333333333332
31,9133.333333333332
69,9150.0
66,9150.0
65,9150.0
52,9150.0
41,9150.0
31,9150.0
69,9166.666666666666
66,9166.666666666666
65,9166.666666666666
52,9166.666666666666
41,9166.666666666666
31,9166.666666666666
69,9183.333333333334
66,9183.333333333334
65,9183.333333333334
52,9183.333333333334
41,9183.333333333334
31,9183.333333333334
76,9200.0
69,9200.0
66,9200.0
65,9200.0
52,9200.0
41,9200.0
31,9200.0
76,9216.666666666666
69,9216.666666666666
66,9216.666666666666
65,9216.666666666666
52,9216.666666666666
41,9216.666666666666
31,9216.666666666666
76,9233.333333333332
69,9233.333333333332
66,9233.333333333332
65,9233.333333333332
52,9233.333333333332
41,9233.333333333332
31,9233.333333333332
76,9250.0
69,9250.0
66,9250.0
65,9250.0
52,9250.0
41,9250.0
31,9250.0
76,9266.666666666666
69,9266.666666666666
66,9266.666666666666
65,9266.666666666666
52,9266.666666666666
41,9266.666666666666
31,9266.666666666666
76,9283.333333333334
69,9283.333333333334
66,9283.333333333334
65,9283.333333333334
52,9283.333333333334
41,9283.333333333334
31,9283.333333333334
76,9300.0
69,9300.0
66,9300.0
65,9300.0
52,9300.0
41,9300.0
31,9300.0
76,9316.666666666666
69,9316.666666666666
66,9316.666666666666
65,9316.666666666666
52,9316.666666666666
41,9316.666666666666
31,9316.666666666666
76,9333.333333333334
69,9333.333333333334
66,9333.333333333334
65,9333.333333333334
52,9333.333333333334
41,9333.333333333334
31,9333.333333333334
76,9350.0
69,9350.0
66,9350.0
65,9350.0
52,9350.0
41,9350.0
31,9350.0
76,9366.666666666668
69,9366.666666666668
66,9366.666666666668
65,9366.666666666668
52,9366.666666666668
41,9366.666666666668
31,9366.666666666668
76,9383.333333333332
69,9383.333333333332
66,9383.333333333332
65,9383.333333333332
52,9383.333333333332
41,9383.333333333332
31,9383.333333333332
76,9400.0
69,9400.0
66,9400.0
65,9400.0
52,9400.0
41,9400.0
31,9400.0
76,9416.666666666666
69,9416.666666666666
66,9416.666666666666
65,9416.666666666666
52,9416.666666666666
41,9416.666666666666
31,9416.666666666666
76,9433.333333333334
69,9433.333333333334
66,9433.333333333334
65,9433.333333333334
52,9433.333333333334
41,9433.333333333334
31,9433.333333333334
76,9450.0
69,9450.0
66,9450.0
65,9450.0
52,9450.0
41,9450.0
31,9450.0
69,9466.666666666666
66,9466.666666666666
65,9466.666666666666
52,9466.666666666666
41,9466.666666666666
31,9466.666666666666
69,9483.333333333332
66,9483.333333333332
65,9483.333333333332
52,9483.333333333332
41,9483.333333333332
31,9483.333333333332
69,9500.0
66,9500.0
65,9500.0
52,9500.0
41,9500.0
31,9500.0
69,9516.666666666666
66,9516.666666666666
65,9516.666666666666
52,9516.666666666666
41,9516.666666666666
31,9516.666666666666
69,9533.333333333334
66,9533.333333333334
65,9533.333333333334
52,9533.333333333334
41,9533.333333333334
31,9533.333333333334
69,9550.0
66,9550.0
65,9550.0
52,9550.0
41,9550.0
69,9566.666666666666
66,9566.666666666666
65,9566.666666666666
52,9566.666666666666
41,9566.666666666666
69,9583.333333333334
66,9583.333333333334
65,9583.333333333334
52,9583.333333333334
41,9583.333333333334
69,9600.0
66,9600.0
65,9600.0
52,9600.0
41,9600.0
69,9616.666666666668
66,9616.666666666668
65,9616.666666666668
52,9616.666666666668
41,9616.666666666668
69,9633.333333333332
66,9633.333333333332
65,9633.333333333332
52,9633.333333333332
41,9633.333333333332
69,9650.0
66,9650.0
65,9650.0
52,9650.0
41,9650.0
69,9666.666666666666
66,9666.666666666666
65,9666.666666666666
52,9666.666666666666
41,9666.666666666666
69,9683.333333333334
66,9683.333333333334
65,9683.333333333334
52,9683.333333333334
41,9683.333333333334
69,9700.0
66,9700.0
65,9700.0
52,9700.0
41,9700.0
78,9716.666666666666
69,9716.666666666666
66,9716.666666666666
65,9716.666666666666
52,9716.666666666666
41,9716.666666666666
69,9733.333333333332
66,9733.333333333332
65,9733.333333333332
52,9733.333333333332
41,9733.333333333332
69,9750.0
66,9750.0
65,9750.0
52,9750.0
41,9750.0
76,9766.666666666666
69,9766.666666666666
66,9766.666666666666
65,9766.666666666666
52,9766.666666666666
41,9766.666666666666
77,9783.333333333334
76,9783.333333333334
69,9783.333333333334
66,9783.333333333334
65,9783.333333333334
52,9783.333333333334
41,9783.333333333334
77,9800.0
76,9800.0
69,9800.0
66,9800.0
65,9800.0
52,9800.0
41,9800.0
77,9816.666666666666
76,9816.666666666666
69,9816.666666666666
66,9816.666666666666
65,9816.666666666666
52,9816.666666666666
41,9816.666666666666
77,9833.333333333334
76,9833.333333333334
69,9833.333333333334
66,9833.333333333334
65,9833.333333333334
52,9833.333333333334
41,9833.333333333334
77,9850.0
76,9850.0
69,9850.0
66,9850.0
65,9850.0
52,9850.0
41,9850.0
77,9866.666666666668
76,9866.666666666668
69,9866.666666666668
66,9866.666666666668
65,9866.666666666668
52,9866.666666666668
41,9866.666666666668
77,9883.333333333332
76,9883.333333333332
69,9883.333333333332
66,9883.333333333332
65,9883.333333333332
52,9883.333333333332
41,9883.333333333332
77,9900.0
76,9900.0
69,9900.0
66,9900.0
65,9900.0
52,9900.0
41,9900.0
77,9916.666666666666
76,9916.666666666666
69,9916.666666666666
66,9916.666666666666
65,9916.666666666666
52,9916.666666666666
41,9916.666666666666
77,9933.333333333334
76,9933.333333333334
69,9933.333333333334
66,9933.333333333334
65,9933.333333333334
52,9933.333333333334
41,9933.333333333334
77,9950.0
76,9950.0
69,9950.0
66,9950.0
65,9950.0
52,9950.0
41,9950.0
79,9966.666666666666
77,9966.666666666666
76,9966.666666666666
69,9966.666666666666
66,9966.666666666666
65,9966.666666666666
52,9966.666666666666
41,9966.666666666666
79,9983.333333333332
77,9983.333333333332
76,9983.333333333332
69,9983.333333333332
66,9983.333333333332
65,9983.333333333332
52,9983.333333333332
41,9983.333333333332
79,10000.0
77,10000.0
76,10000.0
69,10000.0
66,10000.0
65,10000.0
52,10000.0
41,10000.0
79,10016.666666666666
77,10016.666666666666
76,10016.666666666666
69,10016.666666666666
66,10016.666666666666
65,10016.666666666666
52,10016.666666666666
41,10016.666666666666
79,10033.333333333334
77,10033.333333333334
76,10033.333333333334
69,10033.333333333334
66,10033.333333333334
65,10033.333333333334
52,10033.333333333334
41,10033.333333333334
79,10050.0
77,10050.0
76,10050.0
69,10050.0
66,10050.0
65,10050.0
52,10050.0
41,10050.0
79,10066.666666666666
77,10066.666666666666
76,10066.666666666666
69,10066.666666666666
66,10066.666666666666
65,10066.666666666666
52,10066.666666666666
41,10066.666666666666
79,10083.333333333334
77,10083.333333333334
76,10083.333333333334
69,10083.333333333334
66,10083.333333333334
65,10083.333333333334
52,10083.333333333334
41,10083.333333333334
79,10100.0
77,10100.0
76,10100.0
69,10100.0
66,10100.0
65,10100.0
52,10100.0
41,10100.0
79,10116.666666666668
77,10116.666666666668
76,10116.666666666668
69,10116.666666666668
66,10116.666666666668
65,10116.666666666668
52,10116.666666666668
41,10116.666666666668
79,10133.333333333332
77,10133.333333333332
76,10133.333333333332
69,10133.333333333332
66,10133.333333333332
65,10133.333333333332
52,10133.333333333332
41,10133.333333333332
79,10150.0
77,10150.0
76,10150.0
69,10150.0
66,10150.0
65,10150.0
52,10150.0
41,10150.0
79,10166.666666666666
77,10166.666666666666
76,10166.666666666666
69,10166.666666666666
66,10166.666666666666
65,10166.666666666666
52,10166.666666666666
41,10166.666666666666
79,10183.333333333334
77,10183.333333333334
76,10183.333333333334
69,10183.333333333334
66,10183.333333333334
65,10183.333333333334
52,10183.333333333334
41,10183.333333333334
79,10200.0
77,10200.0
76,10200.0
69,10200.0
66,10200.0
65,10200.0
52,10200.0
41,10200.0
79,10216.666666666666
77,10216.666666666666
76,10216.666666666666
69,10216.666666666666
66,10216.666666666666
65,10216.666666666666
52,10216.666666666666
41,10216.666666666666
79,10233.333333333332
77,10233.333333333332
76,10233.333333333332
69,10233.333333333332
66,10233.333333333332
65,10233.333333333332
52,10233.333333333332
41,10233.333333333332
79,10250.0
77,10250.0
76,10250.0
69,10250.0
66,10250.0
65,10250.0
52,10250.0
41,10250.0
79,10266.666666666666
77,10266.666666666666
76,10266.666666666666
69,10266.666666666666
66,10266.666666666666
65,10266.666666666666
52,10266.666666666666
41,10266.666666666666
79,10283.333333333334
77,10283.333333333334
76,10283.333333333334
69,10283.333333333334
66,10283.333333333334
65,10283.333333333334
52,10283.333333333334
41,10283.333333333334
79,10300.0
77,10300.0
76,10300.0
69,10300.0
66,10300.0
65,10300.0
52,10300.0
41,10300.0
79,10316.666666666666
77,10316.666666666666
76,10316.666666666666
69,10316.666666666666
66,10316.666666666666
65,10316.666666666666
52,10316.666666666666
41,10316.666666666666
79,10333.333333333334
77,10333.333333333334
76,10333.333333333334
69,10333.333333333334
66,10333.333333333334
65,10333.333333333334
52,10333.333333333334
41,10333.333333333334
79,10350.0
77,10350.0
76,10350.0
69,10350.0
66,10350.0
65,10350.0
52,10350.0
41,10350.0
79,10366.666666666668
77,10366.666666666668
76,10366.666666666668
69,10366.666666666668
66,10366.666666666668
65,10366.666666666668
52,10366.666666666668
41,10366.666666666668
79,10383.333333333332
77,10383.333333333332
76,10383.333333333332
69,10383.333333333332
66,10383.333333333332
65,10383.333333333332
52,10383.333333333332
41,10383.333333333332
79,10400.0
77,10400.0
76,10400.0
69,10400.0
66,10400.0
65,10400.0
52,10400.0
41,10400.0
79,10416.666666666666
77,10416.666666666666
76,10416.666666666666
69,10416.666666666666
66,10416.666666666666
65,10416.666666666666
52,10416.666666666666
41,10416.666666666666
79,10433.333333333334
77,10433.333333333334
76,10433.333333333334
69,10433.333333333334
66,10433.333333333334
65,10433.333333333334
52,10433.333333333334
41,10433.333333333334
79,10450.0
77,10450.0
76,10450.0
69,10450.0
66,10450.0
65,10450.0
52,10450.0
41,10450.0
79,10466.666666666666
77,10466.666666666666
76,10466.666666666666
69,10466.666666666666
66,10466.666666666666
65,10466.666666666666
52,10466.666666666666
41,10466.666666666666
79,10483.333333333332
77,10483.333333333332
76,10483.333333333332
69,10483.333333333332
66,10483.333333333332
65,10483.333333333332
52,10483.333333333332
41,10483.333333333332
79,10500.0
77,10500.0
76,10500.0
69,10500.0
66,10500.0
65,10500.0
52,10500.0
41,10500.0
79,10516.666666666666
77,10516.666666666666
76,10516.666666666666
69,10516.666666666666
66,10516.666666666666
65,10516.666666666666
52,10516.666666666666
41,10516.666666666666
79,10533.333333333334
77,10533.333333333334
76,10533.333333333334
69,10533.333333333334
66,10533.333333333334
65,10533.333333333334
52,10533.333333333334
41,10533.333333333334
79,10550.0
77,10550.0
76,10550.0
69,10550.0
66,10550.0
65,10550.0
52,10550.0
41,10550.0
81,10566.666666666666
79,10566.666666666666
77,10566.666666666666
76,10566.666666666666
69,10566.666666666666
66,10566.666666666666
65,10566.666666666666
52,10566.666666666666
41,10566.666666666666
79,10583.333333333334
77,10583.333333333334
76,10583.333333333334
69,10583.333333333334
66,10583.333333333334
65,10583.333333333334
52,10583.333333333334
41,10583.333333333334
79,10600.0
77,10600.0
76,10600.0
69,10600.0
66,10600.0
65,10600.0
52,10600.0
41,10600.0
79,10616.666666666668
77,10616.666666666668
76,10616.666666666668
69,10616.666666666668
66,10616.666666666668
65,10616.666666666668
52,10616.666666666668
41,10616.666666666668
81,10633.333333333332
79,10633.333333333332
77,10633.333333333332
76,10633.333333333332
69,10633.333333333332
66,10633.333333333332
65,10633.333333333332
52,10633.333333333332
41,10633.333333333332
81,10650.0
79,10650.0
77,10650.0
76,10650.0
69,10650.0
66,10650.0
65,10650.0
52,10650.0
41,10650.0
81,10666.666666666666
79,10666.666666666666
77,10666.666666666666
76,10666.666666666666
69,10666.666666666666
66,10666.666666666666
65,10666.666666666666
52,10666.666666666666
41,10666.666666666666
81,10683.333333333334
79,10683.333333333334
77,10683.333333333334
76,10683.333333333334
69,10683.333333333334
66,10683.333333333334
65,10683.333333333334
52,10683.333333333334
41,10683.333333333334
81,10700.0
79,10700.0
77,10700.0
76,10700.0
69,10700.0
66,10700.0
65,10700.0
52,10700.0
41,10700.0
81,10716.666666666666
79,10716.666666666666
77,10716.666666666666
76,10716.666666666666
69,10716.666666666666
66,10716.666666666666
65,10716.666666666666
52,10716.666666666666
41,10716.666666666666
81,10733.333333333332
79,10733.333333333332
77,10733.333333333332
76,10733.333333333332
69,10733.333333333332
66,10733.333333333332
65,10733.333333333332
52,10733.333333333332
41,10733.333333333332
81,10750.0
79,10750.0
77,10750.0
76,10750.0
69,10750.0
66,10750.0
65,10750.0
52,10750.0
79,10766.666666666666
77,10766.666666666666
76,10766.666666666666
69,10766.666666666666
66,10766.666666666666
65,10766.666666666666
52,10766.666666666666
83,10783.333333333334
79,10783.333333333334
77,10783.333333333334
76,10783.333333333334
69,10783.333333333334
66,10783.333333333334
65,10783.333333333334
52,10783.333333333334
83,10800.0
79,10800.0
77,10800.0
76,10800.0
69,10800.0
66,10800.0
65,10800.0
52,10800.0
83,10816.666666666666
79,10816.666666666666
77,10816.666666666666
76,10816.666666666666
69,10816.666666666666
66,10816.666666666666
65,10816.666666666666
52,10816.666666666666
83,10833.333333333334
79,10833.333333333334
77,10833.333333333334
76,10833.333333333334
69,10833.333333333334
66,10833.333333333334
65,10833.333333333334
52,10833.333333333334
79,10850.0
77,10850.0
76,10850.0
69,10850.0
66,10850.0
65,10850.0
52,10850.0
79,10866.666666666668
77,10866.666666666668
76,10866.666666666668
69,10866.666666666668
66,10866.666666666668
65,10866.666666666668
52,10866.666666666668
79,10883.333333333332
77,10883.333333333332
76,10883.333333333332
69,10883.333333333332
66,10883.333333333332
65,10883.333333333332
52,10883.333333333332
79,10900.0
77,10900.0
69,10900.0
66,10900.0
65,10900.0
52,10900.0
79,10916.666666666666
77,10916.666666666666
69,10916.666666666666
66,10916.666666666666
65,10916.666666666666
52,10916.666666666666
79,10933.333333333334
77,10933.333333333334
69,10933.333333333334
66,10933.333333333334
65,10933.333333333334
52,10933.333333333334
79,10950.0
77,10950.0
69,10950.0
66,10950.0
65,10950.0
52,10950.0
79,10966.666666666666
77,10966.666666666666
76,10966.666666666666
69,10966.666666666666
66,10966.666666666666
65,10966.666666666666
52,10966.666666666666
79,10983.333333333332
77,10983.333333333332
76,10983.333333333332
69,10983.333333333332
66,10983.333333333332
65,10983.333333333332
52,10983.333333333332
81,11000.0
79,11000.0
77,11000.0
69,11000.0
66,11000.0
65,11000.0
52,11000.0
81,11016.666666666666
79,11016.666666666666
77,11016.666666666666
69,11016.666666666666
66,11016.666666666666
65,11016.666666666666
52,11016.666666666666
82,11033.333333333334
79,11033.333333333334
77,11033.333333333334
69,11033.333333333334
66,11033.333333333334
65,11033.333333333334
52,11033.333333333334
79,11050.0
77,11050.0
69,11050.0
66,11050.0
65,11050.0
52,11050.0
79,11066.666666666666
77,11066.666666666666
69,11066.666666666666
66,11066.666666666666
65,11066.666666666666
52,11066.666666666666
79,11083.333333333334
77,11083.333333333334
76,11083.333333333334
69,11083.333333333334
66,11083.333333333334
65,11083.333333333334
52,11083.333333333334
82,11100.0
79,11100.0
77,11100.0
69,11100.0
66,11100.0
65,11100.0
52,11100.0
82,11116.666666666668
79,11116.666666666668
77,11116.666666666668
69,11116.666666666668
66,11116.666666666668
65,11116.666666666668
52,11116.666666666668
79,11133.333333333332
77,11133.333333333332
69,11133.333333333332
66,11133.333333333332
65,11133.333333333332
52,11133.333333333332
79,11150.0
77,11150.0
76,11150.0
69,11150.0
66,11150.0
65,11150.0
52,11150.0
79,11166.666666666666
77,11166.666666666666
69,11166.666666666666
66,11166.666666666666
65,11166.666666666666
52,11166.666666666666
82,11183.333333333334
79,11183.333333333334
77,11183.333333333334
69,11183.333333333334
66,11183.333333333334
65,11183.333333333334
52,11183.333333333334
82,11200.0
79,11200.0
77,11200.0
69,11200.0
66,11200.0
65,11200.0
52,11200.0
82,11216.666666666666
79,11216.666666666666
77,11216.666666666666
69,11216.666666666666
66,11216.666666666666
65,11216.666666666666
52,11216.666666666666
82,11233.333333333332
79,11233.333333333332
77,11233.333333333332
69,11233.333333333332
66,11233.333333333332
65,11233.333333333332
52,11233.333333333332
82,11250.0
79,11250.0
77,11250.0
69,11250.0
66,11250.0
65,11250.0
52,11250.0
82,11266.666666666666
79,11266.666666666666
77,11266.666666666666
69,11266.666666666666
66,11266.666666666666
65,11266.666666666666
52,11266.666666666666
82,11283.333333333334
79,11283.333333333334
77,11283.333333333334
69,11283.333333333334
66,11283.333333333334
65,11283.333333333334
52,11283.333333333334
82,11300.0
79,11300.0
77,11300.0
69,11300.0
66,11300.0
65,11300.0
52,11300.0
82,11316.666666666666
79,11316.666666666666
77,11316.666666666666
69,11316.666666666666
66,11316.666666666666
65,11316.666666666666
52,11316.666666666666
82,11333.333333333334
79,11333.333333333334
77,11333.333333333334
69,11333.333333333334
66,11333.333333333334
65,11333.333333333334
52,11333.333333333334
82,11350.0
79,11350.0
77,11350.0
69,11350.0
66,11350.0
65,11350.0
52,11350.0
82,11366.666666666668
79,11366.666666666668
77,11366.666666666668
76,11366.666666666668
69,11366.666666666668
66,11366.666666666668
65,11366.666666666668
82,11383.333333333332
79,11383.333333333332
77,11383.333333333332
76,11383.333333333332
69,11383.333333333332
66,11383.333333333332
65,11383.333333333332
77,11400.0
76,11400.0
69,11400.0
66,11400.0
65,11400.0
84,11416.666666666666
77,11416.666666666666
76,11416.666666666666
69,11416.666666666666
66,11416.666666666666
65,11416.666666666666
84,11433.333333333334
77,11433.333333333334
76,11433.333333333334
69,11433.333333333334
66,11433.333333333334
65,11433.333333333334
84,11450.0
77,11450.0
76,11450.0
69,11450.0
66,11450.0
65,11450.0
84,11466.666666666666
77,11466.666666666666
76,11466.666666666666
69,11466.666666666666
66,11466.666666666666
65,11466.666666666666
84,11483.333333333332
77,11483.333333333332
76,11483.333333333332
69,11483.333333333332
66,11483.333333333332
65,11483.333333333332
84,11500.0
82,11500.0
77,11500.0
76,11500.0
69,11500.0
66,11500.0
65,11500.0
84,11516.666666666666
82,11516.666666666666
77,11516.666666666666
76,11516.666666666666
69,11516.666666666666
66,11516.666666666666
65,11516.666666666666
84,11533.333333333334
82,11533.333333333334
79,11533.333333333334
77,11533.333333333334
76,11533.333333333334
69,11533.333333333334
66,11533.333333333334
65,11533.333333333334
84,11550.0
82,11550.0
79,11550.0
77,11550.0
69,11550.0
66,11550.0
65,11550.0
84,11566.666666666666
82,11566.666666666666
79,11566.666666666666
77,11566.666666666666
69,11566.666666666666
66,11566.666666666666
65,11566.666666666666
82,11583.333333333334
81,11583.333333333334
79,11583.333333333334
77,11583.333333333334
69,11583.333333333334
66,11583.333333333334
65,11583.333333333334
82,11600.0
81,11600.0
79,11600.0
77,11600.0
76,11600.0
69,11600.0
66,11600.0
65,11600.0
82,11616.666666666668
81,11616.666666666668
79,11616.666666666668
77,11616.666666666668
76,11616.666666666668
69,11616.666666666668
66,11616.666666666668
65,11616.666666666668
82,11633.333333333332
81,11633.333333333332
79,11633.333333333332
77,11633.333333333332
76,11633.333333333332
69,11633.333333333332
66,11633.333333333332
65,11633.333333333332
82,11650.0
81,11650.0
79,11650.0
77,11650.0
76,11650.0
69,11650.0
66,11650.0
65,11650.0
82,11666.666666666666
79,11666.666666666666
77,11666.666666666666
76,11666.666666666666
69,11666.666666666666
66,11666.666666666666
65,11666.666666666666
82,11683.333333333334
79,11683.333333333334
77,11683.333333333334
76,11683.333333333334
69,11683.333333333334
66,11683.333333333334
65,11683.333333333334
82,11700.0
79,11700.0
77,11700.0
76,11700.0
69,11700.0
66,11700.0
65,11700.0
82,11716.666666666666
79,11716.666666666666
77,11716.666666666666
76,11716.666666666666
69,11716.666666666666
66,11716.666666666666
65,11716.666666666666
82,11733.333333333332
79,11733.333333333332
77,11733.333333333332
76,11733.333333333332
69,11733.333333333332
66,11733.333333333332
65,11733.333333333332
82,11750.0
79,11750.0
77,11750.0
76,11750.0
69,11750.0
66,11750.0
65,11750.0
82,11766.666666666666
79,11766.666666666666
77,11766.666666666666
76,11766.666666666666
69,11766.666666666666
66,11766.666666666666
65,11766.666666666666
82,11783.333333333334
79,11783.333333333334
77,11783.333333333334
69,11783.333333333334
66,11783.333333333334
65,11783.333333333334
82,11800.0
79,11800.0
77,11800.0
69,11800.0
66,11800.0
65,11800.0
82,11816.666666666666
79,11816.666666666666
77,11816.666666666666
69,11816.666666666666
66,11816.666666666666
65,11816.666666666666
82,11833.333333333334
79,11833.333333333334
77,11833.333333333334
69,11833.333333333334
66,11833.333333333334
65,11833.333333333334
82,11850.0
79,11850.0
77,11850.0
69,11850.0
66,11850.0
65,11850.0
82,11866.666666666668
79,11866.666666666668
77,11866.666666666668
69,11866.666666666668
66,11866.666666666668
65,11866.666666666668
82,11883.333333333332
79,11883.333333333332
77,11883.333333333332
69,11883.333333333332
66,11883.333333333332
65,11883.333333333332
82,11900.0
79,11900.0
77,11900.0
69,11900.0
66,11900.0
65,11900.0
82,11916.666666666666
79,11916.666666666666
77,11916.666666666666
69,11916.666666666666
66,11916.666666666666
65,11916.666666666666
82,11933.333333333334
79,11933.333333333334
77,11933.333333333334
69,11933.333333333334
66,11933.333333333334
65,11933.333333333334
82,11950.0
81,11950.0
79,11950.0
77,11950.0
69,11950.0
66,11950.0
65,11950.0
82,11966.666666666666
81,11966.666666666666
79,11966.666666666666
77,11966.666666666666
69,11966.666666666666
66,11966.666666666666
65,11966.666666666666
82,11983.333333333332
79,11983.333333333332
77,11983.333333333332
69,11983.333333333332
66,11983.333333333332
65,11983.333333333332
79,12000.0
77,12000.0
69,12000.0
66,12000.0
65,12000.0
79,12016.666666666666
77,12016.666666666666
69,12016.666666666666
66,12016.666666666666
65,12016.666666666666
79,12033.333333333334
77,12033.333333333334
76,12033.333333333334
69,12033.333333333334
66,12033.333333333334
65,12033.333333333334
79,12050.0
77,12050.0
76,12050.0
69,12050.0
66,12050.0
65,12050.0
79,12066.666666666666
77,12066.666666666666
76,12066.666666666666
69,12066.666666666666
66,12066.666666666666
65,12066.666666666666
79,12083.333333333334
77,12083.333333333334
76,12083.333333333334
69,12083.333333333334
66,12083.333333333334
65,12083.333333333334
79,12100.0
77,12100.0
76,12100.0
69,12100.0
66,12100.0
65,12100.0
79,12116.666666666668
77,12116.666666666668
76,12116.666666666668
69,12116.666666666668
66,12116.666666666668
65,12116.666666666668
79,12133.333333333332
77,12133.333333333332
76,12133.333333333332
69,12133.333333333332
66,12133.333333333332
65,12133.333333333332
79,12150.0
77,12150.0
76,12150.0
69,12150.0
66,12150.0
65,12150.0
79,12166.666666666666
77,12166.666666666666
76,12166.666666666666
69,12166.666666666666
66,12166.666666666666
65,12166.666666666666
79,12183.333333333334
77,12183.333333333334
76,12183.333333333334
69,12183.333333333334
66,12183.333333333334
65,12183.333333333334
77,12200.0
76,12200.0
69,12200.0
66,12200.0
65,12200.0
77,12216.666666666666
76,12216.666666666666
69,12216.666666666666
66,12216.666666666666
65,12216.666666666666
77,12233.333333333332
76,12233.333333333332
69,12233.333333333332
66,12233.333333333332
65,12233.333333333332
77,12250.0
76,12250.0
69,12250.0
66,12250.0
65,12250.0
85,12266.666666666666
81,12266.666666666666
77,12266.666666666666
76,12266.666666666666
69,12266.666666666666
66,12266.666666666666
65,12266.666666666666
81,12283.333333333334
77,12283.333333333334
76,12283.333333333334
69,12283.333333333334
66,12283.333333333334
65,12283.333333333334
81,12300.0
77,12300.0
76,12300.0
69,12300.0
66,12300.0
65,12300.0
81,12316.666666666666
77,12316.666666666666
76,12316.666666666666
69,12316.666666666666
66,12316.666666666666
65,12316.666666666666
81,12333.333333333334
77,12333.333333333334
76,12333.333333333334
69,12333.333333333334
66,12333.333333333334
65,12333.333333333334
81,12350.0
77,12350.0
76,12350.0
69,12350.0
66,12350.0
65,12350.0
81,12366.666666666668
77,12366.666666666668
76,12366.666666666668
69,12366.666666666668
66,12366.666666666668
65,12366.666666666668
85,12383.333333333332
81,12383.333333333332
77,12383.333333333332
76,12383.333333333332
69,12383.333333333332
66,12383.333333333332
65,12383.333333333332
81,12400.0
77,12400.0
76,12400.0
69,12400.0
66,12400.0
65,12400.0
81,12416.666666666666
77,12416.666666666666
76,12416.666666666666
69,12416.666666666666
66,12416.666666666666
65,12416.666666666666
81,12433.333333333334
77,12433.333333333334
76,12433.333333333334
69,12433.333333333334
66,12433.333333333334
65,12433.333333333334
85,12450.0
81,12450.0
77,12450.0
76,12450.0
69,12450.0
66,12450.0
65,12450.0
85,12466.666666666666
81,12466.666666666666
77,12466.666666666666
76,12466.666666666666
69,12466.666666666666
66,12466.666666666666
65,12466.666666666666
85,12483.333333333332
81,12483.333333333332
77,12483.333333333332
76,12483.333333333332
69,12483.333333333332
66,12483.333333333332
65,12483.333333333332
85,12500.0
81,12500.0
77,12500.0
76,12500.0
69,12500.0
66,12500.0
65,12500.0
86,12516.666666666666
85,12516.666666666666
81,12516.666666666666
77,12516.666666666666
76,12516.666666666666
69,12516.666666666666
66,12516.666666666666
65,12516.666666666666
86,12533.333333333334
85,12533.333333333334
82,12533.333333333334
81,12533.333333333334
77,12533.333333333334
76,12533.333333333334
69,12533.333333333334
66,12533.333333333334
65,12533.333333333334
86,12550.0
85,12550.0
82,12550.0
81,12550.0
77,12550.0
76,12550.0
69,12550.0
66,12550.0
65,12550.0
86,12566.666666666666
85,12566.666666666666
82,12566.666666666666
81,12566.666666666666
77,12566.666666666666
76,12566.666666666666
69,12566.666666666666
66,12566.666666666666
65,12566.666666666666
87,12583.333333333334
86,12583.333333333334
82,12583.333333333334
81,12583.333333333334
77,12583.333333333334
69,12583.333333333334
66,12583.333333333334
65,12583.333333333334
87,12600.0
86,12600.0
81,12600.0
77,12600.0
69,12600.0
66,12600.0
65,12600.0
87,12616.666666666668
86,12616.666666666668
81,12616.666666666668
77,12616.666666666668
69,12616.666666666668
66,12616.666666666668
65,12616.666666666668
87,12633.333333333332
86,12633.333333333332
81,12633.333333333332
77,12633.333333333332
76,12633.333333333332
69,12633.333333333332
66,12633.333333333332
65,12633.333333333332
87,12650.0
86,12650.0
81,12650.0
77,12650.0
76,12650.0
69,12650.0
66,12650.0
65,12650.0
88,12666.666666666666
87,12666.666666666666
86,12666.666666666666
81,12666.666666666666
77,12666.666666666666
76,12666.666666666666
69,12666.666666666666
66,12666.666666666666
65,12666.666666666666
88,12683.333333333334
86,12683.333333333334
81,12683.333333333334
77,12683.333333333334
69,12683.333333333334
66,12683.333333333334
65,12683.333333333334
86,12700.0
81,12700.0
77,12700.0
69,12700.0
66,12700.0
65,12700.0
86,12716.666666666666
85,12716.666666666666
82,12716.666666666666
81,12716.666666666666
77,12716.666666666666
69,12716.666666666666
66,12716.666666666666
65,12716.666666666666
86,12733.333333333332
85,12733.333333333332
82,12733.333333333332
81,12733.333333333332
77,12733.333333333332
69,12733.333333333332
66,12733.333333333332
65,12733.333333333332
86,12750.0
85,12750.0
82,12750.0
81,12750.0
77,12750.0
69,12750.0
66,12750.0
65,12750.0
87,12766.666666666666
86,12766.666666666666
85,12766.666666666666
82,12766.666666666666
81,12766.666666666666
77,12766.666666666666
69,12766.666666666666
66,12766.666666666666
65,12766.666666666666
87,12783.333333333334
86,12783.333333333334
82,12783.333333333334
81,12783.333333333334
77,12783.333333333334
69,12783.333333333334
66,12783.333333333334
65,12783.333333333334
87,12800.0
86,12800.0
82,12800.0
81,12800.0
77,12800.0
69,12800.0
66,12800.0
65,12800.0
87,12816.666666666666
86,12816.666666666666
82,12816.666666666666
81,12816.666666666666
77,12816.666666666666
69,12816.666666666666
66,12816.666666666666
65,12816.666666666666
89,12833.333333333334
87,12833.333333333334
86,12833.333333333334
82,12833.333333333334
81,12833.333333333334
77,12833.333333333334
69,12833.333333333334
66,12833.333333333334
65,12833.333333333334
87,12850.0
86,12850.0
81,12850.0
77,12850.0
69,12850.0
66,12850.0
65,12850.0
87,12866.666666666668
86,12866.666666666668
81,12866.666666666668
77,12866.666666666668
69,12866.666666666668
66,12866.666666666668
65,12866.666666666668
87,12883.333333333332
86,12883.333333333332
81,12883.333333333332
77,12883.333333333332
76,12883.333333333332
69,12883.333333333332
66,12883.333333333332
65,12883.333333333332
87,12900.0
86,12900.0
81,12900.0
77,12900.0
76,12900.0
69,12900.0
66,12900.0
65,12900.0
87,12916.666666666666
86,12916.666666666666
81,12916.666666666666
77,12916.666666666666
76,12916.666666666666
69,12916.666666666666
66,12916.666666666666
65,12916.666666666666
87,12933.333333333334
81,12933.333333333334
77,12933.333333333334
76,12933.333333333334
69,12933.333333333334
66,12933.333333333334
65,12933.333333333334
87,12950.0
81,12950.0
77,12950.0
76,12950.0
69,12950.0
66,12950.0
65,12950.0
87,12966.666666666666
85,12966.666666666666
81,12966.666666666666
77,12966.666666666666
76,12966.666666666666
69,12966.666666666666
65,12966.666666666666
87,12983.333333333332
86,12983.333333333332
85,12983.333333333332
81,12983.333333333332
77,12983.333333333332
76,12983.333333333332
69,12983.333333333332
65,12983.333333333332
87,13000.0
86,13000.0
85,13000.0
81,13000.0
77,13000.0
76,13000.0
69,13000.0
65,13000.0
87,13016.666666666666
86,13016.666666666666
85,13016.666666666666
81,13016.666666666666
77,13016.666666666666
76,13016.666666666666
69,13016.666666666666
65,13016.666666666666
86,13033.333333333334
85,13033.333333333334
81,13033.333333333334
77,13033.333333333334
76,13033.333333333334
69,13033.333333333334
65,13033.333333333334
86,13049.999999999998
85,13049.999999999998
81,13049.999999999998
77,13049.999999999998
76,13049.999999999998
69,13049.999999999998
65,13049.999999999998
86,13066.666666666666
85,13066.666666666666
81,13066.666666666666
77,13066.666666666666
76,13066.666666666666
69,13066.666666666666
65,13066.666666666666
86,13083.333333333334
85,13083.333333333334
82,13083.333333333334
81,13083.333333333334
77,13083.333333333334
76,13083.333333333334
69,13083.333333333334
65,13083.333333333334
87,13100.0
85,13100.0
82,13100.0
77,13100.0
76,13100.0
69,13100.0
65,13100.0
87,13116.666666666668
85,13116.666666666668
82,13116.666666666668
77,13116.666666666668
76,13116.666666666668
69,13116.666666666668
65,13116.666666666668
87,13133.333333333332
85,13133.333333333332
77,13133.333333333332
76,13133.333333333332
69,13133.333333333332
65,13133.333333333332
87,13150.0
77,13150.0
76,13150.0
69,13150.0
65,13150.0
87,13166.666666666666
86,13166.666666666666
77,13166.666666666666
76,13166.666666666666
69,13166.666666666666
65,13166.666666666666
87,13183.333333333334
86,13183.333333333334
81,13183.333333333334
77,13183.333333333334
76,13183.333333333334
69,13183.333333333334
65,13183.333333333334
87,13200.0
86,13200.0
85,13200.0
81,13200.0
77,13200.0
76,13200.0
69,13200.0
65,13200.0
87,13216.666666666666
86,13216.666666666666
85,13216.666666666666
81,13216.666666666666
77,13216.666666666666
76,13216.666666666666
69,13216.666666666666
65,13216.666666666666
87,13233.333333333332
86,13233.333333333332
85,13233.333333333332
81,13233.333333333332
77,13233.333333333332
76,13233.333333333332
69,13233.333333333332
65,13233.333333333332
90,13250.0
87,13250.0
86,13250.0
77,13250.0
76,13250.0
69,13250.0
65,13250.0
87,13266.666666666666
86,13266.666666666666
82,13266.666666666666
77,13266.666666666666
76,13266.666666666666
69,13266.666666666666
65,13266.666666666666
87,13283.333333333334
86,13283.333333333334
82,13283.333333333334
77,13283.333333333334
76,13283.333333333334
69,13283.333333333334
65,13283.333333333334
87,13299.999999999998
86,13299.999999999998
82,13299.999999999998
81,13299.999999999998
77,13299.999999999998
76,13299.999999999998
69,13299.999999999998
65,13299.999999999998
87,13316.666666666666
86,13316.666666666666
85,13316.666666666666
82,13316.666666666666
81,13316.666666666666
77,13316.666666666666
76,13316.666666666666
69,13316.666666666666
65,13316.666666666666
90,13333.333333333334
87,13333.333333333334
86,13333.333333333334
81,13333.333333333334
77,13333.333333333334
76,13333.333333333334
69,13333.333333333334
65,13333.333333333334
90,13350.0
87,13350.0
86,13350.0
81,13350.0
77,13350.0
76,13350.0
65,13350.0
87,13366.666666666668
86,13366.666666666668
81,13366.666666666668
77,13366.666666666668
76,13366.666666666668
65,13366.666666666668
87,13383.333333333332
86,13383.333333333332
81,13383.333333333332
77,13383.333333333332
76,13383.333333333332
65,13383.333333333332
87,13400.0
86,13400.0
81,13400.0
77,13400.0
76,13400.0
65,13400.0
87,13416.666666666666
86,13416.666666666666
81,13416.666666666666
77,13416.666666666666
76,13416.666666666666
65,13416.666666666666
87,13433.333333333334
86,13433.333333333334
85,13433.333333333334
81,13433.333333333334
77,13433.333333333334
76,13433.333333333334
65,13433.333333333334
87,13450.0
86,13450.0
85,13450.0
81,13450.0
77,13450.0
76,13450.0
65,13450.0
90,13466.666666666666
87,13466.666666666666
86,13466.666666666666
81,13466.666666666666
77,13466.666666666666
76,13466.666666666666
65,13466.666666666666
90,13483.333333333332
87,13483.333333333332
81,13483.333333333332
77,13483.333333333332
76,13483.333333333332
65,13483.333333333332
90,13500.0
87,13500.0
81,13500.0
77,13500.0
76,13500.0
65,13500.0
90,13516.666666666666
87,13516.666666666666
81,13516.666666666666
77,13516.666666666666
76,13516.666666666666
65,13516.666666666666
87,13533.333333333334
81,13533.333333333334
77,13533.333333333334
76,13533.333333333334
65,13533.333333333334
87,13549.999999999998
81,13549.999999999998
77,13549.999999999998
76,13549.999999999998
65,13549.999999999998
87,13566.666666666666
81,13566.666666666666
77,13566.666666666666
76,13566.666666666666
65,13566.666666666666
87,13583.333333333334
81,13583.333333333334
77,13583.333333333334
76,13583.333333333334
65,13583.333333333334
87,13600.0
81,13600.0
77,13600.0
76,13600.0
65,13600.0
87,13616.666666666668
81,13616.666666666668
77,13616.666666666668
76,13616.666666666668
65,13616.666666666668
87,13633.333333333332
81,13633.333333333332
77,13633.333333333332
65,13633.333333333332
87,13650.0
81,13650.0
77,13650.0
65,13650.0
87,13666.666666666666
82,13666.666666666666
81,13666.666666666666
77,13666.666666666666
65,13666.666666666666
87,13683.333333333334
82,13683.333333333334
81,13683.333333333334
77,13683.333333333334
65,13683.333333333334
87,13700.0
81,13700.0
77,13700.0
65,13700.0
87,13716.666666666666
81,13716.666666666666
77,13716.666666666666
76,13716.666666666666
65,13716.666666666666
87,13733.333333333332
81,13733.333333333332
77,13733.333333333332
76,13733.333333333332
65,13733.333333333332
87,13750.0
81,13750.0
77,13750.0
76,13750.0
65,13750.0
87,13766.666666666666
81,13766.666666666666
77,13766.666666666666
76,13766.666666666666
65,13766.666666666666
87,13783.333333333334
81,13783.333333333334
77,13783.333333333334
65,13783.333333333334
87,13799.999999999998
81,13799.999999999998
77,13799.999999999998
65,13799.999999999998
87,13816.666666666666
81,13816.666666666666
77,13816.666666666666
65,13816.666666666666
87,13833.333333333334
81,13833.333333333334
77,13833.333333333334
76,13833.333333333334
65,13833.333333333334
87,13850.0
81,13850.0
77,13850.0
76,13850.0
65,13850.0
87,13866.666666666668
81,13866.666666666668
77,13866.666666666668
76,13866.666666666668
65,13866.666666666668
87,13883.333333333332
81,13883.333333333332
77,13883.333333333332
76,13883.333333333332
65,13883.333333333332
87,13900.0
81,13900.0
77,13900.0
76,13900.0
65,13900.0
92,13916.666666666666
87,13916.666666666666
81,13916.666666666666
77,13916.666666666666
76,13916.666666666666
65,13916.666666666666
87,13933.333333333334
81,13933.333333333334
77,13933.333333333334
76,13933.333333333334
65,13933.333333333334
87,13950.0
81,13950.0
77,13950.0
76,13950.0
65,13950.0
87,13966.666666666666
81,13966.666666666666
77,13966.666666666666
76,13966.666666666666
65,13966.666666666666
87,13983.333333333332
81,13983.333333333332
77,13983.333333333332
76,13983.333333333332
65,13983.333333333332
92,14000.0
87,14000.0
81,14000.0
77,14000.0
76,14000.0
65,14000.0
92,14016.666666666666
87,14016.666666666666
81,14016.666666666666
77,14016.666666666666
76,14016.666666666666
65,14016.666666666666
92,14033.333333333334
87,14033.333333333334
81,14033.333333333334
77,14033.333333333334
76,14033.333333333334
65,14033.333333333334
92,14049.999999999998
87,14049.999999999998
81,14049.999999999998
77,14049.999999999998
76,14049.999999999998
65,14049.999999999998
92,14066.666666666666
87,14066.666666666666
81,14066.666666666666
77,14066.666666666666
76,14066.666666666666
65,14066.666666666666
87,14083.333333333334
81,14083.333333333334
77,14083.333333333334
76,14083.333333333334
65,14083.333333333334
87,14100.0
81,14100.0
77,14100.0
76,14100.0
65,14100.0
87,14116.666666666668
81,14116.666666666668
77,14116.666666666668
76,14116.666666666668
65,14116.666666666668
87,14133.333333333332
81,14133.333333333332
77,14133.333333333332
76,14133.333333333332
65,14133.333333333332
87,14150.0
81,14150.0
77,14150.0
76,14150.0
65,14150.0
87,14166.666666666666
81,14166.666666666666
77,14166.666666666666
76,14166.666666666666
65,14166.666666666666
87,14183.333333333334
81,14183.333333333334
77,14183.333333333334
76,14183.333333333334
65,14183.333333333334
87,14200.0
81,14200.0
77,14200.0
76,14200.0
65,14200.0
87,14216.666666666666
81,14216.666666666666
77,14216.666666666666
76,14216.666666666666
65,14216.666666666666
87,14233.333333333332
81,14233.333333333332
77,14233.333333333332
76,14233.333333333332
65,14233.333333333332
87,14250.0
81,14250.0
77,14250.0
76,14250.0
65,14250.0
87,14266.666666666666
81,14266.666666666666
77,14266.666666666666
76,14266.666666666666
65,14266.666666666666
87,14283.333333333334
81,14283.333333333334
77,14283.333333333334
76,14283.333333333334
65,14283.333333333334
87,14299.999999999998
81,14299.999999999998
77,14299.999999999998
76,14299.999999999998
65,14299.999999999998
87,14316.666666666666
81,14316.666666666666
77,14316.666666666666
76,14316.666666666666
65,14316.666666666666
87,14333.333333333334
81,14333.333333333334
77,14333.333333333334
76,14333.333333333334
65,14333.333333333334
87,14350.0
81,14350.0
77,14350.0
76,14350.0
65,14350.0
87,14366.666666666668
81,14366.666666666668
77,14366.666666666668
76,14366.666666666668
65,14366.666666666668
87,14383.333333333332
81,14383.333333333332
77,14383.333333333332
76,14383.333333333332
65,14383.333333333332
87,14400.0
81,14400.0
77,14400.0
76,14400.0
65,14400.0
87,14416.666666666666
81,14416.666666666666
77,14416.666666666666
76,14416.666666666666
65,14416.666666666666
87,14433.333333333334
81,14433.333333333334
77,14433.333333333334
76,14433.333333333334
65,14433.333333333334
87,14450.0
81,14450.0
77,14450.0
76,14450.0
65,14450.0
87,14466.666666666666
81,14466.666666666666
77,14466.666666666666
76,14466.666666666666
65,14466.666666666666
87,14483.333333333332
81,14483.333333333332
77,14483.333333333332
76,14483.333333333332
65,14483.333333333332
87,14500.0
81,14500.0
77,14500.0
76,14500.0
65,14500.0
87,14516.666666666666
81,14516.666666666666
77,14516.666666666666
76,14516.666666666666
65,14516.666666666666
87,14533.333333333334
81,14533.333333333334
77,14533.333333333334
76,14533.333333333334
65,14533.333333333334
95,14549.999999999998
87,14549.999999999998
81,14549.999999999998
77,14549.999999999998
76,14549.999999999998
65,14549.999999999998
95,14566.666666666666
87,14566.666666666666
81,14566.666666666666
77,14566.666666666666
76,14566.666666666666
65,14566.666666666666
87,14583.333333333334
81,14583.333333333334
77,14583.333333333334
76,14583.333333333334
65,14583.333333333334
87,14600.0
81,14600.0
77,14600.0
76,14600.0
65,14600.0
87,14616.666666666668
81,14616.666666666668
77,14616.666666666668
76,14616.666666666668
65,14616.666666666668
87,14633.333333333332
81,14633.333333333332
77,14633.333333333332
76,14633.333333333332
65,14633.333333333332
87,14650.0
81,14650.0
77,14650.0
76,14650.0
65,14650.0
87,14666.666666666666
81,14666.666666666666
77,14666.666666666666
76,14666.666666666666
65,14666.666666666666
87,14683.333333333334
81,14683.333333333334
77,14683.333333333334
76,14683.333333333334
65,14683.333333333334
87,14700.0
81,14700.0
77,14700.0
76,14700.0
65,14700.0
87,14716.666666666666
81,14716.666666666666
77,14716.666666666666
76,14716.666666666666
65,14716.666666666666
97,14733.333333333332
87,14733.333333333332
81,14733.333333333332
77,14733.333333333332
76,14733.333333333332
65,14733.333333333332
97,14750.0
87,14750.0
81,14750.0
77,14750.0
76,14750.0
65,14750.0
87,14766.666666666666
81,14766.666666666666
77,14766.666666666666
76,14766.666666666666
65,14766.666666666666
87,14783.333333333334
81,14783.333333333334
77,14783.333333333334
76,14783.333333333334
65,14783.333333333334
87,14799.999999999998
81,14799.999999999998
77,14799.999999999998
76,14799.999999999998
65,14799.999999999998
87,14816.666666666666
81,14816.666666666666
77,14816.666666666666
76,14816.666666666666
65,14816.666666666666
87,14833.333333333334
81,14833.333333333334
77,14833.333333333334
76,14833.333333333334
65,14833.333333333334
87,14850.0
81,14850.0
77,14850.0
76,14850.0
65,14850.0
87,14866.666666666668
81,14866.666666666668
77,14866.666666666668
76,14866.666666666668
65,14866.666666666668
87,14883.333333333332
81,14883.333333333332
77,14883.333333333332
76,14883.333333333332
65,14883.333333333332
87,14900.0
81,14900.0
77,14900.0
76,14900.0
65,14900.0
87,14916.666666666666
81,14916.666666666666
77,14916.666666666666
76,14916.666666666666
65,14916.666666666666
87,14933.333333333334
81,14933.333333333334
77,14933.333333333334
76,14933.333333333334
65,14933.333333333334
87,14950.0
81,14950.0
77,14950.0
76,14950.0
65,14950.0
87,14966.666666666666
81,14966.666666666666
77,14966.666666666666
76,14966.666666666666
87,14983.333333333332
81,14983.333333333332
77,14983.333333333332
76,14983.333333333332
87,15000.0
81,15000.0
77,15000.0
76,15000.0
87,15016.666666666666
81,15016.666666666666
77,15016.666666666666
76,15016.666666666666
87,15033.333333333334
81,15033.333333333334
77,15033.333333333334
76,15033.333333333334
87,15049.999999999998
81,15049.999999999998
77,15049.999999999998
76,15049.999999999998
87,15066.666666666666
81,15066.666666666666
77,15066.666666666666
76,15066.666666666666
87,15083.333333333334
81,15083.333333333334
77,15083.333333333334
76,15083.333333333334
87,15100.0
81,15100.0
77,15100.0
76,15100.0
87,15116.666666666668
81,15116.666666666668
77,15116.666666666668
76,15116.666666666668
87,15133.333333333332
81,15133.333333333332
76,15133.333333333332
87,15150.0
81,15150.0
76,15150.0
87,15166.666666666666
81,15166.666666666666
76,15166.666666666666
87,15183.333333333334
81,15183.333333333334
76,15183.333333333334
87,15200.0
81,15200.0
76,15200.0
87,15216.666666666666
81,15216.666666666666
76,15216.666666666666
87,15233.333333333332
81,15233.333333333332
76,15233.333333333332
87,15250.0
81,15250.0
76,15250.0
87,15266.666666666666
81,15266.666666666666
76,15266.666666666666
87,15283.333333333334
81,15283.333333333334
76,15283.333333333334
87,15299.999999999998
81,15299.999999999998
76,15299.999999999998
87,15316.666666666666
81,15316.666666666666
76,15316.666666666666
87,15333.333333333334
81,15333.333333333334
76,15333.333333333334
87,15350.0
81,15350.0
76,15350.0
81,15366.666666666668
76,15366.666666666668
81,15383.333333333332
76,15383.333333333332
81,15400.0
76,15400.0
101,15416.666666666666
81,15416.666666666666
76,15416.666666666666
101,15433.333333333334
81,15433.333333333334
76,15433.333333333334
101,15450.0
81,15450.0
76,15450.0
101,15466.666666666666
81,15466.666666666666
76,15466.666666666666
101,15483.333333333332
81,15483.333333333332
76,15483.333333333332
101,15500.0
81,15500.0
76,15500.0
101,15516.666666666666
81,15516.666666666666
76,15516.666666666666
81,15533.333333333334
76,15533.333333333334
81,15549.999999999998
76,15549.999999999998
81,15566.666666666666
76,15566.666666666666
101,15583.333333333334
81,15583.333333333334
76,15583.333333333334
101,15600.0
81,15600.0
76,15600.0
101,15616.666666666668
99,15616.666666666668
81,15616.666666666668
76,15616.666666666668
101,15633.333333333332
99,15633.333333333332
81,15633.333333333332
76,15633.333333333332
101,15650.0
99,15650.0
81,15650.0
76,15650.0
101,15666.666666666666
81,15666.666666666666
76,15666.666666666666
101,15683.333333333334
81,15683.333333333334
76,15683.333333333334
101,15700.0
81,15700.0
76,15700.0
101,15716.666666666666
81,15716.666666666666
76,15716.666666666666
101,15733.333333333332
81,15733.333333333332
76,15733.333333333332
101,15750.0
81,15750.0
76,15750.0
101,15766.666666666666
81,15766.666666666666
76,15766.666666666666
101,15783.333333333334
81,15783.333333333334
76,15783.333333333334
101,15799.999999999998
81,15799.999999999998
76,15799.999999999998
101,15816.666666666666
81,15816.666666666666
76,15816.666666666666
101,15833.333333333334
81,15833.333333333334
76,15833.333333333334
101,15850.0
81,15850.0
76,15850.0
101,15866.666666666668
81,15866.666666666668
76,15866.666666666668
101,15883.333333333332
81,15883.333333333332
76,15883.333333333332
101,15900.0
81,15900.0
76,15900.0
101,15916.666666666666
81,15916.666666666666
76,15916.666666666666
81,15933.333333333334
76,15933.333333333334
81,15950.0
76,15950.0
102,15966.666666666666
81,15966.666666666666
76,15966.666666666666
102,15983.333333333332
81,15983.333333333332
76,15983.333333333332
102,16000.0
81,16000.0
76,16000.0
102,16016.666666666666
81,16016.666666666666
76,16016.666666666666
102,16033.333333333332
101,16033.333333333332
99,16033.333333333332
81,16033.333333333332
76,16033.333333333332
101,16050.0
99,16050.0
81,16050.0
76,16050.0
101,16066.666666666666
99,16066.666666666666
81,16066.666666666666
76,16066.666666666666
101,16083.333333333332
81,16083.333333333332
76,16083.333333333332
101,16100.000000000002
81,16100.000000000002
76,16100.000000000002
101,16116.666666666668
81,16116.666666666668
76,16116.666666666668
101,16133.333333333332
81,16133.333333333332
76,16133.333333333332
101,16149.999999999998
81,16149.999999999998
76,16149.999999999998
101,16166.666666666668
81,16166.666666666668
76,16166.666666666668
103,16183.333333333334
101,16183.333333333334
81,16183.333333333334
76,16183.333333333334
103,16200.0
101,16200.0
81,16200.0
76,16200.0
103,16216.666666666664
101,16216.666666666664
81,16216.666666666664
76,16216.666666666664
101,16233.333333333334
81,16233.333333333334
76,16233.333333333334
101,16250.0
81,16250.0
76,16250.0
102,16266.666666666666
101,16266.666666666666
81,16266.666666666666
76,16266.666666666666
102,16283.333333333332
101,16283.333333333332
81,16283.333333333332
76,16283.333333333332
102,16300.0
101,16300.0
81,16300.0
76,16300.0
102,16316.666666666666
101,16316.666666666666
81,16316.666666666666
76,16316.666666666666
102,16333.333333333332
101,16333.333333333332
81,16333.333333333332
76,16333.333333333332
102,16350.000000000002
101,16350.000000000002
81,16350.000000000002
76,16350.000000000002
102,16366.666666666668
101,16366.666666666668
81,16366.666666666668
76,16366.666666666668
102,16383.333333333332
101,16383.333333333332
81,16383.333333333332
76,16383.333333333332
105,16400.0
102,16400.0
101,16400.0
81,16400.0
76,16400.0
105,16416.666666666668
102,16416.666666666668
101,16416.666666666668
81,16416.666666666668
76,16416.666666666668
105,16433.333333333332
102,16433.333333333332
101,16433.333333333332
81,16433.333333333332
76,16433.333333333332
105,16450.0
102,16450.0
101,16450.0
81,16450.0
76,16450.0
102,16466.666666666664
101,16466.666666666664
81,16466.666666666664
76,16466.666666666664
104,16483.333333333336
102,16483.333333333336
101,16483.333333333336
81,16483.333333333336
76,16483.333333333336
104,16500.0
102,16500.0
101,16500.0
81,16500.0
76,16500.0
104,16516.666666666664
102,16516.666666666664
101,16516.666666666664
81,16516.666666666664
76,16516.666666666664
104,16533.333333333332
102,16533.333333333332
101,16533.333333333332
81,16533.333333333332
76,16533.333333333332
104,16550.0
102,16550.0
101,16550.0
81,16550.0
76,16550.0
104,16566.666666666668
102,16566.666666666668
101,16566.666666666668
81,16566.666666666668
76,16566.666666666668
104,16583.333333333332
102,16583.333333333332
81,16583.333333333332
76,16583.333333333332
106,16600.0
104,16600.0
102,16600.0
81,16600.0
76,16600.0
107,16616.666666666668
106,16616.666666666668
104,16616.666666666668
102,16616.666666666668
81,16616.666666666668
76,16616.666666666668
107,16633.333333333332
106,16633.333333333332
104,16633.333333333332
103,16633.333333333332
102,16633.333333333332
81,16633.333333333332
76,16633.333333333332
107,16650.0
106,16650.0
104,16650.0
102,16650.0
81,16650.0
76,16650.0
107,16666.666666666668
106,16666.666666666668
104,16666.666666666668
102,16666.666666666668
81,16666.666666666668
76,16666.666666666668
107,16683.333333333332
106,16683.333333333332
104,16683.333333333332
102,16683.333333333332
81,16683.333333333332
76,16683.333333333332
108,16700.0
107,16700.0
106,16700.0
104,16700.0
102,16700.0
81,16700.0
76,16700.0
108,16716.666666666664
107,16716.666666666664
106,16716.666666666664
104,16716.666666666664
102,16716.666666666664
81,16716.666666666664
76,16716.666666666664
107,16733.333333333336
106,16733.333333333336
104,16733.333333333336
102,16733.333333333336
81,16733.333333333336
76,16733.333333333336
107,16750.0
106,16750.0
104,16750.0
102,16750.0
81,16750.0
76,16750.0
107,16766.666666666664
106,16766.666666666664
104,16766.666666666664
102,16766.666666666664
81,16766.666666666664
76,16766.666666666664
107,16783.333333333332
106,16783.333333333332
104,16783.333333333332
102,16783.333333333332
81,16783.333333333332
76,16783.333333333332
107,16800.0
106,16800.0
104,16800.0
102,16800.0
81,16800.0
76,16800.0
107,16816.666666666668
106,16816.666666666668
104,16816.666666666668
102,16816.666666666668
81,16816.666666666668
76,16816.666666666668
107,16833.333333333332
106,16833.333333333332
104,16833.333333333332
102,16833.333333333332
81,16833.333333333332
76,16833.333333333332
107,16850.0
106,16850.0
104,16850.0
102,16850.0
81,16850.0
76,16850.0
107,16866.666666666668
106,16866.666666666668
104,16866.666666666668
103,16866.666666666668
102,16866.666666666668
81,16866.666666666668
76,16866.666666666668
107,16883.333333333332
106,16883.333333333332
104,16883.333333333332
103,16883.333333333332
102,16883.333333333332
81,16883.333333333332
76,16883.333333333332
107,16900.0
106,16900.0
104,16900.0
103,16900.0
102,16900.0
81,16900.0
76,16900.0
107,16916.666666666668
106,16916.666666666668
104,16916.666666666668
103,16916.666666666668
102,16916.666666666668
81,16916.666666666668
76,16916.666666666668
107,16933.333333333332
106,16933.333333333332
104,16933.333333333332
103,16933.333333333332
102,16933.333333333332
81,16933.333333333332
76,16933.333333333332
107,16950.0
106,16950.0
104,16950.0
103,16950.0
102,16950.0
81,16950.0
76,16950.0
107,16966.666666666664
106,16966.666666666664
104,16966.666666666664
103,16966.666666666664
102,16966.666666666664
81,16966.666666666664
76,16966.666666666664
107,16983.333333333336
106,16983.333333333336
104,16983.333333333336
103,16983.333333333336
81,16983.333333333336
76,16983.333333333336
109,17000.0
107,17000.0
106,17000.0
104,17000.0
81,17000.0
76,17000.0
109,17016.666666666664
107,17016.666666666664
106,17016.666666666664
104,17016.666666666664
81,17016.666666666664
76,17016.666666666664
109,17033.333333333332
107,17033.333333333332
106,17033.333333333332
104,17033.333333333332
81,17033.333333333332
76,17033.333333333332
109,17050.0
107,17050.0
104,17050.0
81,17050.0
76,17050.0
109,17066.666666666668
104,17066.666666666668
81,17066.666666666668
76,17066.666666666668
109,17083.333333333332
104,17083.333333333332
81,17083.333333333332
76,17083.333333333332
109,17100.0
106,17100.0
104,17100.0
81,17100.0
76,17100.0
109,17116.666666666668
106,17116.666666666668
104,17116.666666666668
103,17116.666666666668
81,17116.666666666668
76,17116.666666666668
109,17133.333333333332
106,17133.333333333332
104,17133.333333333332
103,17133.333333333332
102,17133.333333333332
81,17133.333333333332
76,17133.333333333332
109,17150.0
106,17150.0
104,17150.0
103,17150.0
81,17150.0
76,17150.0
109,17166.666666666668
106,17166.666666666668
104,17166.666666666668
103,17166.666666666668
81,17166.666666666668
76,17166.666666666668
109,17183.333333333332
106,17183.333333333332
104,17183.333333333332
103,17183.333333333332
81,17183.333333333332
76,17183.333333333332
109,17200.0
106,17200.0
104,17200.0
103,17200.0
81,17200.0
76,17200.0
109,17216.666666666664
106,17216.666666666664
104,17216.666666666664
103,17216.666666666664
81,17216.666666666664
76,17216.666666666664
109,17233.333333333336
106,17233.333333333336
104,17233.333333333336
103,17233.333333333336
81,17233.333333333336
76,17233.333333333336
109,17250.0
106,17250.0
104,17250.0
103,17250.0
81,17250.0
76,17250.0
109,17266.666666666664
106,17266.666666666664
104,17266.666666666664
103,17266.666666666664
81,17266.666666666664
76,17266.666666666664
109,17283.333333333332
106,17283.333333333332
104,17283.333333333332
103,17283.333333333332
81,17283.333333333332
76,17283.333333333332
109,17300.0
106,17300.0
104,17300.0
103,17300.0
81,17300.0
76,17300.0
109,17316.666666666668
106,17316.666666666668
104,17316.666666666668
103,17316.666666666668
81,17316.666666666668
76,17316.666666666668
106,17333.333333333332
104,17333.333333333332
103,17333.333333333332
81,17333.333333333332
76,17333.333333333332
106,17350.0
104,17350.0
103,17350.0
81,17350.0
76,17350.0
106,17366.666666666668
104,17366.666666666668
102,17366.666666666668
81,17366.666666666668
76,17366.666666666668
106,17383.333333333332
104,17383.333333333332
81,17383.333333333332
76,17383.333333333332
106,17400.0
104,17400.0
81,17400.0
76,17400.0
106,17416.666666666668
104,17416.666666666668
81,17416.666666666668
76,17416.666666666668
106,17433.333333333332
104,17433.333333333332
102,17433.333333333332
81,17433.333333333332
76,17433.333333333332
106,17450.0
104,17450.0
81,17450.0
76,17450.0
106,17466.666666666664
104,17466.666666666664
103,17466.666666666664
81,17466.666666666664
76,17466.666666666664
106,17483.333333333336
104,17483.333333333336
103,17483.333333333336
81,17483.333333333336
76,17483.333333333336
106,17500.0
104,17500.0
81,17500.0
76,17500.0
109,17516.666666666664
106,17516.666666666664
104,17516.666666666664
81,17516.666666666664
76,17516.666666666664
109,17533.333333333332
106,17533.333333333332
104,17533.333333333332
81,17533.333333333332
76,17533.333333333332
109,17550.0
106,17550.0
104,17550.0
81,17550.0
76,17550.0
109,17566.666666666668
106,17566.666666666668
104,17566.666666666668
81,17566.666666666668
76,17566.666666666668
109,17583.333333333332
106,17583.333333333332
104,17583.333333333332
81,17583.333333333332
76,17583.333333333332
114,17600.0
109,17600.0
106,17600.0
104,17600.0
102,17600.0
81,17600.0
76,17600.0
114,17616.666666666668
109,17616.666666666668
106,17616.666666666668
104,17616.666666666668
103,17616.666666666668
102,17616.666666666668
81,17616.666666666668
76,17616.666666666668
114,17633.333333333332
109,17633.333333333332
106,17633.333333333332
104,17633.333333333332
103,17633.333333333332
102,17633.333333333332
81,17633.333333333332
76,17633.333333333332
114,17650.0
109,17650.0
106,17650.0
104,17650.0
81,17650.0
76,17650.0
114,17666.666666666668
112,17666.666666666668
106,17666.666666666668
104,17666.666666666668
81,17666.666666666668
76,17666.666666666668
114,17683.333333333332
112,17683.333333333332
106,17683.333333333332
104,17683.333333333332
81,17683.333333333332
76,17683.333333333332
114,17700.0
112,17700.0
106,17700.0
104,17700.0
81,17700.0
76,17700.0
114,17716.666666666664
112,17716.666666666664
109,17716.666666666664
106,17716.666666666664
104,17716.666666666664
103,17716.666666666664
81,17716.666666666664
76,17716.666666666664
114,17733.333333333336
112,17733.333333333336
109,17733.333333333336
106,17733.333333333336
104,17733.333333333336
81,17733.333333333336
76,17733.333333333336
115,17750.0
114,17750.0
112,17750.0
109,17750.0
106,17750.0
104,17750.0
81,17750.0
76,17750.0
112,17766.666666666664
109,17766.666666666664
106,17766.666666666664
104,17766.666666666664
81,17766.666666666664
76,17766.666666666664
112,17783.333333333332
109,17783.333333333332
106,17783.333333333332
104,17783.333333333332
81,17783.333333333332
76,17783.333333333332
112,17800.0
109,17800.0
106,17800.0
104,17800.0
81,17800.0
76,17800.0
114,17816.666666666668
112,17816.666666666668
109,17816.666666666668
106,17816.666666666668
104,17816.666666666668
103,17816.666666666668
81,17816.666666666668
76,17816.666666666668
109,17833.333333333332
106,17833.333333333332
104,17833.333333333332
103,17833.333333333332
81,17833.333333333332
76,17833.333333333332
109,17850.0
106,17850.0
104,17850.0
81,17850.0
76,17850.0
109,17866.666666666668
106,17866.666666666668
104,17866.666666666668
81,17866.666666666668
76,17866.666666666668
109,17883.333333333332
106,17883.333333333332
104,17883.333333333332
81,17883.333333333332
76,17883.333333333332
109,17900.0
106,17900.0
104,17900.0
81,17900.0
76,17900.0
109,17916.666666666668
106,17916.666666666668
104,17916.666666666668
102,17916.666666666668
81,17916.666666666668
76,17916.666666666668
109,17933.333333333332
106,17933.333333333332
104,17933.333333333332
102,17933.333333333332
81,17933.333333333332
76,17933.333333333332
109,17950.0
106,17950.0
104,17950.0
81,17950.0
76,17950.0
116,17966.666666666664
114,17966.666666666664
112,17966.666666666664
109,17966.666666666664
106,17966.666666666664
104,17966.666666666664
81,17966.666666666664
76,17966.666666666664
116,17983.333333333336
114,17983.333333333336
112,17983.333333333336
109,17983.333333333336
106,17983.333333333336
104,17983.333333333336
81,17983.333333333336
76,17983.333333333336
116,18000.0
112,18000.0
106,18000.0
104,18000.0
81,18000.0
76,18000.0
116,18016.666666666664
112,18016.666666666664
106,18016.666666666664
104,18016.666666666664
81,18016.666666666664
76,18016.666666666664
112,18033.333333333332
106,18033.333333333332
104,18033.333333333332
81,18033.333333333332
76,18033.333333333332
112,18050.0
106,18050.0
104,18050.0
81,18050.0
76,18050.0
112,18066.666666666668
106,18066.666666666668
104,18066.666666666668
81,18066.666666666668
76,18066.666666666668
116,18083.333333333332
114,18083.333333333332
112,18083.333333333332
106,18083.333333333332
104,18083.333333333332
103,18083.333333333332
102,18083.333333333332
81,18083.333333333332
76,18083.333333333332
116,18100.0
114,18100.0
112,18100.0
106,18100.0
104,18100.0
103,18100.0
81,18100.0
76,18100.0
116,18116.666666666668
114,18116.666666666668
112,18116.666666666668
106,18116.666666666668
104,18116.666666666668
103,18116.666666666668
81,18116.666666666668
76,18116.666666666668
116,18133.333333333332
114,18133.333333333332
112,18133.333333333332
106,18133.333333333332
104,18133.333333333332
103,18133.333333333332
81,18133.333333333332
76,18133.333333333332
116,18150.0
114,18150.0
112,18150.0
106,18150.0
104,18150.0
103,18150.0
81,18150.0
76,18150.0
116,18166.666666666668
114,18166.666666666668
112,18166.666666666668
106,18166.666666666668
104,18166.666666666668
102,18166.666666666668
81,18166.666666666668
76,18166.666666666668
116,18183.333333333332
114,18183.333333333332
112,18183.333333333332
106,18183.333333333332
104,18183.333333333332
102,18183.333333333332
81,18183.333333333332
76,18183.333333333332
116,18200.0
114,18200.0
112,18200.0
106,18200.0
104,18200.0
102,18200.0
81,18200.0
76,18200.0
116,18216.666666666664
114,18216.666666666664
112,18216.666666666664
106,18216.666666666664
104,18216.666666666664
102,18216.666666666664
81,18216.666666666664
76,18216.666666666664
116,18233.333333333336
114,18233.333333333336
106,18233.333333333336
104,18233.333333333336
102,18233.333333333336
81,18233.333333333336
76,18233.333333333336
116,18250.0
114,18250.0
106,18250.0
104,18250.0
102,18250.0
81,18250.0
76,18250.0
116,18266.666666666664
114,18266.666666666664
106,18266.666666666664
104,18266.666666666664
102,18266.666666666664
81,18266.666666666664
76,18266.666666666664
116,18283.333333333332
114,18283.333333333332
106,18283.333333333332
104,18283.333333333332
102,18283.333333333332
81,18283.333333333332
76,18283.333333333332
116,18300.0
114,18300.0
106,18300.0
104,18300.0
102,18300.0
81,18300.0
76,18300.0
116,18316.666666666668
115,18316.666666666668
114,18316.666666666668
106,18316.666666666668
104,18316.666666666668
102,18316.666666666668
81,18316.666666666668
76,18316.666666666668
116,18333.333333333332
114,18333.333333333332
106,18333.333333333332
104,18333.333333333332
102,18333.333333333332
81,18333.333333333332
76,18333.333333333332
116,18350.0
114,18350.0
106,18350.0
104,18350.0
102,18350.0
81,18350.0
76,18350.0
116,18366.666666666668
114,18366.666666666668
106,18366.666666666668
104,18366.666666666668
102,18366.666666666668
81,18366.666666666668
76,18366.666666666668
116,18383.333333333332
114,18383.333333333332
106,18383.333333333332
104,18383.333333333332
102,18383.333333333332
81,18383.333333333332
76,18383.333333333332
116,18400.0
114,18400.0
106,18400.0
104,18400.0
102,18400.0
81,18400.0
76,18400.0
116,18416.666666666668
114,18416.666666666668
106,18416.666666666668
104,18416.666666666668
102,18416.666666666668
81,18416.666666666668
76,18416.666666666668
116,18433.333333333332
114,18433.333333333332
106,18433.333333333332
104,18433.333333333332
102,18433.333333333332
81,18433.333333333332
76,18433.333333333332
116,18450.0
114,18450.0
106,18450.0
104,18450.0
102,18450.0
81,18450.0
76,18450.0
116,18466.666666666664
114,18466.666666666664
106,18466.666666666664
104,18466.666666666664
102,18466.666666666664
81,18466.666666666664
76,18466.666666666664
116,18483.333333333336
114,18483.333333333336
106,18483.333333333336
104,18483.333333333336
102,18483.333333333336
81,18483.333333333336
76,18483.333333333336
116,18500.0
114,18500.0
106,18500.0
104,18500.0
102,18500.0
81,18500.0
76,18500.0
116,18516.666666666664
114,18516.666666666664
106,18516.666666666664
104,18516.666666666664
102,18516.666666666664
81,18516.666666666664
76,18516.666666666664
116,18533.333333333332
114,18533.333333333332
106,18533.333333333332
104,18533.333333333332
102,18533.333333333332
81,18533.333333333332
76,18533.333333333332
116,18550.0
114,18550.0
106,18550.0
104,18550.0
102,18550.0
81,18550.0
76,18550.0
116,18566.666666666668
114,18566.666666666668
106,18566.666666666668
104,18566.666666666668
102,18566.666666666668
81,18566.666666666668
76,18566.666666666668
116,18583.333333333332
114,18583.333333333332
106,18583.333333333332
104,18583.333333333332
102,18583.333333333332
81,18583.333333333332
76,18583.333333333332
116,18600.0
114,18600.0
106,18600.0
104,18600.0
102,18600.0
81,18600.0
76,18600.0
116,18616.666666666668
114,18616.666666666668
106,18616.666666666668
104,18616.666666666668
102,18616.666666666668
81,18616.666666666668
76,18616.666666666668
116,18633.333333333332
114,18633.333333333332
106,18633.333333333332
104,18633.333333333332
102,18633.333333333332
81,18633.333333333332
76,18633.333333333332
116,18650.0
114,18650.0
106,18650.0
104,18650.0
102,18650.0
81,18650.0
76,18650.0
116,18666.666666666668
114,18666.666666666668
106,18666.666666666668
104,18666.666666666668
102,18666.666666666668
81,18666.666666666668
76,18666.666666666668
116,18683.333333333332
114,18683.333333333332
106,18683.333333333332
104,18683.333333333332
102,18683.333333333332
81,18683.333333333332
76,18683.333333333332
118,18700.0
114,18700.0
106,18700.0
104,18700.0
102,18700.0
81,18700.0
76,18700.0
118,18716.666666666664
114,18716.666666666664
106,18716.666666666664
104,18716.666666666664
102,18716.666666666664
81,18716.666666666664
76,18716.666666666664
118,18733.333333333336
114,18733.333333333336
106,18733.333333333336
104,18733.333333333336
102,18733.333333333336
81,18733.333333333336
76,18733.333333333336
118,18750.0
114,18750.0
106,18750.0
104,18750.0
102,18750.0
81,18750.0
76,18750.0
118,18766.666666666664
114,18766.666666666664
106,18766.666666666664
104,18766.666666666664
102,18766.666666666664
81,18766.666666666664
76,18766.666666666664
118,18783.333333333332
114,18783.333333333332
106,18783.333333333332
104,18783.333333333332
102,18783.333333333332
81,18783.333333333332
76,18783.333333333332
118,18800.0
114,18800.0
106,18800.0
104,18800.0
102,18800.0
81,18800.0
76,18800.0
118,18816.666666666668
116,18816.666666666668
114,18816.666666666668
106,18816.666666666668
104,18816.666666666668
102,18816.666666666668
81,18816.666666666668
76,18816.666666666668
119,18833.333333333332
118,18833.333333333332
116,18833.333333333332
115,18833.333333333332
114,18833.333333333332
106,18833.333333333332
104,18833.333333333332
102,18833.333333333332
81,18833.333333333332
76,18833.333333333332
119,18850.0
118,18850.0
116,18850.0
115,18850.0
114,18850.0
106,18850.0
104,18850.0
102,18850.0
81,18850.0
76,18850.0
119,18866.666666666668
118,18866.666666666668
116,18866.666666666668
115,18866.666666666668
114,18866.666666666668
106,18866.666666666668
104,18866.666666666668
102,18866.666666666668
81,18866.666666666668
76,18866.666666666668
119,18883.333333333332
118,18883.333333333332
116,18883.333333333332
115,18883.333333333332
114,18883.333333333332
106,18883.333333333332
104,18883.333333333332
102,18883.333333333332
81,18883.333333333332
76,18883.333333333332
119,18900.0
116,18900.0
115,18900.0
114,18900.0
106,18900.0
104,18900.0
102,18900.0
81,18900.0
76,18900.0
119,18916.666666666668
116,18916.666666666668
115,18916.666666666668
114,18916.666666666668
106,18916.666666666668
104,18916.666666666668
102,18916.666666666668
81,18916.666666666668
76,18916.666666666668
119,18933.333333333332
116,18933.333333333332
114,18933.333333333332
106,18933.333333333332
104,18933.333333333332
102,18933.333333333332
81,18933.333333333332
76,18933.333333333332
118,18950.0
116,18950.0
114,18950.0
106,18950.0
104,18950.0
102,18950.0
81,18950.0
76,18950.0
118,18966.666666666664
116,18966.666666666664
114,18966.666666666664
106,18966.666666666664
104,18966.666666666664
102,18966.666666666664
81,18966.666666666664
118,18983.333333333336
116,18983.333333333336
114,18983.333333333336
106,18983.333333333336
104,18983.333333333336
102,18983.333333333336
81,18983.333333333336
116,19000.0
114,19000.0
106,19000.0
104,19000.0
102,19000.0
81,19000.0
116,19016.666666666664
114,19016.666666666664
106,19016.666666666664
104,19016.666666666664
102,19016.666666666664
81,19016.666666666664
116,19033.333333333332
106,19033.333333333332
104,19033.333333333332
102,19033.333333333332
81,19033.333333333332
116,19050.0
106,19050.0
104,19050.0
102,19050.0
81,19050.0
116,19066.666666666668
106,19066.666666666668
104,19066.666666666668
102,19066.666666666668
81,19066.666666666668
116,19083.333333333332
106,19083.333333333332
104,19083.333333333332
102,19083.333333333332
81,19083.333333333332
116,19100.0
106,19100.0
104,19100.0
102,19100.0
81,19100.0
116,19116.666666666668
106,19116.666666666668
104,19116.666666666668
102,19116.666666666668
81,19116.666666666668
121,19133.333333333332
116,19133.333333333332
106,19133.333333333332
104,19133.333333333332
102,19133.333333333332
81,19133.333333333332
116,19150.0
106,19150.0
104,19150.0
102,19150.0
81,19150.0
116,19166.666666666668
106,19166.666666666668
104,19166.666666666668
102,19166.666666666668
81,19166.666666666668
116,19183.333333333332
106,19183.333333333332
104,19183.333333333332
102,19183.333333333332
81,19183.333333333332
116,19200.0
106,19200.0
104,19200.0
102,19200.0
81,19200.0
118,19216.666666666664
116,19216.666666666664
106,19216.666666666664
104,19216.666666666664
102,19216.666666666664
81,19216.666666666664
118,19233.333333333336
116,19233.333333333336
106,19233.333333333336
104,19233.333333333336
102,19233.333333333336
81,19233.333333333336
118,19250.0
116,19250.0
106,19250.0
104,19250.0
102,19250.0
81,19250.0
120,19266.666666666664
118,19266.666666666664
116,19266.666666666664
106,19266.666666666664
104,19266.666666666664
102,19266.666666666664
81,19266.666666666664
120,19283.333333333332
116,19283.333333333332
106,19283.333333333332
104,19283.333333333332
102,19283.333333333332
81,19283.333333333332
120,19300.0
106,19300.0
104,19300.0
102,19300.0
81,19300.0
120,19316.666666666668
106,19316.666666666668
104,19316.666666666668
102,19316.666666666668
81,19316.666666666668
120,19333.333333333332
106,19333.333333333332
104,19333.333333333332
102,19333.333333333332
81,19333.333333333332
106,19350.0
104,19350.0
102,19350.0
81,19350.0
116,19366.666666666668
106,19366.666666666668
104,19366.666666666668
102,19366.666666666668
81,19366.666666666668
106,19383.333333333332
104,19383.333333333332
102,19383.333333333332
81,19383.333333333332
118,19400.0
106,19400.0
104,19400.0
102,19400.0
81,19400.0
121,19416.666666666668
118,19416.666666666668
106,19416.666666666668
104,19416.666666666668
102,19416.666666666668
81,19416.666666666668
118,19433.333333333332
116,19433.333333333332
106,19433.333333333332
104,19433.333333333332
102,19433.333333333332
81,19433.333333333332
116,19450.0
106,19450.0
104,19450.0
102,19450.0
81,19450.0
106,19466.666666666664
104,19466.666666666664
102,19466.666666666664
81,19466.666666666664
121,19483.333333333336
106,19483.333333333336
104,19483.333333333336
102,19483.333333333336
81,19483.333333333336
121,19500.0
106,19500.0
104,19500.0
102,19500.0
81,19500.0
121,19516.666666666664
106,19516.666666666664
104,19516.666666666664
102,19516.666666666664
81,19516.666666666664
121,19533.333333333332
106,19533.333333333332
104,19533.333333333332
102,19533.333333333332
81,19533.333333333332
123,19550.0
121,19550.0
106,19550.0
104,19550.0
102,19550.0
81,19550.0
121,19566.666666666668
120,19566.666666666668
106,19566.666666666668
104,19566.666666666668
102,19566.666666666668
81,19566.666666666668
121,19583.333333333332
120,19583.333333333332
106,19583.333333333332
104,19583.333333333332
102,19583.333333333332
81,19583.333333333332
121,19600.0
120,19600.0
106,19600.0
104,19600.0
102,19600.0
81,19600.0
121,19616.666666666668
120,19616.666666666668
118,19616.666666666668
106,19616.666666666668
104,19616.666666666668
102,19616.666666666668
81,19616.666666666668
121,19633.333333333332
120,19633.333333333332
118,19633.333333333332
106,19633.333333333332
104,19633.333333333332
102,19633.333333333332
81,19633.333333333332
121,19650.0
120,19650.0
118,19650.0
106,19650.0
104,19650.0
102,19650.0
81,19650.0
121,19666.666666666668
120,19666.666666666668
118,19666.666666666668
106,19666.666666666668
104,19666.666666666668
102,19666.666666666668
81,19666.666666666668
121,19683.333333333332
120,19683.333333333332
118,19683.333333333332
106,19683.333333333332
104,19683.333333333332
102,19683.333333333332
81,19683.333333333332
121,19700.0
120,19700.0
118,19700.0
106,19700.0
104,19700.0
102,19700.0
81,19700.0
121,19716.666666666664
120,19716.666666666664
118,19716.666666666664
106,19716.666666666664
104,19716.666666666664
102,19716.666666666664
81,19716.666666666664
121,19733.333333333336
120,19733.333333333336
106,19733.333333333336
104,19733.333333333336
102,19733.333333333336
81,19733.333333333336
121,19750.0
120,19750.0
106,19750.0
104,19750.0
102,19750.0
81,19750.0
121,19766.666666666664
120,19766.666666666664
106,19766.666666666664
104,19766.666666666664
102,19766.666666666664
81,19766.666666666664
121,19783.333333333332
120,19783.333333333332
106,19783.333333333332
104,19783.333333333332
102,19783.333333333332
81,19783.333333333332
121,19800.0
120,19800.0
106,19800.0
104,19800.0
102,19800.0
81,19800.0
121,19816.666666666668
120,19816.666666666668
106,19816.666666666668
104,19816.666666666668
102,19816.666666666668
81,19816.666666666668
121,19833.333333333332
120,19833.333333333332
118,19833.333333333332
106,19833.333333333332
104,19833.333333333332
102,19833.333333333332
81,19833.333333333332
121,19850.0
120,19850.0
106,19850.0
104,19850.0
102,19850.0
81,19850.0
121,19866.666666666668
120,19866.666666666668
106,19866.666666666668
104,19866.666666666668
102,19866.666666666668
81,19866.666666666668
121,19883.333333333332
120,19883.333333333332
106,19883.333333333332
104,19883.333333333332
102,19883.333333333332
81,19883.333333333332
121,19900.0
120,19900.0
106,19900.0
104,19900.0
102,19900.0
81,19900.0
121,19916.666666666668
120,19916.666666666668
106,19916.666666666668
104,19916.666666666668
102,19916.666666666668
81,19916.666666666668
124,19933.333333333332
121,19933.333333333332
120,19933.333333333332
118,19933.333333333332
106,19933.333333333332
104,19933.333333333332
102,19933.333333333332
81,19933.333333333332
124,19950.0
121,19950.0
120,19950.0
118,19950.0
106,19950.0
104,19950.0
102,19950.0
81,19950.0
121,19966.666666666664
120,19966.666666666664
118,19966.666666666664
106,19966.666666666664
104,19966.666666666664
102,19966.666666666664
81,19966.666666666664
121,19983.333333333336
120,19983.333333333336
118,19983.333333333336
106,19983.333333333336
104,19983.333333333336
102,19983.333333333336
81,19983.333333333336
120,20000.0
118,20000.0
106,20000.0
104,20000.0
102,20000.0
81,20000.0
125,20016.666666666664
124,20016.666666666664
120,20016.666666666664
118,20016.666666666664
106,20016.666666666664
104,20016.666666666664
102,20016.666666666664
81,20016.666666666664
125,20033.333333333332
124,20033.333333333332
120,20033.333333333332
118,20033.333333333332
106,20033.333333333332
104,20033.333333333332
102,20033.333333333332
81,20033.333333333332
125,20050.0
124,20050.0
120,20050.0
118,20050.0
106,20050.0
104,20050.0
102,20050.0
81,20050.0
125,20066.666666666668
124,20066.666666666668
120,20066.666666666668
118,20066.666666666668
106,20066.666666666668
104,20066.666666666668
102,20066.666666666668
81,20066.666666666668
125,20083.333333333332
124,20083.333333333332
120,20083.333333333332
118,20083.333333333332
106,20083.333333333332
104,20083.333333333332
102,20083.333333333332
81,20083.333333333332
126,20100.0
125,20100.0
124,20100.0
120,20100.0
106,20100.0
104,20100.0
102,20100.0
81,20100.0
126,20116.666666666668
125,20116.666666666668
124,20116.666666666668
120,20116.666666666668
106,20116.666666666668
104,20116.666666666668
102,20116.666666666668
81,20116.666666666668
125,20133.333333333332
124,20133.333333333332
120,20133.333333333332
106,20133.333333333332
104,20133.333333333332
102,20133.333333333332
81,20133.333333333332
125,20150.0
124,20150.0
120,20150.0
106,20150.0
104,20150.0
102,20150.0
81,20150.0
125,20166.666666666668
124,20166.666666666668
120,20166.666666666668
106,20166.666666666668
104,20166.666666666668
102,20166.666666666668
81,20166.666666666668
125,20183.333333333332
124,20183.333333333332
120,20183.333333333332
106,20183.333333333332
104,20183.333333333332
102,20183.333333333332
81,20183.333333333332
125,20200.0
120,20200.0
106,20200.0
104,20200.0
102,20200.0
81,20200.0
125,20216.666666666664
120,20216.666666666664
106,20216.666666666664
104,20216.666666666664
102,20216.666666666664
81,20216.666666666664
125,20233.333333333336
120,20233.333333333336
106,20233.333333333336
104,20233.333333333336
102,20233.333333333336
81,20233.333333333336
125,20250.0
120,20250.0
106,20250.0
104,20250.0
102,20250.0
81,20250.0
127,20266.666666666664
125,20266.666666666664
124,20266.666666666664
120,20266.666666666664
106,20266.666666666664
104,20266.666666666664
102,20266.666666666664
81,20266.666666666664
127,20283.333333333332
125,20283.333333333332
120,20283.333333333332
106,20283.333333333332
104,20283.333333333332
102,20283.333333333332
81,20283.333333333332
127,20300.0
125,20300.0
120,20300.0
106,20300.0
104,20300.0
102,20300.0
81,20300.0
127,20316.666666666668
125,20316.666666666668
120,20316.666666666668
106,20316.666666666668
104,20316.666666666668
102,20316.666666666668
81,20316.666666666668
125,20333.333333333332
124,20333.333333333332
120,20333.333333333332
106,20333.333333333332
104,20333.333333333332
102,20333.333333333332
81,20333.333333333332
125,20350.0
124,20350.0
120,20350.0
106,20350.0
104,20350.0
102,20350.0
81,20350.0
125,20366.666666666668
124,20366.666666666668
120,20366.666666666668
106,20366.666666666668
104,20366.666666666668
102,20366.666666666668
81,20366.666666666668
125,20383.333333333332
124,20383.333333333332
120,20383.333333333332
106,20383.333333333332
104,20383.333333333332
102,20383.333333333332
81,20383.333333333332
125,20400.0
124,20400.0
120,20400.0
106,20400.0
104,20400.0
102,20400.0
81,20400.0
125,20416.666666666668
124,20416.666666666668
120,20416.666666666668
106,20416.666666666668
104,20416.666666666668
102,20416.666666666668
81,20416.666666666668
125,20433.333333333332
124,20433.333333333332
120,20433.333333333332
106,20433.333333333332
104,20433.333333333332
102,20433.333333333332
81,20433.333333333332
125,20450.0
124,20450.0
120,20450.0
106,20450.0
104,20450.0
102,20450.0
81,20450.0
125,20466.666666666664
124,20466.666666666664
120,20466.666666666664
106,20466.666666666664
104,20466.666666666664
102,20466.666666666664
81,20466.666666666664
125,20483.333333333336
124,20483.333333333336
120,20483.333333333336
106,20483.333333333336
104,20483.333333333336
102,20483.333333333336
81,20483.333333333336
125,20500.0
124,20500.0
120,20500.0
106,20500.0
104,20500.0
102,20500.0
81,20500.0
125,20516.666666666664
124,20516.666666666664
120,20516.666666666664
106,20516.666666666664
104,20516.666666666664
102,20516.666666666664
81,20516.666666666664
125,20533.333333333332
124,20533.333333333332
120,20533.333333333332
106,20533.333333333332
104,20533.333333333332
102,20533.333333333332
81,20533.333333333332
125,20550.0
124,20550.0
120,20550.0
106,20550.0
104,20550.0
102,20550.0
81,20550.0
125,20566.666666666668
124,20566.666666666668
120,20566.666666666668
106,20566.666666666668
104,20566.666666666668
102,20566.666666666668
81,20566.666666666668
124,20583.333333333332
120,20583.333333333332
106,20583.333333333332
104,20583.333333333332
102,20583.333333333332
81,20583.333333333332
124,20600.0
120,20600.0
106,20600.0
104,20600.0
102,20600.0
81,20600.0
124,20616.666666666668
120,20616.666666666668
106,20616.666666666668
104,20616.666666666668
102,20616.666666666668
81,20616.666666666668
125,20633.333333333332
124,20633.333333333332
120,20633.333333333332
106,20633.333333333332
104,20633.333333333332
102,20633.333333333332
81,20633.333333333332
124,20650.0
120,20650.0
106,20650.0
104,20650.0
102,20650.0
81,20650.0
124,20666.666666666668
120,20666.666666666668
106,20666.666666666668
104,20666.666666666668
102,20666.666666666668
81,20666.666666666668
124,20683.333333333332
120,20683.333333333332
106,20683.333333333332
104,20683.333333333332
102,20683.333333333332
81,20683.333333333332
124,20700.0
120,20700.0
106,20700.0
104,20700.0
102,20700.0
81,20700.0
124,20716.666666666664
120,20716.666666666664
106,20716.666666666664
104,20716.666666666664
102,20716.666666666664
81,20716.666666666664
124,20733.333333333336
120,20733.333333333336
106,20733.333333333336
104,20733.333333333336
102,20733.333333333336
81,20733.333333333336
124,20750.0
120,20750.0
106,20750.0
104,20750.0
102,20750.0
81,20750.0
124,20766.666666666664
120,20766.666666666664
106,20766.666666666664
104,20766.666666666664
102,20766.666666666664
81,20766.666666666664
124,20783.333333333332
120,20783.333333333332
106,20783.333333333332
104,20783.333333333332
102,20783.333333333332
81,20783.333333333332
124,20800.0
120,20800.0
106,20800.0
104,20800.0
102,20800.0
81,20800.0
124,20816.666666666668
120,20816.666666666668
106,20816.666666666668
104,20816.666666666668
102,20816.666666666668
81,20816.666666666668
132,20833.333333333332
128,20833.333333333332
124,20833.333333333332
120,20833.333333333332
106,20833.333333333332
104,20833.333333333332
102,20833.333333333332
81,20833.333333333332
124,20850.0
120,20850.0
106,20850.0
104,20850.0
102,20850.0
81,20850.0
124,20866.666666666668
120,20866.666666666668
106,20866.666666666668
104,20866.666666666668
102,20866.666666666668
81,20866.666666666668
124,20883.333333333332
120,20883.333333333332
106,20883.333333333332
104,20883.333333333332
102,20883.333333333332
81,20883.333333333332
124,20900.0
120,20900.0
106,20900.0
104,20900.0
102,20900.0
81,20900.0
124,20916.666666666668
120,20916.666666666668
106,20916.666666666668
104,20916.666666666668
102,20916.666666666668
81,20916.666666666668
124,20933.333333333332
120,20933.333333333332
106,20933.333333333332
104,20933.333333333332
102,20933.333333333332
81,20933.333333333332
124,20950.0
106,20950.0
104,20950.0
102,20950.0
81,20950.0
124,20966.666666666664
106,20966.666666666664
104,20966.666666666664
102,20966.666666666664
81,20966.666666666664
132,20983.333333333336
125,20983.333333333336
124,20983.333333333336
106,20983.333333333336
104,20983.333333333336
102,20983.333333333336
81,20983.333333333336
132,21000.0
124,21000.0
106,21000.0
104,21000.0
102,21000.0
81,21000.0
132,21016.666666666664
124,21016.666666666664
106,21016.666666666664
104,21016.666666666664
102,21016.666666666664
81,21016.666666666664
132,21033.333333333332
124,21033.333333333332
106,21033.333333333332
104,21033.333333333332
102,21033.333333333332
81,21033.333333333332
132,21050.0
124,21050.0
106,21050.0
104,21050.0
102,21050.0
81,21050.0
132,21066.666666666668
125,21066.666666666668
124,21066.666666666668
106,21066.666666666668
104,21066.666666666668
102,21066.666666666668
81,21066.666666666668
132,21083.333333333332
125,21083.333333333332
124,21083.333333333332
106,21083.333333333332
104,21083.333333333332
81,21083.333333333332
132,21100.0
128,21100.0
125,21100.0
124,21100.0
106,21100.0
104,21100.0
81,21100.0
132,21116.666666666668
128,21116.666666666668
124,21116.666666666668
106,21116.666666666668
104,21116.666666666668
81,21116.666666666668
132,21133.333333333332
128,21133.333333333332
124,21133.333333333332
106,21133.333333333332
104,21133.333333333332
81,21133.333333333332
132,21150.0
128,21150.0
124,21150.0
106,21150.0
104,21150.0
81,21150.0
132,21166.666666666668
124,21166.666666666668
106,21166.666666666668
104,21166.666666666668
81,21166.666666666668
132,21183.333333333332
124,21183.333333333332
106,21183.333333333332
104,21183.333333333332
81,21183.333333333332
132,21200.0
124,21200.0
106,21200.0
104,21200.0
102,21200.0
81,21200.0
132,21216.666666666664
128,21216.666666666664
124,21216.666666666664
106,21216.666666666664
104,21216.666666666664
102,21216.666666666664
81,21216.666666666664
132,21233.333333333336
124,21233.333333333336
106,21233.333333333336
104,21233.333333333336
102,21233.333333333336
81,21233.333333333336
132,21250.0
124,21250.0
106,21250.0
104,21250.0
102,21250.0
81,21250.0
132,21266.666666666664
124,21266.666666666664
106,21266.666666666664
104,21266.666666666664
102,21266.666666666664
81,21266.666666666664
132,21283.333333333332
124,21283.333333333332
120,21283.333333333332
106,21283.333333333332
104,21283.333333333332
102,21283.333333333332
81,21283.333333333332
132,21300.0
124,21300.0
120,21300.0
106,21300.0
104,21300.0
102,21300.0
81,21300.0
132,21316.666666666668
125,21316.666666666668
124,21316.666666666668
120,21316.666666666668
106,21316.666666666668
104,21316.666666666668
102,21316.666666666668
81,21316.666666666668
132,21333.333333333332
125,21333.333333333332
124,21333.333333333332
120,21333.333333333332
106,21333.333333333332
104,21333.333333333332
102,21333.333333333332
81,21333.333333333332
136,21350.0
132,21350.0
125,21350.0
124,21350.0
120,21350.0
106,21350.0
104,21350.0
102,21350.0
81,21350.0
136,21366.666666666668
132,21366.666666666668
125,21366.666666666668
124,21366.666666666668
120,21366.666666666668
106,21366.666666666668
104,21366.666666666668
102,21366.666666666668
81,21366.666666666668
136,21383.333333333332
132,21383.333333333332
125,21383.333333333332
124,21383.333333333332
106,21383.333333333332
104,21383.333333333332
102,21383.333333333332
81,21383.333333333332
136,21400.0
132,21400.0
125,21400.0
124,21400.0
106,21400.0
104,21400.0
102,21400.0
81,21400.0
136,21416.666666666668
132,21416.666666666668
124,21416.666666666668
106,21416.666666666668
104,21416.666666666668
102,21416.666666666668
81,21416.666666666668
136,21433.333333333332
132,21433.333333333332
124,21433.333333333332
106,21433.333333333332
104,21433.333333333332
102,21433.333333333332
136,21450.0
132,21450.0
124,21450.0
106,21450.0
104,21450.0
102,21450.0
136,21466.666666666664
132,21466.666666666664
124,21466.666666666664
106,21466.666666666664
104,21466.666666666664
102,21466.666666666664
136,21483.333333333336
132,21483.333333333336
124,21483.333333333336
106,21483.333333333336
104,21483.333333333336
102,21483.333333333336
136,21500.0
132,21500.0
124,21500.0
106,21500.0
104,21500.0
102,21500.0
136,21516.666666666664
132,21516.666666666664
125,21516.666666666664
124,21516.666666666664
106,21516.666666666664
104,21516.666666666664
102,21516.666666666664
136,21533.333333333332
132,21533.333333333332
125,21533.333333333332
124,21533.333333333332
106,21533.333333333332
104,21533.333333333332
102,21533.333333333332
136,21550.0
132,21550.0
125,21550.0
124,21550.0
106,21550.0
104,21550.0
102,21550.0
136,21566.666666666668
132,21566.666666666668
124,21566.666666666668
106,21566.666666666668
104,21566.666666666668
102,21566.666666666668
136,21583.333333333332
132,21583.333333333332
124,21583.333333333332
106,21583.333333333332
104,21583.333333333332
102,21583.333333333332
136,21600.0
132,21600.0
124,21600.0
106,21600.0
104,21600.0
102,21600.0
136,21616.666666666668
132,21616.666666666668
125,21616.666666666668
124,21616.666666666668
106,21616.666666666668
104,21616.666666666668
102,21616.666666666668
136,21633.333333333332
132,21633.333333333332
125,21633.333333333332
124,21633.333333333332
106,21633.333333333332
104,21633.333333333332
102,21633.333333333332
136,21650.0
132,21650.0
125,21650.0
124,21650.0
106,21650.0
104,21650.0
102,21650.0
136,21666.666666666668
132,21666.666666666668
125,21666.666666666668
124,21666.666666666668
106,21666.666666666668
104,21666.666666666668
102,21666.666666666668
136,21683.333333333332
132,21683.333333333332
125,21683.333333333332
124,21683.333333333332
106,21683.333333333332
104,21683.333333333332
102,21683.333333333332
136,21700.0
132,21700.0
125,21700.0
124,21700.0
106,21700.0
104,21700.0
102,21700.0
136,21716.666666666664
132,21716.666666666664
125,21716.666666666664
124,21716.666666666664
106,21716.666666666664
104,21716.666666666664
102,21716.666666666664
136,21733.333333333336
132,21733.333333333336
125,21733.333333333336
124,21733.333333333336
106,21733.333333333336
104,21733.333333333336
102,21733.333333333336
136,21750.0
132,21750.0
125,21750.0
124,21750.0
106,21750.0
104,21750.0
102,21750.0
136,21766.666666666664
132,21766.666666666664
125,21766.666666666664
124,21766.666666666664
106,21766.666666666664
104,21766.666666666664
102,21766.666666666664
136,21783.333333333332
132,21783.333333333332
125,21783.333333333332
124,21783.333333333332
106,21783.333333333332
104,21783.333333333332
102,21783.333333333332
136,21800.0
132,21800.0
125,21800.0
124,21800.0
106,21800.0
104,21800.0
102,21800.0
136,21816.666666666668
132,21816.666666666668
125,21816.666666666668
124,21816.666666666668
106,21816.666666666668
104,21816.666666666668
102,21816.666666666668
136,21833.333333333332
132,21833.333333333332
125,21833.333333333332
124,21833.333333333332
106,21833.333333333332
104,21833.333333333332
102,21833.333333333332
136,21850.0
132,21850.0
125,21850.0
124,21850.0
106,21850.0
104,21850.0
102,21850.0
136,21866.666666666668
132,21866.666666666668
125,21866.666666666668
124,21866.666666666668
106,21866.666666666668
104,21866.666666666668
102,21866.666666666668
136,21883.333333333332
132,21883.333333333332
125,21883.333333333332
124,21883.333333333332
106,21883.333333333332
104,21883.333333333332
102,21883.333333333332
136,21900.0
132,21900.0
125,21900.0
124,21900.0
106,21900.0
104,21900.0
102,21900.0
136,21916.666666666668
132,21916.666666666668
125,21916.666666666668
124,21916.666666666668
106,21916.666666666668
104,21916.666666666668
102,21916.666666666668
136,21933.333333333332
132,21933.333333333332
125,21933.333333333332
124,21933.333333333332
106,21933.333333333332
104,21933.333333333332
102,21933.333333333332
136,21950.0
132,21950.0
125,21950.0
124,21950.0
106,21950.0
104,21950.0
102,21950.0
136,21966.666666666664
132,21966.666666666664
125,21966.666666666664
124,21966.666666666664
106,21966.666666666664
104,21966.666666666664
102,21966.666666666664
136,21983.333333333336
132,21983.333333333336
125,21983.333333333336
124,21983.333333333336
106,21983.333333333336
104,21983.333333333336
102,21983.333333333336
136,22000.0
132,22000.0
125,22000.0
124,22000.0
106,22000.0
104,22000.0
102,22000.0
136,22016.666666666664
132,22016.666666666664
125,22016.666666666664
124,22016.666666666664
106,22016.666666666664
104,22016.666666666664
102,22016.666666666664
136,22033.333333333332
132,22033.333333333332
125,22033.333333333332
124,22033.333333333332
106,22033.333333333332
104,22033.333333333332
102,22033.333333333332
136,22050.0
132,22050.0
125,22050.0
124,22050.0
106,22050.0
104,22050.0
102,22050.0
136,22066.666666666668
132,22066.666666666668
125,22066.666666666668
124,22066.666666666668
106,22066.666666666668
104,22066.666666666668
102,22066.666666666668
136,22083.333333333332
132,22083.333333333332
125,22083.333333333332
124,22083.333333333332
106,22083.333333333332
104,22083.333333333332
102,22083.333333333332
136,22100.0
132,22100.0
125,22100.0
124,22100.0
106,22100.0
104,22100.0
102,22100.0
136,22116.666666666668
132,22116.666666666668
125,22116.666666666668
124,22116.666666666668
106,22116.666666666668
104,22116.666666666668
102,22116.666666666668
136,22133.333333333332
132,22133.333333333332
125,22133.333333333332
124,22133.333333333332
106,22133.333333333332
104,22133.333333333332
102,22133.333333333332
136,22150.0
132,22150.0
125,22150.0
124,22150.0
106,22150.0
104,22150.0
102,22150.0
136,22166.666666666668
132,22166.666666666668
125,22166.666666666668
124,22166.666666666668
106,22166.666666666668
104,22166.666666666668
102,22166.666666666668
136,22183.333333333332
132,22183.333333333332
125,22183.333333333332
124,22183.333333333332
106,22183.333333333332
104,22183.333333333332
102,22183.333333333332
136,22200.0
132,22200.0
125,22200.0
124,22200.0
106,22200.0
104,22200.0
102,22200.0
136,22216.666666666664
132,22216.666666666664
125,22216.666666666664
124,22216.666666666664
106,22216.666666666664
104,22216.666666666664
102,22216.666666666664
136,22233.333333333336
132,22233.333333333336
125,22233.333333333336
124,22233.333333333336
106,22233.333333333336
104,22233.333333333336
102,22233.333333333336
136,22250.0
132,22250.0
125,22250.0
124,22250.0
106,22250.0
104,22250.0
102,22250.0
136,22266.666666666664
132,22266.666666666664
125,22266.666666666664
124,22266.666666666664
106,22266.666666666664
104,22266.666666666664
102,22266.666666666664
136,22283.333333333332
132,22283.333333333332
125,22283.333333333332
124,22283.333333333332
106,22283.333333333332
104,22283.333333333332
102,22283.333333333332
136,22300.0
132,22300.0
125,22300.0
124,22300.0
106,22300.0
104,22300.0
102,22300.0
136,22316.666666666668
132,22316.666666666668
125,22316.666666666668
124,22316.666666666668
106,22316.666666666668
104,22316.666666666668
102,22316.666666666668
136,22333.333333333332
132,22333.333333333332
125,22333.333333333332
124,22333.333333333332
106,22333.333333333332
104,22333.333333333332
102,22333.333333333332
136,22350.0
132,22350.0
125,22350.0
124,22350.0
106,22350.0
104,22350.0
102,22350.0
136,22366.666666666668
132,22366.666666666668
125,22366.666666666668
124,22366.666666666668
106,22366.666666666668
104,22366.666666666668
102,22366.666666666668
136,22383.333333333332
132,22383.333333333332
125,22383.333333333332
124,22383.333333333332
106,22383.333333333332
104,22383.333333333332
102,22383.333333333332
136,22400.0
132,22400.0
125,22400.0
124,22400.0
106,22400.0
104,22400.0
102,22400.0
139,22416.666666666668
136,22416.666666666668
132,22416.666666666668
125,22416.666666666668
124,22416.666666666668
106,22416.666666666668
104,22416.666666666668
102,22416.666666666668
139,22433.333333333332
136,22433.333333333332
132,22433.333333333332
125,22433.333333333332
124,22433.333333333332
106,22433.333333333332
104,22433.333333333332
102,22433.333333333332
139,22450.0
136,22450.0
132,22450.0
125,22450.0
124,22450.0
106,22450.0
104,22450.0
102,22450.0
139,22466.666666666664
136,22466.666666666664
132,22466.666666666664
125,22466.666666666664
124,22466.666666666664
106,22466.666666666664
104,22466.666666666664
102,22466.666666666664
139,22483.333333333336
136,22483.333333333336
132,22483.333333333336
125,22483.333333333336
124,22483.333333333336
106,22483.333333333336
104,22483.333333333336
102,22483.333333333336
139,22500.0
136,22500.0
132,22500.0
125,22500.0
124,22500.0
106,22500.0
104,22500.0
102,22500.0
139,22516.666666666664
136,22516.666666666664
132,22516.666666666664
125,22516.666666666664
124,22516.666666666664
106,22516.666666666664
104,22516.666666666664
102,22516.666666666664
139,22533.333333333332
136,22533.333333333332
132,22533.333333333332
125,22533.333333333332
124,22533.333333333332
106,22533.333333333332
104,22533.333333333332
102,22533.333333333332
139,22550.0
136,22550.0
132,22550.0
125,22550.0
124,22550.0
106,22550.0
104,22550.0
102,22550.0
139,22566.666666666668
136,22566.666666666668
132,22566.666666666668
125,22566.666666666668
124,22566.666666666668
106,22566.666666666668
104,22566.666666666668
102,22566.666666666668
139,22583.333333333332
136,22583.333333333332
132,22583.333333333332
125,22583.333333333332
124,22583.333333333332
106,22583.333333333332
104,22583.333333333332
102,22583.333333333332
139,22600.0
138,22600.0
136,22600.0
132,22600.0
125,22600.0
124,22600.0
106,22600.0
104,22600.0
102,22600.0
139,22616.666666666668
138,22616.666666666668
136,22616.666666666668
132,22616.666666666668
125,22616.666666666668
124,22616.666666666668
106,22616.666666666668
104,22616.666666666668
102,22616.666666666668
139,22633.333333333332
138,22633.333333333332
136,22633.333333333332
132,22633.333333333332
125,22633.333333333332
124,22633.333333333332
106,22633.333333333332
104,22633.333333333332
102,22633.333333333332
139,22650.0
138,22650.0
136,22650.0
132,22650.0
125,22650.0
124,22650.0
106,22650.0
104,22650.0
102,22650.0
139,22666.666666666668
138,22666.666666666668
136,22666.666666666668
132,22666.666666666668
125,22666.666666666668
124,22666.666666666668
106,22666.666666666668
104,22666.666666666668
102,22666.666666666668
139,22683.333333333332
136,22683.333333333332
132,22683.333333333332
125,22683.333333333332
124,22683.333333333332
106,22683.333333333332
104,22683.333333333332
102,22683.333333333332
139,22700.0
136,22700.0
132,22700.0
125,22700.0
124,22700.0
106,22700.0
104,22700.0
102,22700.0
139,22716.666666666664
136,22716.666666666664
132,22716.666666666664
125,22716.666666666664
124,22716.666666666664
106,22716.666666666664
104,22716.666666666664
102,22716.666666666664
139,22733.333333333336
136,22733.333333333336
132,22733.333333333336
125,22733.333333333336
124,22733.333333333336
106,22733.333333333336
104,22733.333333333336
102,22733.333333333336
139,22750.0
136,22750.0
132,22750.0
125,22750.0
124,22750.0
106,22750.0
104,22750.0
102,22750.0
140,22766.666666666664
139,22766.666666666664
136,22766.666666666664
132,22766.666666666664
125,22766.666666666664
124,22766.666666666664
106,22766.666666666664
104,22766.666666666664
102,22766.666666666664
140,22783.333333333332
139,22783.333333333332
136,22783.333333333332
132,22783.333333333332
125,22783.333333333332
124,22783.333333333332
106,22783.333333333332
102,22783.333333333332
140,22800.0
139,22800.0
136,22800.0
132,22800.0
125,22800.0
124,22800.0
106,22800.0
102,22800.0
140,22816.666666666668
139,22816.666666666668
136,22816.666666666668
132,22816.666666666668
125,22816.666666666668
124,22816.666666666668
106,22816.666666666668
102,22816.666666666668
140,22833.333333333332
136,22833.333333333332
132,22833.333333333332
125,22833.333333333332
124,22833.333333333332
106,22833.333333333332
102,22833.333333333332
136,22850.0
132,22850.0
125,22850.0
124,22850.0
106,22850.0
102,22850.0
136,22866.666666666668
132,22866.666666666668
125,22866.666666666668
124,22866.666666666668
106,22866.666666666668
102,22866.666666666668
138,22883.333333333332
136,22883.333333333332
132,22883.333333333332
125,22883.333333333332
124,22883.333333333332
106,22883.333333333332
102,22883.333333333332
140,22900.0
136,22900.0
132,22900.0
125,22900.0
124,22900.0
106,22900.0
102,22900.0
140,22916.666666666668
136,22916.666666666668
132,22916.666666666668
125,22916.666666666668
124,22916.666666666668
106,22916.666666666668
102,22916.666666666668
140,22933.333333333332
139,22933.333333333332
136,22933.333333333332
132,22933.333333333332
125,22933.333333333332
124,22933.333333333332
106,22933.333333333332
102,22933.333333333332
140,22950.0
139,22950.0
136,22950.0
132,22950.0
125,22950.0
124,22950.0
106,22950.0
102,22950.0
140,22966.666666666664
139,22966.666666666664
138,22966.666666666664
136,22966.666666666664
132,22966.666666666664
125,22966.666666666664
124,22966.666666666664
106,22966.666666666664
102,22966.666666666664
139,22983.333333333336
138,22983.333333333336
136,22983.333333333336
132,22983.333333333336
125,22983.333333333336
124,22983.333333333336
106,22983.333333333336
102,22983.333333333336
139,23000.0
138,23000.0
136,23000.0
132,23000.0
125,23000.0
124,23000.0
106,23000.0
102,23000.0
139,23016.666666666664
138,23016.666666666664
136,23016.666666666664
132,23016.666666666664
125,23016.666666666664
124,23016.666666666664
106,23016.666666666664
102,23016.666666666664
139,23033.333333333332
138,23033.333333333332
136,23033.333333333332
132,23033.333333333332
125,23033.333333333332
124,23033.333333333332
106,23033.333333333332
102,23033.333333333332
139,23050.0
138,23050.0
136,23050.0
132,23050.0
125,23050.0
124,23050.0
106,23050.0
102,23050.0
139,23066.666666666668
138,23066.666666666668
136,23066.666666666668
132,23066.666666666668
125,23066.666666666668
124,23066.666666666668
106,23066.666666666668
102,23066.666666666668
140,23083.333333333332
139,23083.333333333332
138,23083.333333333332
136,23083.333333333332
132,23083.333333333332
125,23083.333333333332
124,23083.333333333332
106,23083.333333333332
102,23083.333333333332
140,23100.0
139,23100.0
138,23100.0
136,23100.0
132,23100.0
125,23100.0
124,23100.0
106,23100.0
102,23100.0
140,23116.666666666668
139,23116.666666666668
138,23116.666666666668
136,23116.666666666668
132,23116.666666666668
125,23116.666666666668
124,23116.666666666668
106,23116.666666666668
102,23116.666666666668
140,23133.333333333332
139,23133.333333333332
138,23133.333333333332
136,23133.333333333332
132,23133.333333333332
125,23133.333333333332
124,23133.333333333332
106,23133.333333333332
102,23133.333333333332
140,23150.0
139,23150.0
136,23150.0
132,23150.0
125,23150.0
124,23150.0
106,23150.0
102,23150.0
139,23166.666666666668
136,23166.666666666668
125,23166.666666666668
124,23166.666666666668
106,23166.666666666668
102,23166.666666666668
139,23183.333333333332
136,23183.333333333332
125,23183.333333333332
124,23183.333333333332
106,23183.333333333332
102,23183.333333333332
139,23200.0
136,23200.0
125,23200.0
124,23200.0
106,23200.0
102,23200.0
139,23216.666666666664
136,23216.666666666664
132,23216.666666666664
125,23216.666666666664
124,23216.666666666664
106,23216.666666666664
102,23216.666666666664
139,23233.333333333336
136,23233.333333333336
125,23233.333333333336
124,23233.333333333336
106,23233.333333333336
102,23233.333333333336
139,23250.0
136,23250.0
125,23250.0
124,23250.0
106,23250.0
102,23250.0
139,23266.666666666664
138,23266.666666666664
136,23266.666666666664
125,23266.666666666664
124,23266.666666666664
106,23266.666666666664
102,23266.666666666664
139,23283.333333333332
136,23283.333333333332
125,23283.333333333332
124,23283.333333333332
106,23283.333333333332
102,23283.333333333332
139,23300.0
136,23300.0
125,23300.0
124,23300.0
106,23300.0
102,23300.0
139,23316.666666666668
136,23316.666666666668
125,23316.666666666668
124,23316.666666666668
106,23316.666666666668
102,23316.666666666668
139,23333.333333333332
136,23333.333333333332
125,23333.333333333332
124,23333.333333333332
106,23333.333333333332
102,23333.333333333332
139,23350.0
136,23350.0
125,23350.0
124,23350.0
106,23350.0
102,23350.0
139,23366.666666666668
136,23366.666666666668
125,23366.666666666668
124,23366.666666666668
106,23366.666666666668
102,23366.666666666668
139,23383.333333333332
136,23383.333333333332
125,23383.333333333332
124,23383.333333333332
106,23383.333333333332
102,23383.333333333332
139,23400.0
136,23400.0
125,23400.0
124,23400.0
106,23400.0
102,23400.0
143,23416.666666666668
139,23416.666666666668
136,23416.666666666668
125,23416.666666666668
124,23416.666666666668
106,23416.666666666668
102,23416.666666666668
143,23433.333333333332
139,23433.333333333332
136,23433.333333333332
125,23433.333333333332
124,23433.333333333332
106,23433.333333333332
102,23433.333333333332
143,23450.0
139,23450.0
136,23450.0
125,23450.0
124,23450.0
106,23450.0
102,23450.0
143,23466.666666666664
139,23466.666666666664
136,23466.666666666664
125,23466.666666666664
124,23466.666666666664
106,23466.666666666664
102,23466.666666666664
143,23483.333333333336
139,23483.333333333336
136,23483.333333333336
125,23483.333333333336
124,23483.333333333336
106,23483.333333333336
102,23483.333333333336
143,23500.0
139,23500.0
136,23500.0
125,23500.0
124,23500.0
106,23500.0
102,23500.0
143,23516.666666666664
139,23516.666666666664
136,23516.666666666664
125,23516.666666666664
124,23516.666666666664
106,23516.666666666664
102,23516.666666666664
139,23533.333333333332
136,23533.333333333332
125,23533.333333333332
124,23533.333333333332
106,23533.333333333332
102,23533.333333333332
139,23550.0
136,23550.0
125,23550.0
124,23550.0
106,23550.0
102,23550.0
139,23566.666666666668
136,23566.666666666668
125,23566.666666666668
124,23566.666666666668
106,23566.666666666668
102,23566.666666666668
139,23583.333333333332
136,23583.333333333332
125,23583.333333333332
124,23583.333333333332
106,23583.333333333332
102,23583.333333333332
139,23600.0
136,23600.0
125,23600.0
124,23600.0
106,23600.0
102,23600.0
139,23616.666666666668
136,23616.666666666668
125,23616.666666666668
124,23616.666666666668
106,23616.666666666668
102,23616.666666666668
139,23633.333333333332
136,23633.333333333332
125,23633.333333333332
124,23633.333333333332
106,23633.333333333332
102,23633.333333333332
139,23650.0
136,23650.0
125,23650.0
124,23650.0
106,23650.0
102,23650.0
144,23666.666666666668
139,23666.666666666668
136,23666.666666666668
125,23666.666666666668
124,23666.666666666668
106,23666.666666666668
102,23666.666666666668
144,23683.333333333332
139,23683.333333333332
136,23683.333333333332
125,23683.333333333332
124,23683.333333333332
106,23683.333333333332
102,23683.333333333332
144,23700.0
139,23700.0
136,23700.0
125,23700.0
124,23700.0
106,23700.0
102,23700.0
144,23716.666666666664
139,23716.666666666664
136,23716.666666666664
125,23716.666666666664
124,23716.666666666664
106,23716.666666666664
102,23716.666666666664
139,23733.333333333336
136,23733.333333333336
125,23733.333333333336
124,23733.333333333336
106,23733.333333333336
102,23733.333333333336
139,23750.0
136,23750.0
125,23750.0
124,23750.0
106,23750.0
102,23750.0
139,23766.666666666664
136,23766.666666666664
125,23766.666666666664
124,23766.666666666664
106,23766.666666666664
102,23766.666666666664
139,23783.333333333332
136,23783.333333333332
125,23783.333333333332
124,23783.333333333332
106,23783.333333333332
102,23783.333333333332
139,23800.0
136,23800.0
125,23800.0
124,23800.0
106,23800.0
102,23800.0
139,23816.666666666668
136,23816.666666666668
125,23816.666666666668
124,23816.666666666668
106,23816.666666666668
102,23816.666666666668
139,23833.333333333332
136,23833.333333333332
125,23833.333333333332
124,23833.333333333332
106,23833.333333333332
102,23833.333333333332
139,23850.0
136,23850.0
125,23850.0
124,23850.0
106,23850.0
102,23850.0
139,23866.666666666668
136,23866.666666666668
125,23866.666666666668
124,23866.666666666668
106,23866.666666666668
102,23866.666666666668
139,23883.333333333332
136,23883.333333333332
125,23883.333333333332
124,23883.333333333332
106,23883.333333333332
102,23883.333333333332
139,23900.0
136,23900.0
125,23900.0
124,23900.0
106,23900.0
102,23900.0
139,23916.666666666668
136,23916.666666666668
125,23916.666666666668
124,23916.666666666668
106,23916.666666666668
102,23916.666666666668
139,23933.333333333332
136,23933.333333333332
125,23933.333333333332
124,23933.333333333332
106,23933.333333333332
102,23933.333333333332
139,23950.0
136,23950.0
125,23950.0
124,23950.0
106,23950.0
102,23950.0
139,23966.666666666664
136,23966.666666666664
125,23966.666666666664
124,23966.666666666664
106,23966.666666666664
102,23966.666666666664
139,23983.333333333336
136,23983.333333333336
125,23983.333333333336
124,23983.333333333336
106,23983.333333333336
102,23983.333333333336
144,24000.0
139,24000.0
136,24000.0
125,24000.0
124,24000.0
106,24000.0
102,24000.0
144,24016.666666666664
139,24016.666666666664
136,24016.666666666664
125,24016.666666666664
124,24016.666666666664
106,24016.666666666664
102,24016.666666666664
144,24033.333333333332
136,24033.333333333332
125,24033.333333333332
124,24033.333333333332
106,24033.333333333332
102,24033.333333333332
144,24050.0
136,24050.0
125,24050.0
124,24050.0
106,24050.0
102,24050.0
144,24066.666666666668
136,24066.666666666668
125,24066.666666666668
124,24066.666666666668
106,24066.666666666668
102,24066.666666666668
144,24083.333333333332
136,24083.333333333332
125,24083.333333333332
124,24083.333333333332
106,24083.333333333332
102,24083.333333333332
144,24100.0
136,24100.0
125,24100.0
124,24100.0
106,24100.0
102,24100.0
144,24116.666666666668
136,24116.666666666668
125,24116.666666666668
124,24116.666666666668
106,24116.666666666668
102,24116.666666666668
144,24133.333333333332
139,24133.333333333332
136,24133.333333333332
125,24133.333333333332
124,24133.333333333332
106,24133.333333333332
102,24133.333333333332
144,24150.0
136,24150.0
125,24150.0
124,24150.0
106,24150.0
102,24150.0
146,24166.666666666668
144,24166.666666666668
136,24166.666666666668
125,24166.666666666668
124,24166.666666666668
106,24166.666666666668
102,24166.666666666668
146,24183.333333333332
144,24183.333333333332
136,24183.333333333332
125,24183.333333333332
124,24183.333333333332
106,24183.333333333332
102,24183.333333333332
146,24200.0
139,24200.0
136,24200.0
125,24200.0
124,24200.0
106,24200.0
102,24200.0
146,24216.666666666664
139,24216.666666666664
136,24216.666666666664
125,24216.666666666664
124,24216.666666666664
106,24216.666666666664
102,24216.666666666664
146,24233.333333333336
139,24233.333333333336
136,24233.333333333336
125,24233.333333333336
124,24233.333333333336
106,24233.333333333336
102,24233.333333333336
146,24250.0
139,24250.0
136,24250.0
125,24250.0
124,24250.0
106,24250.0
102,24250.0
146,24266.666666666664
139,24266.666666666664
136,24266.666666666664
125,24266.666666666664
124,24266.666666666664
106,24266.666666666664
102,24266.666666666664
146,24283.333333333332
139,24283.333333333332
136,24283.333333333332
125,24283.333333333332
124,24283.333333333332
106,24283.333333333332
102,24283.333333333332
146,24300.0
139,24300.0
136,24300.0
125,24300.0
124,24300.0
106,24300.0
102,24300.0
146,24316.666666666668
139,24316.666666666668
136,24316.666666666668
125,24316.666666666668
124,24316.666666666668
106,24316.666666666668
102,24316.666666666668
146,24333.333333333332
139,24333.333333333332
136,24333.333333333332
125,24333.333333333332
124,24333.333333333332
106,24333.333333333332
102,24333.333333333332
146,24350.0
139,24350.0
136,24350.0
125,24350.0
124,24350.0
106,24350.0
102,24350.0
146,24366.666666666668
139,24366.666666666668
136,24366.666666666668
125,24366.666666666668
124,24366.666666666668
106,24366.666666666668
102,24366.666666666668
146,24383.333333333332
139,24383.333333333332
136,24383.333333333332
125,24383.333333333332
124,24383.333333333332
106,24383.333333333332
102,24383.333333333332
148,24400.0
139,24400.0
136,24400.0
125,24400.0
124,24400.0
106,24400.0
102,24400.0
148,24416.666666666668
139,24416.666666666668
136,24416.666666666668
125,24416.666666666668
124,24416.666666666668
106,24416.666666666668
102,24416.666666666668
148,24433.333333333332
139,24433.333333333332
136,24433.333333333332
125,24433.333333333332
124,24433.333333333332
106,24433.333333333332
102,24433.333333333332
148,24450.0
146,24450.0
139,24450.0
136,24450.0
125,24450.0
124,24450.0
106,24450.0
102,24450.0
148,24466.666666666664
139,24466.666666666664
136,24466.666666666664
125,24466.666666666664
124,24466.666666666664
106,24466.666666666664
102,24466.666666666664
148,24483.333333333336
139,24483.333333333336
136,24483.333333333336
125,24483.333333333336
124,24483.333333333336
106,24483.333333333336
102,24483.333333333336
148,24500.0
139,24500.0
136,24500.0
125,24500.0
124,24500.0
106,24500.0
102,24500.0
148,24516.666666666664
139,24516.666666666664
136,24516.666666666664
125,24516.666666666664
124,24516.666666666664
106,24516.666666666664
102,24516.666666666664
148,24533.333333333332
139,24533.333333333332
136,24533.333333333332
125,24533.333333333332
124,24533.333333333332
106,24533.333333333332
102,24533.333333333332
148,24550.0
139,24550.0
136,24550.0
125,24550.0
124,24550.0
106,24550.0
102,24550.0
148,24566.666666666668
139,24566.666666666668
136,24566.666666666668
125,24566.666666666668
124,24566.666666666668
106,24566.666666666668
102,24566.666666666668
148,24583.333333333332
139,24583.333333333332
136,24583.333333333332
125,24583.333333333332
124,24583.333333333332
106,24583.333333333332
102,24583.333333333332
148,24600.0
139,24600.0
136,24600.0
125,24600.0
124,24600.0
106,24600.0
102,24600.0
148,24616.666666666668
139,24616.666666666668
136,24616.666666666668
125,24616.666666666668
124,24616.666666666668
106,24616.666666666668
102,24616.666666666668
148,24633.333333333332
139,24633.333333333332
136,24633.333333333332
125,24633.333333333332
124,24633.333333333332
106,24633.333333333332
102,24633.333333333332
148,24650.0
139,24650.0
136,24650.0
125,24650.0
124,24650.0
106,24650.0
102,24650.0
148,24666.666666666668
139,24666.666666666668
136,24666.666666666668
125,24666.666666666668
124,24666.666666666668
106,24666.666666666668
102,24666.666666666668
148,24683.333333333332
139,24683.333333333332
136,24683.333333333332
125,24683.333333333332
124,24683.333333333332
106,24683.333333333332
102,24683.333333333332
150,24700.0
148,24700.0
139,24700.0
136,24700.0
125,24700.0
124,24700.0
106,24700.0
102,24700.0
150,24716.666666666664
148,24716.666666666664
139,24716.666666666664
136,24716.666666666664
125,24716.666666666664
124,24716.666666666664
106,24716.666666666664
102,24716.666666666664
150,24733.333333333336
148,24733.333333333336
139,24733.333333333336
136,24733.333333333336
125,24733.333333333336
124,24733.333333333336
106,24733.333333333336
102,24733.333333333336
150,24750.0
148,24750.0
139,24750.0
136,24750.0
125,24750.0
124,24750.0
106,24750.0
102,24750.0
150,24766.666666666664
148,24766.666666666664
139,24766.666666666664
136,24766.666666666664
125,24766.666666666664
106,24766.666666666664
102,24766.666666666664
150,24783.333333333332
148,24783.333333333332
139,24783.333333333332
136,24783.333333333332
125,24783.333333333332
106,24783.333333333332
102,24783.333333333332
150,24800.0
148,24800.0
139,24800.0
136,24800.0
125,24800.0
106,24800.0
102,24800.0
150,24816.666666666668
148,24816.666666666668
139,24816.666666666668
136,24816.666666666668
125,24816.666666666668
106,24816.666666666668
102,24816.666666666668
150,24833.333333333332
148,24833.333333333332
139,24833.333333333332
136,24833.333333333332
125,24833.333333333332
106,24833.333333333332
102,24833.333333333332
150,24850.0
148,24850.0
139,24850.0
136,24850.0
125,24850.0
106,24850.0
102,24850.0
150,24866.666666666668
148,24866.666666666668
139,24866.666666666668
136,24866.666666666668
125,24866.666666666668
106,24866.666666666668
102,24866.666666666668
150,24883.333333333332
148,24883.333333333332
139,24883.333333333332
136,24883.333333333332
125,24883.333333333332
106,24883.333333333332
102,24883.333333333332
150,24900.0
148,24900.0
139,24900.0
136,24900.0
125,24900.0
106,24900.0
102,24900.0
150,24916.666666666668
148,24916.666666666668
139,24916.666666666668
136,24916.666666666668
125,24916.666666666668
106,24916.666666666668
102,24916.666666666668
150,24933.333333333332
148,24933.333333333332
139,24933.333333333332
136,24933.333333333332
125,24933.333333333332
106,24933.333333333332
102,24933.333333333332
150,24950.0
148,24950.0
139,24950.0
136,24950.0
125,24950.0
106,24950.0
102,24950.0
150,24966.666666666664
148,24966.666666666664
139,24966.666666666664
136,24966.666666666664
125,24966.666666666664
106,24966.666666666664
102,24966.666666666664
150,24983.333333333336
148,24983.333333333336
139,24983.333333333336
136,24983.333333333336
125,24983.333333333336
106,24983.333333333336
102,24983.333333333336
148,25000.0
139,25000.0
136,25000.0
125,25000.0
106,25000.0
102,25000.0
148,25016.666666666664
139,25016.666666666664
136,25016.666666666664
125,25016.666666666664
106,25016.666666666664
102,25016.666666666664
148,25033.333333333332
139,25033.333333333332
136,25033.333333333332
125,25033.333333333332
106,25033.333333333332
102,25033.333333333332
148,25050.0
139,25050.0
136,25050.0
125,25050.0
106,25050.0
102,25050.0
150,25066.666666666668
148,25066.666666666668
139,25066.666666666668
136,25066.666666666668
125,25066.666666666668
106,25066.666666666668
102,25066.666666666668
150,25083.333333333332
148,25083.333333333332
139,25083.333333333332
136,25083.333333333332
125,25083.333333333332
106,25083.333333333332
102,25083.333333333332
150,25100.0
148,25100.0
139,25100.0
136,25100.0
125,25100.0
106,25100.0
102,25100.0
150,25116.666666666668
148,25116.666666666668
139,25116.666666666668
136,25116.666666666668
125,25116.666666666668
106,25116.666666666668
102,25116.666666666668
150,25133.333333333332
148,25133.333333333332
139,25133.333333333332
136,25133.333333333332
125,25133.333333333332
106,25133.333333333332
102,25133.333333333332
150,25150.0
148,25150.0
139,25150.0
136,25150.0
125,25150.0
106,25150.0
102,25150.0
150,25166.666666666668
148,25166.666666666668
139,25166.666666666668
136,25166.666666666668
125,25166.666666666668
106,25166.666666666668
102,25166.666666666668
150,25183.333333333332
148,25183.333333333332
139,25183.333333333332
136,25183.333333333332
125,25183.333333333332
106,25183.333333333332
102,25183.333333333332
150,25200.0
148,25200.0
139,25200.0
136,25200.0
125,25200.0
106,25200.0
102,25200.0
150,25216.666666666664
148,25216.666666666664
139,25216.666666666664
136,25216.666666666664
125,25216.666666666664
106,25216.666666666664
102,25216.666666666664
150,25233.333333333336
148,25233.333333333336
139,25233.333333333336
136,25233.333333333336
125,25233.333333333336
106,25233.333333333336
102,25233.333333333336
150,25250.0
148,25250.0
139,25250.0
136,25250.0
125,25250.0
106,25250.0
102,25250.0
150,25266.666666666664
148,25266.666666666664
139,25266.666666666664
136,25266.666666666664
125,25266.666666666664
106,25266.666666666664
102,25266.666666666664
150,25283.333333333332
148,25283.333333333332
139,25283.333333333332
136,25283.333333333332
125,25283.333333333332
106,25283.333333333332
102,25283.333333333332
150,25300.0
148,25300.0
139,25300.0
136,25300.0
125,25300.0
106,25300.0
102,25300.0
150,25316.666666666668
148,25316.666666666668
139,25316.666666666668
136,25316.666666666668
125,25316.666666666668
106,25316.666666666668
102,25316.666666666668
150,25333.333333333332
148,25333.333333333332
139,25333.333333333332
136,25333.333333333332
125,25333.333333333332
106,25333.333333333332
102,25333.333333333332
150,25350.0
148,25350.0
139,25350.0
136,25350.0
125,25350.0
106,25350.0
102,25350.0
150,25366.666666666668
148,25366.666666666668
139,25366.666666666668
136,25366.666666666668
125,25366.666666666668
106,25366.666666666668
102,25366.666666666668
148,25383.333333333332
139,25383.333333333332
136,25383.333333333332
125,25383.333333333332
106,25383.333333333332
102,25383.333333333332
148,25400.0
139,25400.0
136,25400.0
125,25400.0
106,25400.0
102,25400.0
148,25416.666666666668
139,25416.666666666668
136,25416.666666666668
125,25416.666666666668
106,25416.666666666668
102,25416.666666666668
148,25433.333333333332
139,25433.333333333332
136,25433.333333333332
125,25433.333333333332
106,25433.333333333332
102,25433.333333333332
150,25450.0
148,25450.0
139,25450.0
136,25450.0
125,25450.0
102,25450.0
148,25466.666666666664
139,25466.666666666664
136,25466.666666666664
125,25466.666666666664
102,25466.666666666664
148,25483.333333333336
139,25483.333333333336
136,25483.333333333336
125,25483.333333333336
102,25483.333333333336
148,25500.0
139,25500.0
136,25500.0
125,25500.0
102,25500.0
148,25516.666666666664
139,25516.666666666664
136,25516.666666666664
125,25516.666666666664
102,25516.666666666664
148,25533.333333333332
139,25533.333333333332
136,25533.333333333332
125,25533.333333333332
102,25533.333333333332
148,25550.0
139,25550.0
136,25550.0
125,25550.0
102,25550.0
148,25566.666666666668
139,25566.666666666668
136,25566.666666666668
125,25566.666666666668
102,25566.666666666668
148,25583.333333333332
139,25583.333333333332
136,25583.333333333332
125,25583.333333333332
102,25583.333333333332
148,25600.0
139,25600.0
136,25600.0
125,25600.0
102,25600.0
148,25616.666666666668
139,25616.666666666668
136,25616.666666666668
125,25616.666666666668
102,25616.666666666668
148,25633.333333333332
139,25633.333333333332
136,25633.333333333332
125,25633.333333333332
102,25633.333333333332
148,25650.0
139,25650.0
136,25650.0
125,25650.0
102,25650.0
148,25666.666666666668
139,25666.666666666668
136,25666.666666666668
125,25666.666666666668
102,25666.666666666668
148,25683.333333333332
139,25683.333333333332
136,25683.333333333332
125,25683.333333333332
102,25683.333333333332
148,25700.0
139,25700.0
136,25700.0
125,25700.0
102,25700.0
148,25716.666666666664
139,25716.666666666664
136,25716.666666666664
125,25716.666666666664
102,25716.666666666664
148,25733.333333333336
139,25733.333333333336
136,25733.333333333336
125,25733.333333333336
102,25733.333333333336
148,25750.0
139,25750.0
136,25750.0
125,25750.0
102,25750.0
148,25766.666666666664
139,25766.666666666664
136,25766.666666666664
125,25766.666666666664
102,25766.666666666664
148,25783.333333333332
139,25783.333333333332
136,25783.333333333332
125,25783.333333333332
102,25783.333333333332
148,25800.0
139,25800.0
136,25800.0
125,25800.0
102,25800.0
148,25816.666666666668
139,25816.666666666668
136,25816.666666666668
125,25816.666666666668
102,25816.666666666668
148,25833.333333333332
139,25833.333333333332
136,25833.333333333332
125,25833.333333333332
102,25833.333333333332
156,25849.999999999996
148,25849.999999999996
139,25849.999999999996
136,25849.999999999996
125,25849.999999999996
102,25849.999999999996
156,25866.666666666668
148,25866.666666666668
139,25866.666666666668
136,25866.666666666668
125,25866.666666666668
102,25866.666666666668
156,25883.333333333332
148,25883.333333333332
139,25883.333333333332
136,25883.333333333332
125,25883.333333333332
102,25883.333333333332
156,25900.0
148,25900.0
139,25900.0
136,25900.0
125,25900.0
102,25900.0
156,25916.666666666668
148,25916.666666666668
139,25916.666666666668
136,25916.666666666668
125,25916.666666666668
102,25916.666666666668
148,25933.333333333332
139,25933.333333333332
136,25933.333333333332
125,25933.333333333332
102,25933.333333333332
148,25950.0
139,25950.0
136,25950.0
125,25950.0
102,25950.0
148,25966.666666666664
139,25966.666666666664
136,25966.666666666664
125,25966.666666666664
102,25966.666666666664
156,25983.333333333336
148,25983.333333333336
139,25983.333333333336
136,25983.333333333336
125,25983.333333333336
102,25983.333333333336
148,26000.0
139,26000.0
136,26000.0
125,26000.0
102,26000.0
148,26016.666666666664
139,26016.666666666664
136,26016.666666666664
125,26016.666666666664
102,26016.666666666664
148,26033.333333333332
139,26033.333333333332
136,26033.333333333332
125,26033.333333333332
102,26033.333333333332
148,26050.0
139,26050.0
136,26050.0
125,26050.0
102,26050.0
148,26066.666666666668
139,26066.666666666668
136,26066.666666666668
125,26066.666666666668
102,26066.666666666668
148,26083.333333333332
139,26083.333333333332
136,26083.333333333332
125,26083.333333333332
102,26083.333333333332
148,26099.999999999996
139,26099.999999999996
136,26099.999999999996
125,26099.999999999996
102,26099.999999999996
148,26116.666666666668
139,26116.666666666668
136,26116.666666666668
125,26116.666666666668
102,26116.666666666668
148,26133.333333333332
139,26133.333333333332
136,26133.333333333332
125,26133.333333333332
102,26133.333333333332
148,26150.0
139,26150.0
136,26150.0
125,26150.0
102,26150.0
156,26166.666666666668
148,26166.666666666668
139,26166.666666666668
136,26166.666666666668
125,26166.666666666668
102,26166.666666666668
156,26183.333333333332
148,26183.333333333332
139,26183.333333333332
136,26183.333333333332
125,26183.333333333332
102,26183.333333333332
156,26200.0
148,26200.0
139,26200.0
136,26200.0
125,26200.0
102,26200.0
156,26216.666666666664
148,26216.666666666664
139,26216.666666666664
136,26216.666666666664
125,26216.666666666664
102,26216.666666666664
156,26233.333333333336
148,26233.333333333336
139,26233.333333333336
136,26233.333333333336
125,26233.333333333336
102,26233.333333333336
156,26250.0
148,26250.0
139,26250.0
136,26250.0
125,26250.0
102,26250.0
156,26266.666666666664
148,26266.666666666664
139,26266.666666666664
136,26266.666666666664
125,26266.666666666664
102,26266.666666666664
156,26283.333333333332
148,26283.333333333332
139,26283.333333333332
136,26283.333333333332
125,26283.333333333332
102,26283.333333333332
156,26300.0
148,26300.0
139,26300.0
136,26300.0
125,26300.0
102,26300.0
156,26316.666666666668
148,26316.666666666668
139,26316.666666666668
136,26316.666666666668
125,26316.666666666668
102,26316.666666666668
148,26333.333333333332
139,26333.333333333332
136,26333.333333333332
125,26333.333333333332
102,26333.333333333332
148,26349.999999999996
139,26349.999999999996
136,26349.999999999996
125,26349.999999999996
102,26349.999999999996
148,26366.666666666668
139,26366.666666666668
136,26366.666666666668
125,26366.666666666668
102,26366.666666666668
148,26383.333333333332
139,26383.333333333332
136,26383.333333333332
125,26383.333333333332
102,26383.333333333332
148,26400.0
139,26400.0
136,26400.0
125,26400.0
102,26400.0
148,26416.666666666668
139,26416.666666666668
136,26416.666666666668
125,26416.666666666668
102,26416.666666666668
148,26433.333333333332
139,26433.333333333332
136,26433.333333333332
125,26433.333333333332
102,26433.333333333332
148,26450.0
139,26450.0
136,26450.0
125,26450.0
102,26450.0
148,26466.666666666664
139,26466.666666666664
136,26466.666666666664
125,26466.666666666664
102,26466.666666666664
148,26483.333333333336
139,26483.333333333336
136,26483.333333333336
125,26483.333333333336
102,26483.333333333336
148,26500.0
139,26500.0
136,26500.0
125,26500.0
102,26500.0
148,26516.666666666664
139,26516.666666666664
136,26516.666666666664
125,26516.666666666664
102,26516.666666666664
148,26533.333333333332
139,26533.333333333332
136,26533.333333333332
125,26533.333333333332
102,26533.333333333332
148,26550.0
139,26550.0
136,26550.0
125,26550.0
102,26550.0
148,26566.666666666668
139,26566.666666666668
136,26566.666666666668
125,26566.666666666668
102,26566.666666666668
148,26583.333333333332
139,26583.333333333332
136,26583.333333333332
125,26583.333333333332
102,26583.333333333332
148,26599.999999999996
139,26599.999999999996
136,26599.999999999996
125,26599.999999999996
102,26599.999999999996
148,26616.666666666668
139,26616.666666666668
136,26616.666666666668
125,26616.666666666668
102,26616.666666666668
148,26633.333333333332
139,26633.333333333332
136,26633.333333333332
125,26633.333333333332
102,26633.333333333332
148,26650.0
139,26650.0
136,26650.0
125,26650.0
102,26650.0
148,26666.666666666668
139,26666.666666666668
136,26666.666666666668
125,26666.666666666668
102,26666.666666666668
148,26683.333333333332
139,26683.333333333332
136,26683.333333333332
125,26683.333333333332
102,26683.333333333332
148,26700.0
139,26700.0
136,26700.0
125,26700.0
102,26700.0
148,26716.666666666664
139,26716.666666666664
136,26716.666666666664
125,26716.666666666664
102,26716.666666666664
148,26733.333333333336
139,26733.333333333336
136,26733.333333333336
125,26733.333333333336
102,26733.333333333336
148,26750.0
139,26750.0
136,26750.0
125,26750.0
102,26750.0
148,26766.666666666664
139,26766.666666666664
136,26766.666666666664
125,26766.666666666664
102,26766.666666666664
148,26783.333333333332
139,26783.333333333332
136,26783.333333333332
125,26783.333333333332
102,26783.333333333332
156,26800.0
148,26800.0
139,26800.0
136,26800.0
125,26800.0
102,26800.0
156,26816.666666666668
148,26816.666666666668
139,26816.666666666668
136,26816.666666666668
125,26816.666666666668
102,26816.666666666668
156,26833.333333333332
148,26833.333333333332
139,26833.333333333332
136,26833.333333333332
125,26833.333333333332
102,26833.333333333332
156,26849.999999999996
148,26849.999999999996
139,26849.999999999996
136,26849.999999999996
125,26849.999999999996
102,26849.999999999996
156,26866.666666666668
148,26866.666666666668
139,26866.666666666668
136,26866.666666666668
125,26866.666666666668
102,26866.666666666668
159,26883.333333333332
156,26883.333333333332
148,26883.333333333332
139,26883.333333333332
136,26883.333333333332
125,26883.333333333332
102,26883.333333333332
159,26900.0
156,26900.0
148,26900.0
139,26900.0
136,26900.0
125,26900.0
102,26900.0
159,26916.666666666668
156,26916.666666666668
148,26916.666666666668
139,26916.666666666668
136,26916.666666666668
125,26916.666666666668
102,26916.666666666668
159,26933.333333333332
156,26933.333333333332
148,26933.333333333332
139,26933.333333333332
136,26933.333333333332
125,26933.333333333332
102,26933.333333333332
156,26950.0
148,26950.0
139,26950.0
136,26950.0
125,26950.0
102,26950.0
148,26966.666666666664
139,26966.666666666664
136,26966.666666666664
125,26966.666666666664
102,26966.666666666664
148,26983.333333333336
139,26983.333333333336
136,26983.333333333336
125,26983.333333333336
102,26983.333333333336
148,27000.0
139,27000.0
136,27000.0
125,27000.0
102,27000.0
156,27016.666666666664
148,27016.666666666664
139,27016.666666666664
136,27016.666666666664
125,27016.666666666664
102,27016.666666666664
156,27033.333333333332
148,27033.333333333332
139,27033.333333333332
136,27033.333333333332
125,27033.333333333332
102,27033.333333333332
156,27050.0
148,27050.0
139,27050.0
136,27050.0
125,27050.0
102,27050.0
148,27066.666666666668
139,27066.666666666668
136,27066.666666666668
125,27066.666666666668
102,27066.666666666668
148,27083.333333333332
139,27083.333333333332
136,27083.333333333332
125,27083.333333333332
102,27083.333333333332
148,27099.999999999996
139,27099.999999999996
136,27099.999999999996
125,27099.999999999996
102,27099.999999999996
148,27116.666666666668
139,27116.666666666668
136,27116.666666666668
125,27116.666666666668
102,27116.666666666668
156,27133.333333333332
148,27133.333333333332
139,27133.333333333332
136,27133.333333333332
125,27133.333333333332
102,27133.333333333332
156,27150.0
148,27150.0
139,27150.0
136,27150.0
125,27150.0
102,27150.0
156,27166.666666666668
148,27166.666666666668
139,27166.666666666668
136,27166.666666666668
125,27166.666666666668
102,27166.666666666668
156,27183.333333333332
148,27183.333333333332
139,27183.333333333332
136,27183.333333333332
125,27183.333333333332
102,27183.333333333332
156,27200.0
148,27200.0
139,27200.0
136,27200.0
125,27200.0
102,27200.0
156,27216.666666666664
148,27216.666666666664
139,27216.666666666664
136,27216.666666666664
125,27216.666666666664
102,27216.666666666664
156,27233.333333333336
148,27233.333333333336
139,27233.333333333336
136,27233.333333333336
125,27233.333333333336
102,27233.333333333336
156,27250.0
148,27250.0
139,27250.0
136,27250.0
125,27250.0
156,27266.666666666664
148,27266.666666666664
139,27266.666666666664
136,27266.666666666664
125,27266.666666666664
156,27283.333333333332
148,27283.333333333332
139,27283.333333333332
136,27283.333333333332
125,27283.333333333332
156,27300.0
148,27300.0
139,27300.0
136,27300.0
125,27300.0
156,27316.666666666668
148,27316.666666666668
139,27316.666666666668
136,27316.666666666668
125,27316.666666666668
156,27333.333333333332
148,27333.333333333332
139,27333.333333333332
136,27333.333333333332
125,27333.333333333332
156,27349.999999999996
148,27349.999999999996
139,27349.999999999996
136,27349.999999999996
125,27349.999999999996
156,27366.666666666668
148,27366.666666666668
139,27366.666666666668
136,27366.666666666668
125,27366.666666666668
156,27383.333333333332
148,27383.333333333332
139,27383.333333333332
136,27383.333333333332
125,27383.333333333332
156,27400.0
148,27400.0
139,27400.0
136,27400.0
125,27400.0
156,27416.666666666668
148,27416.666666666668
139,27416.666666666668
136,27416.666666666668
125,27416.666666666668
156,27433.333333333332
148,27433.333333333332
139,27433.333333333332
136,27433.333333333332
125,27433.333333333332
156,27450.0
148,27450.0
139,27450.0
136,27450.0
125,27450.0
156,27466.666666666664
148,27466.666666666664
139,27466.666666666664
136,27466.666666666664
125,27466.666666666664
156,27483.333333333336
148,27483.333333333336
139,27483.333333333336
136,27483.333333333336
125,27483.333333333336
156,27500.0
148,27500.0
139,27500.0
136,27500.0
125,27500.0
156,27516.666666666664
148,27516.666666666664
139,27516.666666666664
136,27516.666666666664
125,27516.666666666664
156,27533.333333333332
148,27533.333333333332
139,27533.333333333332
136,27533.333333333332
125,27533.333333333332
156,27550.0
148,27550.0
139,27550.0
136,27550.0
125,27550.0
156,27566.666666666668
148,27566.666666666668
139,27566.666666666668
136,27566.666666666668
125,27566.666666666668
156,27583.333333333332
148,27583.333333333332
139,27583.333333333332
136,27583.333333333332
125,27583.333333333332
156,27599.999999999996
148,27599.999999999996
139,27599.999999999996
136,27599.999999999996
125,27599.999999999996
156,27616.666666666668
148,27616.666666666668
139,27616.666666666668
136,27616.666666666668
125,27616.666666666668
156,27633.333333333332
148,27633.333333333332
139,27633.333333333332
136,27633.333333333332
125,27633.333333333332
156,27650.0
148,27650.0
139,27650.0
136,27650.0
125,27650.0
156,27666.666666666668
148,27666.666666666668
139,27666.666666666668
136,27666.666666666668
125,27666.666666666668
156,27683.333333333332
148,27683.333333333332
139,27683.333333333332
136,27683.333333333332
125,27683.333333333332
156,27700.0
148,27700.0
139,27700.0
136,27700.0
125,27700.0
156,27716.666666666664
148,27716.666666666664
139,27716.666666666664
136,27716.666666666664
125,27716.666666666664
156,27733.333333333336
148,27733.333333333336
139,27733.333333333336
136,27733.333333333336
125,27733.333333333336
156,27750.0
148,27750.0
139,27750.0
136,27750.0
125,27750.0
156,27766.666666666664
148,27766.666666666664
139,27766.666666666664
136,27766.666666666664
125,27766.666666666664
156,27783.333333333332
148,27783.333333333332
139,27783.333333333332
136,27783.333333333332
125,27783.333333333332
156,27800.0
148,27800.0
139,27800.0
136,27800.0
125,27800.0
156,27816.666666666668
148,27816.666666666668
139,27816.666666666668
136,27816.666666666668
125,27816.666666666668
156,27833.333333333332
148,27833.333333333332
139,27833.333333333332
136,27833.333333333332
125,27833.333333333332
156,27849.999999999996
148,27849.999999999996
139,27849.999999999996
136,27849.999999999996
125,27849.999999999996
163,27866.666666666668
156,27866.666666666668
148,27866.666666666668
139,27866.666666666668
136,27866.666666666668
125,27866.666666666668
163,27883.333333333332
156,27883.333333333332
148,27883.333333333332
139,27883.333333333332
136,27883.333333333332
125,27883.333333333332
163,27900.0
156,27900.0
148,27900.0
139,27900.0
136,27900.0
125,27900.0
163,27916.666666666668
156,27916.666666666668
148,27916.666666666668
139,27916.666666666668
136,27916.666666666668
125,27916.666666666668
163,27933.333333333332
156,27933.333333333332
148,27933.333333333332
139,27933.333333333332
136,27933.333333333332
125,27933.333333333332
163,27950.0
156,27950.0
148,27950.0
139,27950.0
136,27950.0
125,27950.0
163,27966.666666666664
156,27966.666666666664
148,27966.666666666664
139,27966.666666666664
136,27966.666666666664
125,27966.666666666664
163,27983.333333333336
156,27983.333333333336
148,27983.333333333336
139,27983.333333333336
136,27983.333333333336
125,27983.333333333336
156,28000.0
148,28000.0
139,28000.0
136,28000.0
125,28000.0
156,28016.666666666664
148,28016.666666666664
139,28016.666666666664
136,28016.666666666664
125,28016.666666666664
156,28033.333333333332
148,28033.333333333332
139,28033.333333333332
136,28033.333333333332
125,28033.333333333332
163,28050.0
156,28050.0
148,28050.0
139,28050.0
136,28050.0
125,28050.0
156,28066.666666666668
148,28066.666666666668
139,28066.666666666668
136,28066.666666666668
125,28066.666666666668
156,28083.333333333332
148,28083.333333333332
139,28083.333333333332
136,28083.333333333332
125,28083.333333333332
156,28099.999999999996
148,28099.999999999996
139,28099.999999999996
136,28099.999999999996
125,28099.999999999996
156,28116.666666666668
148,28116.666666666668
139,28116.666666666668
136,28116.666666666668
125,28116.666666666668
156,28133.333333333332
148,28133.333333333332
139,28133.333333333332
136,28133.333333333332
125,28133.333333333332
156,28150.0
148,28150.0
139,28150.0
136,28150.0
125,28150.0
156,28166.666666666668
148,28166.666666666668
139,28166.666666666668
136,28166.666666666668
125,28166.666666666668
156,28183.333333333332
148,28183.333333333332
139,28183.333333333332
136,28183.333333333332
125,28183.333333333332
156,28200.0
148,28200.0
139,28200.0
136,28200.0
125,28200.0
156,28216.666666666664
148,28216.666666666664
139,28216.666666666664
136,28216.666666666664
125,28216.666666666664
148,28233.333333333336
139,28233.333333333336
136,28233.333333333336
125,28233.333333333336
148,28250.0
139,28250.0
136,28250.0
125,28250.0
148,28266.666666666664
139,28266.666666666664
136,28266.666666666664
125,28266.666666666664
156,28283.333333333332
148,28283.333333333332
139,28283.333333333332
136,28283.333333333332
125,28283.333333333332
156,28300.0
148,28300.0
139,28300.0
136,28300.0
125,28300.0
156,28316.666666666668
148,28316.666666666668
139,28316.666666666668
136,28316.666666666668
125,28316.666666666668
148,28333.333333333332
139,28333.333333333332
136,28333.333333333332
125,28333.333333333332
148,28349.999999999996
139,28349.999999999996
136,28349.999999999996
125,28349.999999999996
148,28366.666666666668
139,28366.666666666668
136,28366.666666666668
125,28366.666666666668
148,28383.333333333332
139,28383.333333333332
136,28383.333333333332
125,28383.333333333332
148,28400.0
139,28400.0
136,28400.0
125,28400.0
156,28416.666666666668
148,28416.666666666668
139,28416.666666666668
136,28416.666666666668
125,28416.666666666668
163,28433.333333333332
148,28433.333333333332
139,28433.333333333332
136,28433.333333333332
125,28433.333333333332
148,28450.0
139,28450.0
136,28450.0
125,28450.0
148,28466.666666666664
139,28466.666666666664
136,28466.666666666664
125,28466.666666666664
148,28483.333333333336
139,28483.333333333336
136,28483.333333333336
125,28483.333333333336
148,28500.0
139,28500.0
136,28500.0
125,28500.0
148,28516.666666666664
139,28516.666666666664
136,28516.666666666664
125,28516.666666666664
148,28533.333333333332
139,28533.333333333332
136,28533.333333333332
125,28533.333333333332
148,28550.0
139,28550.0
136,28550.0
125,28550.0
148,28566.666666666668
139,28566.666666666668
136,28566.666666666668
125,28566.666666666668
148,28583.333333333332
139,28583.333333333332
136,28583.333333333332
125,28583.333333333332
148,28599.999999999996
139,28599.999999999996
136,28599.999999999996
125,28599.999999999996
148,28616.666666666668
139,28616.666666666668
136,28616.666666666668
125,28616.666666666668
148,28633.333333333332
139,28633.333333333332
136,28633.333333333332
125,28633.333333333332
148,28650.0
139,28650.0
136,28650.0
125,28650.0
148,28666.666666666668
139,28666.666666666668
136,28666.666666666668
125,28666.666666666668
148,28683.333333333332
139,28683.333333333332
136,28683.333333333332
125,28683.333333333332
156,28700.0
148,28700.0
139,28700.0
136,28700.0
125,28700.0
156,28716.666666666664
148,28716.666666666664
139,28716.666666666664
136,28716.666666666664
125,28716.666666666664
156,28733.333333333336
148,28733.333333333336
139,28733.333333333336
136,28733.333333333336
125,28733.333333333336
156,28750.0
148,28750.0
139,28750.0
136,28750.0
125,28750.0
156,28766.666666666664
148,28766.666666666664
139,28766.666666666664
136,28766.666666666664
125,28766.666666666664
156,28783.333333333332
148,28783.333333333332
139,28783.333333333332
136,28783.333333333332
125,28783.333333333332
156,28800.0
148,28800.0
139,28800.0
136,28800.0
125,28800.0
156,28816.666666666668
148,28816.666666666668
139,28816.666666666668
136,28816.666666666668
125,28816.666666666668
156,28833.333333333332
148,28833.333333333332
139,28833.333333333332
136,28833.333333333332
125,28833.333333333332
156,28849.999999999996
148,28849.999999999996
139,28849.999999999996
136,28849.999999999996
125,28849.999999999996
156,28866.666666666668
148,28866.666666666668
139,28866.666666666668
136,28866.666666666668
125,28866.666666666668
156,28883.333333333332
148,28883.333333333332
139,28883.333333333332
136,28883.333333333332
125,28883.333333333332
156,28900.0
148,28900.0
139,28900.0
136,28900.0
125,28900.0
156,28916.666666666668
148,28916.666666666668
139,28916.666666666668
136,28916.666666666668
125,28916.666666666668
156,28933.333333333332
148,28933.333333333332
139,28933.333333333332
136,28933.333333333332
125,28933.333333333332
156,28950.0
148,28950.0
139,28950.0
136,28950.0
125,28950.0
156,28966.666666666664
148,28966.666666666664
139,28966.666666666664
136,28966.666666666664
125,28966.666666666664
156,28983.333333333336
148,28983.333333333336
139,28983.333333333336
136,28983.333333333336
125,28983.333333333336
156,29000.0
148,29000.0
139,29000.0
136,29000.0
125,29000.0
156,29016.666666666664
148,29016.666666666664
139,29016.666666666664
136,29016.666666666664
125,29016.666666666664
156,29033.333333333332
148,29033.333333333332
139,29033.333333333332
136,29033.333333333332
125,29033.333333333332
156,29050.0
148,29050.0
139,29050.0
136,29050.0
125,29050.0
156,29066.666666666668
148,29066.666666666668
139,29066.666666666668
136,29066.666666666668
125,29066.666666666668
156,29083.333333333332
148,29083.333333333332
139,29083.333333333332
136,29083.333333333332
125,29083.333333333332
156,29099.999999999996
148,29099.999999999996
139,29099.999999999996
136,29099.999999999996
125,29099.999999999996
156,29116.666666666668
148,29116.666666666668
139,29116.666666666668
136,29116.666666666668
125,29116.666666666668
156,29133.333333333332
148,29133.333333333332
139,29133.333333333332
136,29133.333333333332
125,29133.333333333332
156,29150.0
148,29150.0
139,29150.0
136,29150.0
125,29150.0
156,29166.666666666668
148,29166.666666666668
139,29166.666666666668
136,29166.666666666668
125,29166.666666666668
156,29183.333333333332
148,29183.333333333332
139,29183.333333333332
136,29183.333333333332
125,29183.333333333332
156,29200.0
148,29200.0
139,29200.0
136,29200.0
125,29200.0
156,29216.666666666664
148,29216.666666666664
139,29216.666666666664
136,29216.666666666664
125,29216.666666666664
156,29233.333333333336
148,29233.333333333336
139,29233.333333333336
136,29233.333333333336
125,29233.333333333336
156,29250.0
148,29250.0
139,29250.0
136,29250.0
125,29250.0
156,29266.666666666664
148,29266.666666666664
139,29266.666666666664
136,29266.666666666664
125,29266.666666666664
156,29283.333333333332
148,29283.333333333332
139,29283.333333333332
136,29283.333333333332
125,29283.333333333332
156,29300.0
148,29300.0
139,29300.0
136,29300.0
125,29300.0
156,29316.666666666668
148,29316.666666666668
139,29316.666666666668
136,29316.666666666668
125,29316.666666666668
156,29333.333333333332
148,29333.333333333332
139,29333.333333333332
136,29333.333333333332
125,29333.333333333332
156,29349.999999999996
148,29349.999999999996
139,29349.999999999996
136,29349.999999999996
125,29349.999999999996
156,29366.666666666668
148,29366.666666666668
139,29366.666666666668
136,29366.666666666668
125,29366.666666666668
156,29383.333333333332
148,29383.333333333332
139,29383.333333333332
136,29383.333333333332
125,29383.333333333332
156,29400.0
148,29400.0
139,29400.0
136,29400.0
125,29400.0
156,29416.666666666668
148,29416.666666666668
139,29416.666666666668
136,29416.666666666668
125,29416.666666666668
156,29433.333333333332
148,29433.333333333332
139,29433.333333333332
136,29433.333333333332
125,29433.333333333332
156,29450.0
148,29450.0
139,29450.0
136,29450.0
125,29450.0
156,29466.666666666664
148,29466.666666666664
139,29466.666666666664
136,29466.666666666664
125,29466.666666666664
156,29483.333333333336
148,29483.333333333336
139,29483.333333333336
136,29483.333333333336
125,29483.333333333336
156,29500.0
148,29500.0
139,29500.0
136,29500.0
125,29500.0
156,29516.666666666664
148,29516.666666666664
139,29516.666666666664
136,29516.666666666664
125,29516.666666666664
156,29533.333333333332
148,29533.333333333332
139,29533.333333333332
136,29533.333333333332
125,29533.333333333332
156,29550.0
148,29550.0
139,29550.0
136,29550.0
125,29550.0
156,29566.666666666668
148,29566.666666666668
139,29566.666666666668
136,29566.666666666668
125,29566.666666666668
156,29583.333333333332
148,29583.333333333332
139,29583.333333333332
136,29583.333333333332
125,29583.333333333332
156,29599.999999999996
148,29599.999999999996
139,29599.999999999996
136,29599.999999999996
125,29599.999999999996
148,29616.666666666668
139,29616.666666666668
136,29616.666666666668
125,29616.666666666668
148,29633.333333333332
139,29633.333333333332
136,29633.333333333332
125,29633.333333333332
148,29650.0
139,29650.0
136,29650.0
125,29650.0
148,29666.666666666668
139,29666.666666666668
136,29666.666666666668
125,29666.666666666668
148,29683.333333333332
139,29683.333333333332
136,29683.333333333332
125,29683.333333333332
156,29700.0
148,29700.0
139,29700.0
136,29700.0
125,29700.0
156,29716.666666666664
148,29716.666666666664
139,29716.666666666664
136,29716.666666666664
125,29716.666666666664
156,29733.333333333336
148,29733.333333333336
139,29733.333333333336
136,29733.333333333336
125,29733.333333333336
156,29750.0
148,29750.0
139,29750.0
136,29750.0
156,29766.666666666664
148,29766.666666666664
139,29766.666666666664
136,29766.666666666664
156,29783.333333333332
148,29783.333333333332
139,29783.333333333332
136,29783.333333333332
156,29800.0
148,29800.0
139,29800.0
136,29800.0
156,29816.666666666668
148,29816.666666666668
139,29816.666666666668
136,29816.666666666668
156,29833.333333333332
148,29833.333333333332
139,29833.333333333332
136,29833.333333333332
156,29849.999999999996
148,29849.999999999996
139,29849.999999999996
136,29849.999999999996
156,29866.666666666668
148,29866.666666666668
139,29866.666666666668
136,29866.666666666668
156,29883.333333333332
148,29883.333333333332
139,29883.333333333332
136,29883.333333333332
156,29900.0
148,29900.0
139,29900.0
136,29900.0
156,29916.666666666668
148,29916.666666666668
139,29916.666666666668
136,29916.666666666668
156,29933.333333333332
148,29933.333333333332
139,29933.333333333332
136,29933.333333333332
148,29950.0
139,29950.0
136,29950.0
148,29966.666666666664
139,29966.666666666664
136,29966.666666666664
148,29983.333333333336
139,29983.333333333336
136,29983.333333333336
148,30000.0
139,30000.0
136,30000.0
148,30016.666666666664
139,30016.666666666664
136,30016.666666666664
148,30033.333333333332
139,30033.333333333332
136,30033.333333333332
148,30050.0
139,30050.0
136,30050.0
148,30066.666666666668
139,30066.666666666668
136,30066.666666666668
148,30083.333333333332
139,30083.333333333332
136,30083.333333333332
148,30099.999999999996
139,30099.999999999996
136,30099.999999999996
148,30116.666666666668
139,30116.666666666668
136,30116.666666666668
148,30133.333333333332
139,30133.333333333332
136,30133.333333333332
148,30150.0
139,30150.0
136,30150.0
148,30166.666666666668
139,30166.666666666668
136,30166.666666666668
148,30183.333333333332
139,30183.333333333332
136,30183.333333333332
148,30200.0
139,30200.0
136,30200.0
148,30216.666666666664
139,30216.666666666664
136,30216.666666666664
148,30233.333333333336
139,30233.333333333336
136,30233.333333333336
148,30250.0
139,30250.0
148,30266.666666666664
139,30266.666666666664
148,30283.333333333332
139,30283.333333333332
148,30300.0
139,30300.0
148,30316.666666666668
139,30316.666666666668
156,30333.333333333332
148,30333.333333333332
139,30333.333333333332
156,30349.999999999996
148,30349.999999999996
139,30349.999999999996
156,30366.666666666668
148,30366.666666666668
139,30366.666666666668
156,30383.333333333332
148,30383.333333333332
139,30383.333333333332
156,30400.0
148,30400.0
139,30400.0
156,30416.666666666668
148,30416.666666666668
139,30416.666666666668
156,30433.333333333332
148,30433.333333333332
139,30433.333333333332
156,30450.0
148,30450.0
139,30450.0
156,30466.666666666664
148,30466.666666666664
139,30466.666666666664
156,30483.333333333336
148,30483.333333333336
139,30483.333333333336
148,30500.0
139,30500.0
148,30516.666666666664
139,30516.666666666664
148,30533.333333333332
139,30533.333333333332
148,30550.0
139,30550.0
148,30566.666666666668
139,30566.666666666668
148,30583.333333333332
139,30583.333333333332
148,30599.999999999996
139,30599.999999999996
148,30616.666666666668
139,30616.666666666668
148,30633.333333333332
139,30633.333333333332
148,30650.0
139,30650.0
148,30666.666666666668
139,30666.666666666668
148,30683.333333333332
139,30683.333333333332
148,30700.0
139,30700.0
148,30716.666666666664
139,30716.666666666664
148,30733.333333333336
139,30733.333333333336
148,30750.0
139,30750.0
148,30766.666666666664
139,30766.666666666664
148,30783.333333333332
139,30783.333333333332
148,30800.0
139,30800.0
148,30816.666666666668
139,30816.666666666668
148,30833.333333333332
139,30833.333333333332
148,30849.999999999996
139,30849.999999999996
148,30866.666666666668
139,30866.666666666668
148,30883.333333333332
139,30883.333333333332
148,30900.0
139,30900.0
148,30916.666666666668
139,30916.666666666668
148,30933.333333333332
139,30933.333333333332
148,30950.0
139,30950.0
148,30966.666666666664
139,30966.666666666664
148,30983.333333333336
139,30983.333333333336
176,31000.0
148,31000.0
139,31000.0
176,31016.666666666664
148,31016.666666666664
139,31016.666666666664
148,31033.333333333332
139,31033.333333333332
148,31050.0
139,31050.0
148,31066.666666666668
139,31066.666666666668
148,31083.333333333332
139,31083.333333333332
176,31099.999999999996
148,31099.999999999996
139,31099.999999999996
176,31116.666666666668
148,31116.666666666668
139,31116.666666666668
176,31133.333333333332
148,31133.333333333332
139,31133.333333333332
176,31150.0
148,31150.0
139,31150.0
176,31166.666666666668
148,31166.666666666668
139,31166.666666666668
176,31183.333333333332
148,31183.333333333332
139,31183.333333333332
176,31200.0
148,31200.0
139,31200.0
176,31216.666666666664
148,31216.666666666664
139,31216.666666666664
176,31233.333333333336
148,31233.333333333336
139,31233.333333333336
176,31250.0
148,31250.0
139,31250.0
176,31266.666666666664
148,31266.666666666664
139,31266.666666666664
176,31283.333333333332
148,31283.333333333332
139,31283.333333333332
176,31300.0
148,31300.0
139,31300.0
176,31316.666666666668
148,31316.666666666668
139,31316.666666666668
177,31333.333333333332
176,31333.333333333332
148,31333.333333333332
139,31333.333333333332
176,31349.999999999996
148,31349.999999999996
139,31349.999999999996
176,31366.666666666668
148,31366.666666666668
139,31366.666666666668
176,31383.333333333332
148,31383.333333333332
139,31383.333333333332
176,31400.0
148,31400.0
139,31400.0
176,31416.666666666668
148,31416.666666666668
139,31416.666666666668
176,31433.333333333332
148,31433.333333333332
139,31433.333333333332
176,31450.0
148,31450.0
139,31450.0
176,31466.666666666664
148,31466.666666666664
139,31466.666666666664
178,31483.333333333336
176,31483.333333333336
148,31483.333333333336
139,31483.333333333336
148,31500.0
139,31500.0
148,31516.666666666664
139,31516.666666666664
148,31533.333333333332
139,31533.333333333332
148,31550.0
139,31550.0
148,31566.666666666668
139,31566.666666666668
148,31583.333333333332
139,31583.333333333332
148,31599.999999999996
139,31599.999999999996
148,31616.666666666668
139,31616.666666666668
148,31633.333333333332
139,31633.333333333332
148,31650.0
139,31650.0
148,31666.666666666668
139,31666.666666666668
148,31683.333333333332
139,31683.333333333332
148,31700.0
139,31700.0
148,31716.666666666664
139,31716.666666666664
148,31733.333333333336
139,31733.333333333336
148,31750.0
139,31750.0
148,31766.666666666664
139,31766.666666666664
148,31783.333333333332
139,31783.333333333332
176,31800.0
148,31800.0
139,31800.0
176,31816.666666666668
148,31816.666666666668
139,31816.666666666668
181,31833.333333333332
176,31833.333333333332
148,31833.333333333332
139,31833.333333333332
181,31849.999999999996
176,31849.999999999996
148,31849.999999999996
139,31849.999999999996
181,31866.666666666668
176,31866.666666666668
148,31866.666666666668
139,31866.666666666668
181,31883.333333333332
176,31883.333333333332
148,31883.333333333332
139,31883.333333333332
176,31900.0
148,31900.0
139,31900.0
176,31916.666666666668
148,31916.666666666668
139,31916.666666666668
176,31933.333333333332
148,31933.333333333332
139,31933.333333333332
176,31950.0
148,31950.0
139,31950.0
176,31966.666666666664
139,31966.666666666664
176,31983.333333333336
139,31983.333333333336
139,32000.0
139,32016.666666666664
139,32033.333333333332
139,32049.999999999996
139,32066.666666666664
139,32083.333333333336
139,32100.0
139,32116.666666666668
139,32133.333333333332
139,32150.0
139,32166.666666666664
176,32183.33333333333
139,32183.33333333333
181,32200.000000000004
176,32200.000000000004
139,32200.000000000004
176,32216.666666666668
139,32216.666666666668
176,32233.333333333336
139,32233.333333333336
176,32250.0
139,32250.0
176,32266.666666666664
139,32266.666666666664
176,32283.333333333332
139,32283.333333333332
183,32299.999999999996
176,32299.999999999996
139,32299.999999999996
183,32316.666666666664
176,32316.666666666664
139,32316.666666666664
183,32333.333333333336
176,32333.333333333336
139,32333.333333333336
183,32350.0
176,32350.0
139,32350.0
183,32366.666666666668
176,32366.666666666668
139,32366.666666666668
181,32383.333333333332
176,32383.333333333332
139,32383.333333333332
176,32400.0
139,32400.0
176,32416.666666666664
139,32416.666666666664
176,32433.33333333333
139,32433.33333333333
176,32450.000000000004
139,32450.000000000004
176,32466.666666666668
139,32466.666666666668
176,32483.333333333336
139,32483.333333333336
176,32500.0
139,32500.0
181,32516.666666666664
176,32516.666666666664
139,32516.666666666664
181,32533.333333333332
176,32533.333333333332
139,32533.333333333332
176,32549.999999999996
139,32549.999999999996
176,32566.666666666664
139,32566.666666666664
176,32583.333333333336
139,32583.333333333336
176,32600.0
139,32600.0
176,32616.666666666668
139,32616.666666666668
176,32633.333333333332
139,32633.333333333332
176,32650.0
139,32650.0
176,32666.666666666664
139,32666.666666666664
183,32683.33333333333
176,32683.33333333333
139,32683.33333333333
183,32700.000000000004
176,32700.000000000004
139,32700.000000000004
183,32716.666666666668
176,32716.666666666668
139,32716.666666666668
183,32733.333333333336
176,32733.333333333336
139,32733.333333333336
183,32750.0
176,32750.0
139,32750.0
183,32766.666666666664
176,32766.666666666664
139,32766.666666666664
183,32783.33333333333
176,32783.33333333333
139,32783.33333333333
183,32800.0
176,32800.0
139,32800.0
183,32816.666666666664
176,32816.666666666664
183,32833.333333333336
176,32833.333333333336
176,32850.0
183,32966.66666666667
176,33000.0
176,33016.666666666664
183,33033.33333333333
176,33033.33333333333
176,33050.0
176,33066.666666666664
176,33083.333333333336
176,33100.0
176,33116.666666666664
186,33133.333333333336
176,33133.333333333336
176,33150.0
176,33166.666666666664
176,33183.33333333333
176,33200.0
176,33216.66666666667
176,33233.333333333336
176,33250.0
176,33266.666666666664
190,33283.33333333333
176,33283.33333333333
190,33300.0
186,33300.0
176,33300.0
190,33316.666666666664
186,33316.666666666664
176,33316.666666666664
190,33333.333333333336
186,33333.333333333336
176,33333.333333333336
190,33350.0
186,33350.0
176,33350.0
190,33366.666666666664
186,33366.666666666664
176,33366.666666666664
190,33383.333333333336
186,33383.333333333336
176,33383.333333333336
186,33400.0
176,33400.0
186,33416.666666666664
176,33416.666666666664
191,33433.33333333333
186,33433.33333333333
176,33433.33333333333
191,33450.0
186,33450.0
176,33450.0
191,33466.66666666667
189,33466.66666666667
186,33466.66666666667
176,33466.66666666667
191,33483.333333333336
189,33483.333333333336
186,33483.333333333336
176,33483.333333333336
186,33500.0
176,33500.0
176,33516.666666666664
190,33533.33333333333
176,33533.33333333333
190,33550.0
176,33550.0
190,33566.666666666664
189,33566.666666666664
183,33566.666666666664
176,33566.666666666664
189,33583.333333333336
183,33583.333333333336
176,33583.333333333336
176,33600.0
191,33616.666666666664
176,33616.666666666664
194,33633.333333333336
191,33633.333333333336
186,33633.333333333336
176,33633.333333333336
191,33650.0
186,33650.0
176,33650.0
191,33666.666666666664
186,33666.666666666664
176,33666.666666666664
191,33683.33333333333
186,33683.33333333333
176,33683.33333333333
191,33700.0
186,33700.0
176,33700.0
191,33716.66666666667
186,33716.66666666667
176,33716.66666666667
191,33733.333333333336
186,33733.333333333336
176,33733.333333333336
191,33750.0
186,33750.0
176,33750.0
191,33766.666666666664
186,33766.666666666664
176,33766.666666666664
191,33783.33333333333
186,33783.33333333333
176,33783.33333333333
191,33800.0
189,33800.0
186,33800.0
176,33800.0
191,33816.666666666664
189,33816.666666666664
186,33816.666666666664
176,33816.666666666664
191,33833.333333333336
189,33833.333333333336
186,33833.333333333336
176,33833.333333333336
191,33850.0
189,33850.0
186,33850.0
176,33850.0
191,33866.666666666664
189,33866.666666666664
186,33866.666666666664
176,33866.666666666664
191,33883.333333333336
189,33883.333333333336
186,33883.333333333336
176,33883.333333333336
191,33900.0
189,33900.0
186,33900.0
176,33900.0
191,33916.666666666664
189,33916.666666666664
186,33916.666666666664
176,33916.666666666664
191,33933.33333333333
189,33933.33333333333
186,33933.33333333333
176,33933.33333333333
191,33950.0
189,33950.0
186,33950.0
176,33950.0
191,33966.66666666667
189,33966.66666666667
186,33966.66666666667
176,33966.66666666667
191,33983.333333333336
189,33983.333333333336
186,33983.333333333336
176,33983.333333333336
191,34000.0
189,34000.0
186,34000.0
176,34000.0
191,34016.666666666664
189,34016.666666666664
186,34016.666666666664
176,34016.666666666664
191,34033.33333333333
189,34033.33333333333
186,34033.33333333333
176,34033.33333333333
189,34050.0
186,34050.0
176,34050.0
189,34066.666666666664
186,34066.666666666664
176,34066.666666666664
197,34083.333333333336
196,34083.333333333336
186,34083.333333333336
176,34083.333333333336
197,34100.0
191,34100.0
186,34100.0
176,34100.0
191,34116.666666666664
186,34116.666666666664
176,34116.666666666664
191,34133.333333333336
186,34133.333333333336
176,34133.333333333336
191,34150.0
186,34150.0
176,34150.0
191,34166.666666666664
186,34166.666666666664
176,34166.666666666664
197,34183.33333333333
196,34183.33333333333
191,34183.33333333333
186,34183.33333333333
176,34183.33333333333
197,34200.0
196,34200.0
191,34200.0
186,34200.0
176,34200.0
197,34216.66666666667
196,34216.66666666667
191,34216.66666666667
186,34216.66666666667
176,34216.66666666667
197,34233.333333333336
196,34233.333333333336
191,34233.333333333336
186,34233.333333333336
176,34233.333333333336
196,34250.0
191,34250.0
186,34250.0
176,34250.0
196,34266.666666666664
191,34266.666666666664
186,34266.666666666664
176,34266.666666666664
196,34283.33333333333
191,34283.33333333333
186,34283.33333333333
176,34283.33333333333
196,34300.0
191,34300.0
186,34300.0
176,34300.0
196,34316.666666666664
191,34316.666666666664
186,34316.666666666664
176,34316.666666666664
196,34333.333333333336
191,34333.333333333336
186,34333.333333333336
176,34333.333333333336
196,34350.0
191,34350.0
186,34350.0
176,34350.0
196,34366.666666666664
191,34366.666666666664
186,34366.666666666664
176,34366.666666666664
196,34383.333333333336
191,34383.333333333336
186,34383.333333333336
176,34383.333333333336
196,34400.0
191,34400.0
186,34400.0
176,34400.0
196,34416.666666666664
191,34416.666666666664
186,34416.666666666664
176,34416.666666666664
196,34433.33333333333
191,34433.33333333333
186,34433.33333333333
176,34433.33333333333
197,34450.0
196,34450.0
186,34450.0
176,34450.0
197,34466.66666666667
196,34466.66666666667
186,34466.66666666667
176,34466.66666666667
196,34483.333333333336
186,34483.333333333336
176,34483.333333333336
196,34500.0
191,34500.0
186,34500.0
176,34500.0
196,34516.666666666664
191,34516.666666666664
189,34516.666666666664
186,34516.666666666664
176,34516.666666666664
196,34533.33333333333
191,34533.33333333333
189,34533.33333333333
176,34533.33333333333
201,34550.0
196,34550.0
191,34550.0
189,34550.0
176,34550.0
201,34566.666666666664
196,34566.666666666664
191,34566.666666666664
189,34566.666666666664
176,34566.666666666664
201,34583.333333333336
196,34583.333333333336
191,34583.333333333336
176,34583.333333333336
201,34600.0
196,34600.0
191,34600.0
176,34600.0
201,34616.666666666664
196,34616.666666666664
191,34616.666666666664
176,34616.666666666664
201,34633.333333333336
196,34633.333333333336
191,34633.333333333336
176,34633.333333333336
201,34650.0
196,34650.0
191,34650.0
176,34650.0
201,34666.666666666664
196,34666.666666666664
191,34666.666666666664
176,34666.666666666664
201,34683.33333333333
196,34683.33333333333
191,34683.33333333333
176,34683.33333333333
201,34700.0
196,34700.0
191,34700.0
189,34700.0
176,34700.0
201,34716.66666666667
199,34716.66666666667
196,34716.66666666667
191,34716.66666666667
189,34716.66666666667
176,34716.66666666667
201,34733.333333333336
199,34733.333333333336
196,34733.333333333336
191,34733.333333333336
176,34733.333333333336
201,34750.0
199,34750.0
196,34750.0
191,34750.0
176,34750.0
202,34766.666666666664
201,34766.666666666664
199,34766.666666666664
196,34766.666666666664
191,34766.666666666664
176,34766.666666666664
201,34783.33333333333
199,34783.33333333333
196,34783.33333333333
191,34783.33333333333
176,34783.33333333333
201,34800.0
199,34800.0
196,34800.0
191,34800.0
176,34800.0
201,34816.666666666664
199,34816.666666666664
196,34816.666666666664
191,34816.666666666664
176,34816.666666666664
201,34833.333333333336
199,34833.333333333336
196,34833.333333333336
191,34833.333333333336
176,34833.333333333336
201,34850.0
199,34850.0
196,34850.0
191,34850.0
176,34850.0
201,34866.666666666664
196,34866.666666666664
191,34866.666666666664
176,34866.666666666664
201,34883.333333333336
197,34883.333333333336
196,34883.333333333336
191,34883.333333333336
201,34900.0
197,34900.0
196,34900.0
191,34900.0
201,34916.666666666664
197,34916.666666666664
196,34916.666666666664
191,34916.666666666664
201,34933.33333333333
197,34933.33333333333
196,34933.33333333333
191,34933.33333333333
201,34950.0
197,34950.0
196,34950.0
191,34950.0
202,34966.66666666667
201,34966.66666666667
197,34966.66666666667
196,34966.66666666667
191,34966.66666666667
202,34983.333333333336
201,34983.333333333336
197,34983.333333333336
196,34983.333333333336
191,34983.333333333336
202,35000.0
201,35000.0
197,35000.0
196,35000.0
191,35000.0
202,35016.666666666664
201,35016.666666666664
197,35016.666666666664
196,35016.666666666664
191,35016.666666666664
176,35016.666666666664
202,35033.33333333333
201,35033.33333333333
197,35033.33333333333
196,35033.33333333333
191,35033.33333333333
176,35033.33333333333
202,35050.0
201,35050.0
197,35050.0
196,35050.0
191,35050.0
202,35066.666666666664
201,35066.666666666664
197,35066.666666666664
196,35066.666666666664
191,35066.666666666664
202,35083.333333333336
201,35083.333333333336
191,35083.333333333336
202,35100.0
201,35100.0
191,35100.0
202,35116.666666666664
201,35116.666666666664
191,35116.666666666664
202,35133.333333333336
201,35133.333333333336
199,35133.333333333336
196,35133.333333333336
191,35133.333333333336
202,35150.0
201,35150.0
199,35150.0
196,35150.0
191,35150.0
202,35166.666666666664
201,35166.666666666664
196,35166.666666666664
191,35166.666666666664
202,35183.33333333333
201,35183.33333333333
196,35183.33333333333
191,35183.33333333333
202,35200.0
201,35200.0
191,35200.0
202,35216.66666666667
201,35216.66666666667
191,35216.66666666667
202,35233.333333333336
201,35233.333333333336
199,35233.333333333336
191,35233.333333333336
176,35233.333333333336
202,35250.0
201,35250.0
199,35250.0
191,35250.0
176,35250.0
202,35266.666666666664
201,35266.666666666664
199,35266.666666666664
191,35266.666666666664
176,35266.666666666664
202,35283.33333333333
201,35283.33333333333
199,35283.33333333333
196,35283.33333333333
191,35283.33333333333
176,35283.33333333333
202,35300.0
201,35300.0
199,35300.0
196,35300.0
191,35300.0
176,35300.0
202,35316.666666666664
201,35316.666666666664
199,35316.666666666664
191,35316.666666666664
176,35316.666666666664
202,35333.333333333336
201,35333.333333333336
199,35333.333333333336
191,35333.333333333336
176,35333.333333333336
202,35350.0
201,35350.0
199,35350.0
191,35350.0
176,35350.0
202,35366.666666666664
201,35366.666666666664
199,35366.666666666664
191,35366.666666666664
176,35366.666666666664
202,35383.333333333336
201,35383.333333333336
199,35383.333333333336
191,35383.333333333336
176,35383.333333333336
202,35400.0
201,35400.0
199,35400.0
196,35400.0
191,35400.0
176,35400.0
202,35416.666666666664
201,35416.666666666664
199,35416.666666666664
196,35416.666666666664
191,35416.666666666664
176,35416.666666666664
202,35433.33333333333
201,35433.33333333333
199,35433.33333333333
196,35433.33333333333
191,35433.33333333333
176,35433.33333333333
202,35450.0
201,35450.0
199,35450.0
196,35450.0
191,35450.0
176,35450.0
202,35466.66666666667
201,35466.66666666667
199,35466.66666666667
196,35466.66666666667
191,35466.66666666667
176,35466.66666666667
202,35483.333333333336
201,35483.333333333336
199,35483.333333333336
196,35483.333333333336
191,35483.333333333336
176,35483.333333333336
205,35500.0
202,35500.0
201,35500.0
199,35500.0
191,35500.0
176,35500.0
205,35516.666666666664
202,35516.666666666664
201,35516.666666666664
199,35516.666666666664
191,35516.666666666664
176,35516.666666666664
205,35533.33333333333
202,35533.33333333333
201,35533.33333333333
199,35533.33333333333
191,35533.33333333333
176,35533.33333333333
205,35550.0
202,35550.0
201,35550.0
199,35550.0
191,35550.0
176,35550.0
205,35566.666666666664
202,35566.666666666664
201,35566.666666666664
199,35566.666666666664
191,35566.666666666664
176,35566.666666666664
205,35583.333333333336
202,35583.333333333336
201,35583.333333333336
199,35583.333333333336
191,35583.333333333336
176,35583.333333333336
205,35600.0
202,35600.0
201,35600.0
199,35600.0
196,35600.0
191,35600.0
176,35600.0
205,35616.666666666664
202,35616.666666666664
201,35616.666666666664
199,35616.666666666664
196,35616.666666666664
191,35616.666666666664
176,35616.666666666664
205,35633.333333333336
202,35633.333333333336
201,35633.333333333336
199,35633.333333333336
196,35633.333333333336
191,35633.333333333336
176,35633.333333333336
205,35650.0
202,35650.0
201,35650.0
199,35650.0
196,35650.0
191,35650.0
206,35666.666666666664
205,35666.666666666664
202,35666.666666666664
201,35666.666666666664
199,35666.666666666664
196,35666.666666666664
191,35666.666666666664
205,35683.33333333333
202,35683.33333333333
201,35683.33333333333
199,35683.33333333333
196,35683.33333333333
191,35683.33333333333
205,35700.0
202,35700.0
201,35700.0
199,35700.0
196,35700.0
191,35700.0
176,35700.0
205,35716.66666666667
202,35716.66666666667
201,35716.66666666667
199,35716.66666666667
196,35716.66666666667
191,35716.66666666667
176,35716.66666666667
205,35733.333333333336
202,35733.333333333336
201,35733.333333333336
199,35733.333333333336
196,35733.333333333336
191,35733.333333333336
176,35733.333333333336
205,35750.0
202,35750.0
201,35750.0
199,35750.0
196,35750.0
191,35750.0
176,35750.0
205,35766.666666666664
202,35766.666666666664
201,35766.666666666664
199,35766.666666666664
196,35766.666666666664
191,35766.666666666664
176,35766.666666666664
205,35783.33333333333
202,35783.33333333333
201,35783.33333333333
199,35783.33333333333
196,35783.33333333333
191,35783.33333333333
176,35783.33333333333
205,35800.0
202,35800.0
201,35800.0
199,35800.0
196,35800.0
191,35800.0
176,35800.0
205,35816.666666666664
202,35816.666666666664
201,35816.666666666664
199,35816.666666666664
196,35816.666666666664
191,35816.666666666664
176,35816.666666666664
205,35833.333333333336
202,35833.333333333336
201,35833.333333333336
199,35833.333333333336
196,35833.333333333336
191,35833.333333333336
176,35833.333333333336
205,35850.0
202,35850.0
201,35850.0
199,35850.0
196,35850.0
191,35850.0
176,35850.0
205,35866.666666666664
202,35866.666666666664
201,35866.666666666664
199,35866.666666666664
196,35866.666666666664
191,35866.666666666664
176,35866.666666666664
205,35883.333333333336
202,35883.333333333336
201,35883.333333333336
199,35883.333333333336
196,35883.333333333336
191,35883.333333333336
176,35883.333333333336
205,35900.0
202,35900.0
201,35900.0
199,35900.0
196,35900.0
191,35900.0
176,35900.0
205,35916.666666666664
202,35916.666666666664
201,35916.666666666664
199,35916.666666666664
196,35916.666666666664
191,35916.666666666664
176,35916.666666666664
205,35933.33333333333
202,35933.33333333333
201,35933.33333333333
199,35933.33333333333
196,35933.33333333333
191,35933.33333333333
176,35933.33333333333
205,35950.0
202,35950.0
201,35950.0
199,35950.0
196,35950.0
191,35950.0
176,35950.0
205,35966.66666666667
202,35966.66666666667
201,35966.66666666667
199,35966.66666666667
196,35966.66666666667
191,35966.66666666667
176,35966.66666666667
205,35983.333333333336
202,35983.333333333336
201,35983.333333333336
199,35983.333333333336
196,35983.333333333336
191,35983.333333333336
176,35983.333333333336
205,36000.0
202,36000.0
201,36000.0
199,36000.0
191,36000.0
176,36000.0
205,36016.666666666664
202,36016.666666666664
201,36016.666666666664
199,36016.666666666664
191,36016.666666666664
176,36016.666666666664
205,36033.33333333333
202,36033.33333333333
201,36033.33333333333
199,36033.33333333333
191,36033.33333333333
176,36033.33333333333
207,36050.0
205,36050.0
202,36050.0
201,36050.0
199,36050.0
191,36050.0
176,36050.0
207,36066.666666666664
205,36066.666666666664
202,36066.666666666664
201,36066.666666666664
199,36066.666666666664
196,36066.666666666664
191,36066.666666666664
176,36066.666666666664
205,36083.333333333336
202,36083.333333333336
201,36083.333333333336
199,36083.333333333336
196,36083.333333333336
191,36083.333333333336
176,36083.333333333336
205,36100.0
202,36100.0
201,36100.0
199,36100.0
196,36100.0
191,36100.0
176,36100.0
205,36116.666666666664
202,36116.666666666664
201,36116.666666666664
199,36116.666666666664
196,36116.666666666664
191,36116.666666666664
176,36116.666666666664
205,36133.333333333336
202,36133.333333333336
201,36133.333333333336
199,36133.333333333336
196,36133.333333333336
191,36133.333333333336
176,36133.333333333336
205,36150.0
202,36150.0
201,36150.0
199,36150.0
196,36150.0
191,36150.0
176,36150.0
205,36166.666666666664
202,36166.666666666664
201,36166.666666666664
199,36166.666666666664
196,36166.666666666664
191,36166.666666666664
176,36166.666666666664
205,36183.33333333333
202,36183.33333333333
201,36183.33333333333
199,36183.33333333333
196,36183.33333333333
191,36183.33333333333
176,36183.33333333333
205,36200.0
202,36200.0
201,36200.0
199,36200.0
196,36200.0
191,36200.0
176,36200.0
207,36216.66666666667
205,36216.66666666667
202,36216.66666666667
201,36216.66666666667
199,36216.66666666667
196,36216.66666666667
191,36216.66666666667
176,36216.66666666667
207,36233.333333333336
205,36233.333333333336
202,36233.333333333336
201,36233.333333333336
199,36233.333333333336
196,36233.333333333336
191,36233.333333333336
176,36233.333333333336
205,36250.0
202,36250.0
201,36250.0
199,36250.0
196,36250.0
191,36250.0
176,36250.0
205,36266.666666666664
202,36266.666666666664
201,36266.666666666664
199,36266.666666666664
196,36266.666666666664
191,36266.666666666664
176,36266.666666666664
205,36283.33333333333
202,36283.33333333333
201,36283.33333333333
199,36283.33333333333
196,36283.33333333333
191,36283.33333333333
176,36283.33333333333
205,36300.0
202,36300.0
201,36300.0
199,36300.0
196,36300.0
191,36300.0
176,36300.0
205,36316.666666666664
202,36316.666666666664
201,36316.666666666664
199,36316.666666666664
196,36316.666666666664
191,36316.666666666664
176,36316.666666666664
205,36333.333333333336
202,36333.333333333336
201,36333.333333333336
199,36333.333333333336
196,36333.333333333336
191,36333.333333333336
176,36333.333333333336
205,36350.0
202,36350.0
201,36350.0
199,36350.0
196,36350.0
191,36350.0
176,36350.0
205,36366.666666666664
202,36366.666666666664
201,36366.666666666664
199,36366.666666666664
196,36366.666666666664
191,36366.666666666664
176,36366.666666666664
205,36383.333333333336
202,36383.333333333336
201,36383.333333333336
199,36383.333333333336
196,36383.333333333336
191,36383.333333333336
176,36383.333333333336
205,36400.0
202,36400.0
201,36400.0
199,36400.0
196,36400.0
191,36400.0
176,36400.0
205,36416.666666666664
202,36416.666666666664
201,36416.666666666664
199,36416.666666666664
196,36416.666666666664
191,36416.666666666664
176,36416.666666666664
205,36433.33333333333
202,36433.33333333333
201,36433.33333333333
199,36433.33333333333
196,36433.33333333333
191,36433.33333333333
205,36450.0
202,36450.0
201,36450.0
199,36450.0
196,36450.0
191,36450.0
205,36466.66666666667
201,36466.66666666667
199,36466.66666666667
196,36466.66666666667
191,36466.66666666667
205,36483.333333333336
201,36483.333333333336
199,36483.333333333336
191,36483.333333333336
205,36500.0
201,36500.0
199,36500.0
191,36500.0
212,36516.666666666664
205,36516.666666666664
201,36516.666666666664
199,36516.666666666664
191,36516.666666666664
212,36533.33333333333
205,36533.33333333333
201,36533.33333333333
199,36533.33333333333
196,36533.33333333333
191,36533.33333333333
212,36550.0
205,36550.0
201,36550.0
199,36550.0
196,36550.0
191,36550.0
205,36566.666666666664
201,36566.666666666664
199,36566.666666666664
196,36566.666666666664
191,36566.666666666664
176,36566.666666666664
205,36583.333333333336
201,36583.333333333336
199,36583.333333333336
196,36583.333333333336
191,36583.333333333336
176,36583.333333333336
205,36600.0
201,36600.0
199,36600.0
196,36600.0
191,36600.0
176,36600.0
212,36616.666666666664
205,36616.666666666664
201,36616.666666666664
199,36616.666666666664
196,36616.666666666664
191,36616.666666666664
176,36616.666666666664
212,36633.333333333336
205,36633.333333333336
201,36633.333333333336
199,36633.333333333336
196,36633.333333333336
191,36633.333333333336
212,36650.0
205,36650.0
201,36650.0
199,36650.0
196,36650.0
191,36650.0
212,36666.666666666664
205,36666.666666666664
201,36666.666666666664
199,36666.666666666664
196,36666.666666666664
191,36666.666666666664
212,36683.33333333333
205,36683.33333333333
201,36683.33333333333
199,36683.33333333333
196,36683.33333333333
191,36683.33333333333
212,36700.0
205,36700.0
201,36700.0
199,36700.0
196,36700.0
191,36700.0
212,36716.66666666667
205,36716.66666666667
201,36716.66666666667
199,36716.66666666667
196,36716.66666666667
191,36716.66666666667
212,36733.333333333336
205,36733.333333333336
201,36733.333333333336
199,36733.333333333336
196,36733.333333333336
191,36733.333333333336
212,36750.0
205,36750.0
201,36750.0
199,36750.0
196,36750.0
191,36750.0
212,36766.666666666664
205,36766.666666666664
201,36766.666666666664
199,36766.666666666664
196,36766.666666666664
191,36766.666666666664
212,36783.33333333333
205,36783.33333333333
201,36783.33333333333
199,36783.33333333333
196,36783.33333333333
191,36783.33333333333
212,36800.0
205,36800.0
201,36800.0
199,36800.0
196,36800.0
191,36800.0
212,36816.666666666664
205,36816.666666666664
201,36816.666666666664
199,36816.666666666664
196,36816.666666666664
191,36816.666666666664
212,36833.333333333336
205,36833.333333333336
201,36833.333333333336
199,36833.333333333336
196,36833.333333333336
191,36833.333333333336
212,36850.0
205,36850.0
201,36850.0
199,36850.0
196,36850.0
191,36850.0
212,36866.666666666664
205,36866.666666666664
201,36866.666666666664
199,36866.666666666664
196,36866.666666666664
191,36866.666666666664
212,36883.333333333336
205,36883.333333333336
201,36883.333333333336
199,36883.333333333336
196,36883.333333333336
191,36883.333333333336
212,36900.0
205,36900.0
201,36900.0
199,36900.0
196,36900.0
191,36900.0
212,36916.666666666664
205,36916.666666666664
201,36916.666666666664
199,36916.666666666664
196,36916.666666666664
191,36916.666666666664
212,36933.33333333333
205,36933.33333333333
201,36933.33333333333
199,36933.33333333333
196,36933.33333333333
191,36933.33333333333
212,36950.0
205,36950.0
201,36950.0
199,36950.0
196,36950.0
191,36950.0
212,36966.66666666667
205,36966.66666666667
201,36966.66666666667
199,36966.66666666667
196,36966.66666666667
191,36966.66666666667
205,36983.333333333336
201,36983.333333333336
199,36983.333333333336
196,36983.333333333336
191,36983.333333333336
219,37000.0
205,37000.0
201,37000.0
199,37000.0
196,37000.0
191,37000.0
219,37016.666666666664
205,37016.666666666664
201,37016.666666666664
199,37016.666666666664
196,37016.666666666664
191,37016.666666666664
219,37033.33333333333
205,37033.33333333333
201,37033.33333333333
199,37033.33333333333
196,37033.33333333333
191,37033.33333333333
219,37050.0
205,37050.0
201,37050.0
199,37050.0
196,37050.0
191,37050.0
219,37066.666666666664
205,37066.666666666664
201,37066.666666666664
199,37066.666666666664
196,37066.666666666664
191,37066.666666666664
219,37083.333333333336
205,37083.333333333336
201,37083.333333333336
199,37083.333333333336
196,37083.333333333336
191,37083.333333333336
219,37100.0
205,37100.0
201,37100.0
199,37100.0
196,37100.0
191,37100.0
219,37116.666666666664
205,37116.666666666664
201,37116.666666666664
199,37116.666666666664
196,37116.666666666664
191,37116.666666666664
205,37133.333333333336
201,37133.333333333336
199,37133.333333333336
196,37133.333333333336
191,37133.333333333336
205,37150.0
201,37150.0
199,37150.0
196,37150.0
191,37150.0
205,37166.666666666664
201,37166.666666666664
199,37166.666666666664
196,37166.666666666664
191,37166.666666666664
205,37183.33333333333
201,37183.33333333333
199,37183.33333333333
196,37183.33333333333
191,37183.33333333333
219,37200.0
205,37200.0
201,37200.0
199,37200.0
196,37200.0
191,37200.0
219,37216.66666666667
205,37216.66666666667
201,37216.66666666667
199,37216.66666666667
196,37216.66666666667
191,37216.66666666667
219,37233.333333333336
205,37233.333333333336
201,37233.333333333336
199,37233.333333333336
196,37233.333333333336
191,37233.333333333336
219,37250.0
205,37250.0
201,37250.0
199,37250.0
196,37250.0
191,37250.0
219,37266.666666666664
205,37266.666666666664
201,37266.666666666664
199,37266.666666666664
196,37266.666666666664
191,37266.666666666664
219,37283.33333333333
205,37283.33333333333
201,37283.33333333333
199,37283.33333333333
196,37283.33333333333
191,37283.33333333333
219,37300.0
205,37300.0
201,37300.0
199,37300.0
196,37300.0
191,37300.0
219,37316.666666666664
205,37316.666666666664
201,37316.666666666664
199,37316.666666666664
196,37316.666666666664
191,37316.666666666664
219,37333.333333333336
205,37333.333333333336
201,37333.333333333336
199,37333.333333333336
196,37333.333333333336
191,37333.333333333336
219,37350.0
205,37350.0
201,37350.0
199,37350.0
196,37350.0
191,37350.0
219,37366.666666666664
205,37366.666666666664
201,37366.666666666664
199,37366.666666666664
196,37366.666666666664
191,37366.666666666664
219,37383.333333333336
205,37383.333333333336
201,37383.333333333336
199,37383.333333333336
196,37383.333333333336
191,37383.333333333336
219,37400.0
205,37400.0
201,37400.0
199,37400.0
196,37400.0
191,37400.0
219,37416.666666666664
205,37416.666666666664
201,37416.666666666664
199,37416.666666666664
191,37416.666666666664
219,37433.33333333333
205,37433.33333333333
201,37433.33333333333
199,37433.33333333333
191,37433.33333333333
219,37450.0
205,37450.0
201,37450.0
199,37450.0
191,37450.0
219,37466.66666666667
205,37466.66666666667
201,37466.66666666667
199,37466.66666666667
191,37466.66666666667
205,37483.333333333336
201,37483.333333333336
199,37483.333333333336
196,37483.333333333336
212,37500.0
205,37500.0
201,37500.0
199,37500.0
196,37500.0
222,37516.666666666664
205,37516.666666666664
201,37516.666666666664
199,37516.666666666664
196,37516.666666666664
222,37533.33333333333
219,37533.33333333333
205,37533.33333333333
201,37533.33333333333
199,37533.33333333333
196,37533.33333333333
191,37533.33333333333
219,37550.0
205,37550.0
201,37550.0
199,37550.0
196,37550.0
191,37550.0
219,37566.666666666664
205,37566.666666666664
201,37566.666666666664
199,37566.666666666664
196,37566.666666666664
191,37566.666666666664
219,37583.333333333336
205,37583.333333333336
201,37583.333333333336
199,37583.333333333336
196,37583.333333333336
191,37583.333333333336
219,37600.0
205,37600.0
201,37600.0
199,37600.0
196,37600.0
191,37600.0
219,37616.666666666664
205,37616.666666666664
201,37616.666666666664
199,37616.666666666664
196,37616.666666666664
191,37616.666666666664
219,37633.333333333336
205,37633.333333333336
201,37633.333333333336
199,37633.333333333336
196,37633.333333333336
191,37633.333333333336
219,37650.0
205,37650.0
201,37650.0
199,37650.0
196,37650.0
191,37650.0
225,37666.666666666664
219,37666.666666666664
205,37666.666666666664
199,37666.666666666664
196,37666.666666666664
191,37666.666666666664
225,37683.33333333333
222,37683.33333333333
219,37683.33333333333
205,37683.33333333333
199,37683.33333333333
196,37683.33333333333
191,37683.33333333333
225,37700.0
222,37700.0
219,37700.0
205,37700.0
199,37700.0
196,37700.0
191,37700.0
227,37716.66666666667
225,37716.66666666667
222,37716.66666666667
219,37716.66666666667
205,37716.66666666667
199,37716.66666666667
196,37716.66666666667
191,37716.66666666667
227,37733.333333333336
222,37733.333333333336
205,37733.333333333336
201,37733.333333333336
199,37733.333333333336
196,37733.333333333336
191,37733.333333333336
227,37750.0
222,37750.0
205,37750.0
201,37750.0
199,37750.0
196,37750.0
191,37750.0
227,37766.666666666664
222,37766.666666666664
205,37766.666666666664
201,37766.666666666664
199,37766.666666666664
196,37766.666666666664
191,37766.666666666664
227,37783.33333333333
222,37783.33333333333
219,37783.33333333333
205,37783.33333333333
201,37783.33333333333
199,37783.33333333333
196,37783.33333333333
191,37783.33333333333
227,37800.0
222,37800.0
219,37800.0
212,37800.0
205,37800.0
201,37800.0
199,37800.0
196,37800.0
191,37800.0
227,37816.666666666664
224,37816.666666666664
222,37816.666666666664
219,37816.666666666664
212,37816.666666666664
205,37816.666666666664
201,37816.666666666664
199,37816.666666666664
196,37816.666666666664
191,37816.666666666664
228,37833.333333333336
227,37833.333333333336
224,37833.333333333336
222,37833.333333333336
219,37833.333333333336
212,37833.333333333336
205,37833.333333333336
201,37833.333333333336
199,37833.333333333336
196,37833.333333333336
191,37833.333333333336
222,37850.0
219,37850.0
212,37850.0
205,37850.0
201,37850.0
199,37850.0
196,37850.0
191,37850.0
222,37866.666666666664
219,37866.666666666664
205,37866.666666666664
201,37866.666666666664
199,37866.666666666664
196,37866.666666666664
191,37866.666666666664
222,37883.333333333336
219,37883.333333333336
205,37883.333333333336
201,37883.333333333336
199,37883.333333333336
196,37883.333333333336
222,37900.0
219,37900.0
205,37900.0
201,37900.0
199,37900.0
196,37900.0
222,37916.666666666664
219,37916.666666666664
205,37916.666666666664
201,37916.666666666664
199,37916.666666666664
196,37916.666666666664
222,37933.33333333333
219,37933.33333333333
205,37933.33333333333
201,37933.33333333333
199,37933.33333333333
196,37933.33333333333
222,37950.0
219,37950.0
205,37950.0
201,37950.0
199,37950.0
196,37950.0
222,37966.66666666667
219,37966.66666666667
205,37966.66666666667
201,37966.66666666667
199,37966.66666666667
196,37966.66666666667
191,37966.66666666667
222,37983.333333333336
219,37983.333333333336
205,37983.333333333336
201,37983.333333333336
199,37983.333333333336
196,37983.333333333336
222,38000.0
219,38000.0
205,38000.0
201,38000.0
199,38000.0
196,38000.0
222,38016.666666666664
219,38016.666666666664
205,38016.666666666664
201,38016.666666666664
199,38016.666666666664
196,38016.666666666664
222,38033.33333333333
219,38033.33333333333
205,38033.33333333333
201,38033.33333333333
199,38033.33333333333
196,38033.33333333333
227,38050.0
224,38050.0
222,38050.0
219,38050.0
205,38050.0
201,38050.0
199,38050.0
196,38050.0
227,38066.666666666664
224,38066.666666666664
222,38066.666666666664
219,38066.666666666664
205,38066.666666666664
201,38066.666666666664
199,38066.666666666664
196,38066.666666666664
227,38083.333333333336
224,38083.333333333336
222,38083.333333333336
219,38083.333333333336
205,38083.333333333336
201,38083.333333333336
199,38083.333333333336
196,38083.333333333336
227,38100.0
224,38100.0
222,38100.0
219,38100.0
205,38100.0
201,38100.0
199,38100.0
196,38100.0
231,38116.666666666664
227,38116.666666666664
224,38116.666666666664
222,38116.666666666664
219,38116.666666666664
205,38116.666666666664
201,38116.666666666664
199,38116.666666666664
196,38116.666666666664
231,38133.333333333336
227,38133.333333333336
224,38133.333333333336
222,38133.333333333336
219,38133.333333333336
205,38133.333333333336
201,38133.333333333336
199,38133.333333333336
196,38133.333333333336
227,38150.0
224,38150.0
222,38150.0
219,38150.0
205,38150.0
201,38150.0
199,38150.0
227,38166.666666666664
224,38166.666666666664
222,38166.666666666664
219,38166.666666666664
205,38166.666666666664
201,38166.666666666664
199,38166.666666666664
230,38183.33333333333
227,38183.33333333333
224,38183.33333333333
222,38183.33333333333
219,38183.33333333333
205,38183.33333333333
201,38183.33333333333
199,38183.33333333333
230,38200.0
227,38200.0
224,38200.0
222,38200.0
219,38200.0
205,38200.0
201,38200.0
199,38200.0
230,38216.66666666667
227,38216.66666666667
224,38216.66666666667
222,38216.66666666667
219,38216.66666666667
205,38216.66666666667
201,38216.66666666667
199,38216.66666666667
230,38233.333333333336
227,38233.333333333336
224,38233.333333333336
222,38233.333333333336
219,38233.333333333336
205,38233.333333333336
201,38233.333333333336
199,38233.333333333336
227,38250.0
224,38250.0
222,38250.0
219,38250.0
205,38250.0
201,38250.0
199,38250.0
227,38266.666666666664
222,38266.666666666664
219,38266.666666666664
205,38266.666666666664
201,38266.666666666664
199,38266.666666666664
222,38283.33333333333
219,38283.33333333333
205,38283.33333333333
201,38283.33333333333
199,38283.33333333333
196,38283.33333333333
222,38300.0
219,38300.0
205,38300.0
201,38300.0
199,38300.0
196,38300.0
222,38316.666666666664
219,38316.666666666664
205,38316.666666666664
201,38316.666666666664
199,38316.666666666664
196,38316.666666666664
227,38333.333333333336
222,38333.333333333336
219,38333.333333333336
205,38333.333333333336
201,38333.333333333336
199,38333.333333333336
196,38333.333333333336
227,38350.0
222,38350.0
219,38350.0
205,38350.0
201,38350.0
199,38350.0
196,38350.0
227,38366.666666666664
222,38366.666666666664
219,38366.666666666664
205,38366.666666666664
201,38366.666666666664
199,38366.666666666664
196,38366.666666666664
227,38383.333333333336
222,38383.333333333336
219,38383.333333333336
205,38383.333333333336
201,38383.333333333336
199,38383.333333333336
196,38383.333333333336
227,38400.0
222,38400.0
219,38400.0
205,38400.0
201,38400.0
199,38400.0
196,38400.0
227,38416.666666666664
222,38416.666666666664
219,38416.666666666664
205,38416.666666666664
201,38416.666666666664
199,38416.666666666664
196,38416.666666666664
227,38433.33333333333
222,38433.33333333333
219,38433.33333333333
205,38433.33333333333
201,38433.33333333333
196,38433.33333333333
233,38450.0
227,38450.0
222,38450.0
219,38450.0
205,38450.0
201,38450.0
196,38450.0
233,38466.66666666667
227,38466.66666666667
222,38466.66666666667
219,38466.66666666667
205,38466.66666666667
201,38466.66666666667
196,38466.66666666667
233,38483.333333333336
227,38483.333333333336
222,38483.333333333336
219,38483.333333333336
205,38483.333333333336
201,38483.333333333336
196,38483.333333333336
227,38500.0
222,38500.0
219,38500.0
205,38500.0
201,38500.0
196,38500.0
227,38516.666666666664
222,38516.666666666664
219,38516.666666666664
205,38516.666666666664
201,38516.666666666664
196,38516.666666666664
227,38533.33333333333
222,38533.33333333333
219,38533.33333333333
205,38533.33333333333
201,38533.33333333333
196,38533.33333333333
227,38550.0
222,38550.0
219,38550.0
205,38550.0
201,38550.0
196,38550.0
227,38566.666666666664
222,38566.666666666664
219,38566.666666666664
205,38566.666666666664
201,38566.666666666664
196,38566.666666666664
227,38583.333333333336
222,38583.333333333336
219,38583.333333333336
205,38583.333333333336
201,38583.333333333336
196,38583.333333333336
227,38600.0
222,38600.0
219,38600.0
205,38600.0
201,38600.0
196,38600.0
227,38616.666666666664
222,38616.666666666664
219,38616.666666666664
205,38616.666666666664
201,38616.666666666664
196,38616.666666666664
227,38633.333333333336
222,38633.333333333336
219,38633.333333333336
205,38633.333333333336
201,38633.333333333336
196,38633.333333333336
227,38650.0
222,38650.0
219,38650.0
205,38650.0
201,38650.0
196,38650.0
227,38666.666666666664
222,38666.666666666664
219,38666.666666666664
205,38666.666666666664
201,38666.666666666664
196,38666.666666666664
227,38683.33333333333
222,38683.33333333333
219,38683.33333333333
205,38683.33333333333
201,38683.33333333333
196,38683.33333333333
227,38700.0
222,38700.0
219,38700.0
205,38700.0
201,38700.0
196,38700.0
227,38716.66666666667
222,38716.66666666667
219,38716.66666666667
205,38716.66666666667
201,38716.66666666667
196,38716.66666666667
232,38733.333333333336
227,38733.333333333336
222,38733.333333333336
219,38733.333333333336
205,38733.333333333336
201,38733.333333333336
196,38733.333333333336
232,38750.0
227,38750.0
222,38750.0
219,38750.0
205,38750.0
201,38750.0
196,38750.0
227,38766.666666666664
222,38766.666666666664
219,38766.666666666664
205,38766.666666666664
201,38766.666666666664
196,38766.666666666664
227,38783.33333333333
222,38783.33333333333
219,38783.33333333333
205,38783.33333333333
201,38783.33333333333
196,38783.33333333333
227,38800.0
222,38800.0
219,38800.0
205,38800.0
201,38800.0
196,38800.0
227,38816.666666666664
222,38816.666666666664
219,38816.666666666664
205,38816.666666666664
201,38816.666666666664
196,38816.666666666664
237,38833.333333333336
227,38833.333333333336
222,38833.333333333336
219,38833.333333333336
205,38833.333333333336
201,38833.333333333336
196,38833.333333333336
237,38850.0
227,38850.0
222,38850.0
219,38850.0
205,38850.0
201,38850.0
196,38850.0
227,38866.666666666664
222,38866.666666666664
219,38866.666666666664
205,38866.666666666664
201,38866.666666666664
196,38866.666666666664
227,38883.333333333336
222,38883.333333333336
219,38883.333333333336
205,38883.333333333336
201,38883.333333333336
196,38883.333333333336
227,38900.0
222,38900.0
219,38900.0
205,38900.0
201,38900.0
196,38900.0
227,38916.666666666664
222,38916.666666666664
219,38916.666666666664
205,38916.666666666664
201,38916.666666666664
196,38916.666666666664
237,38933.33333333333
227,38933.33333333333
222,38933.33333333333
219,38933.33333333333
205,38933.33333333333
201,38933.33333333333
196,38933.33333333333
227,38950.0
222,38950.0
219,38950.0
205,38950.0
201,38950.0
196,38950.0
227,38966.66666666667
222,38966.66666666667
219,38966.66666666667
205,38966.66666666667
201,38966.66666666667
196,38966.66666666667
227,38983.333333333336
222,38983.333333333336
219,38983.333333333336
205,38983.333333333336
201,38983.333333333336
240,39000.0
227,39000.0
222,39000.0
219,39000.0
205,39000.0
201,39000.0
240,39016.666666666664
227,39016.666666666664
222,39016.666666666664
219,39016.666666666664
205,39016.666666666664
201,39016.666666666664
240,39033.33333333333
227,39033.33333333333
222,39033.33333333333
219,39033.33333333333
205,39033.33333333333
201,39033.33333333333
227,39050.0
222,39050.0
219,39050.0
205,39050.0
201,39050.0
227,39066.666666666664
222,39066.666666666664
219,39066.666666666664
205,39066.666666666664
201,39066.666666666664
227,39083.333333333336
222,39083.333333333336
219,39083.333333333336
205,39083.333333333336
201,39083.333333333336
196,39083.333333333336
227,39100.0
222,39100.0
219,39100.0
205,39100.0
201,39100.0
196,39100.0
227,39116.666666666664
222,39116.666666666664
219,39116.666666666664
205,39116.666666666664
201,39116.666666666664
196,39116.666666666664
227,39133.333333333336
222,39133.333333333336
219,39133.333333333336
205,39133.333333333336
201,39133.333333333336
196,39133.333333333336
240,39150.0
227,39150.0
222,39150.0
219,39150.0
205,39150.0
201,39150.0
196,39150.0
240,39166.666666666664
227,39166.666666666664
222,39166.666666666664
219,39166.666666666664
205,39166.666666666664
201,39166.666666666664
196,39166.666666666664
240,39183.33333333333
227,39183.33333333333
222,39183.33333333333
219,39183.33333333333
205,39183.33333333333
201,39183.33333333333
196,39183.33333333333
237,39200.0
227,39200.0
222,39200.0
219,39200.0
205,39200.0
201,39200.0
196,39200.0
227,39216.66666666667
222,39216.66666666667
219,39216.66666666667
205,39216.66666666667
201,39216.66666666667
196,39216.66666666667
227,39233.333333333336
222,39233.333333333336
219,39233.333333333336
205,39233.333333333336
201,39233.333333333336
196,39233.333333333336
242,39250.0
227,39250.0
222,39250.0
219,39250.0
205,39250.0
201,39250.0
196,39250.0
242,39266.666666666664
227,39266.666666666664
222,39266.666666666664
219,39266.666666666664
205,39266.666666666664
201,39266.666666666664
196,39266.666666666664
242,39283.33333333333
227,39283.33333333333
222,39283.33333333333
219,39283.33333333333
205,39283.33333333333
201,39283.33333333333
196,39283.33333333333
242,39300.0
227,39300.0
222,39300.0
219,39300.0
205,39300.0
201,39300.0
196,39300.0
242,39316.666666666664
227,39316.666666666664
222,39316.666666666664
219,39316.666666666664
205,39316.666666666664
201,39316.666666666664
196,39316.666666666664
242,39333.333333333336
227,39333.333333333336
222,39333.333333333336
219,39333.333333333336
205,39333.333333333336
201,39333.333333333336
196,39333.333333333336
242,39350.0
227,39350.0
222,39350.0
219,39350.0
205,39350.0
201,39350.0
196,39350.0
242,39366.666666666664
227,39366.666666666664
222,39366.666666666664
219,39366.666666666664
205,39366.666666666664
201,39366.666666666664
196,39366.666666666664
242,39383.333333333336
237,39383.333333333336
227,39383.333333333336
222,39383.333333333336
219,39383.333333333336
205,39383.333333333336
201,39383.333333333336
196,39383.333333333336
242,39400.0
237,39400.0
227,39400.0
222,39400.0
219,39400.0
205,39400.0
201,39400.0
196,39400.0
242,39416.666666666664
237,39416.666666666664
227,39416.666666666664
222,39416.666666666664
219,39416.666666666664
205,39416.666666666664
201,39416.666666666664
196,39416.666666666664
242,39433.33333333333
237,39433.33333333333
227,39433.33333333333
222,39433.33333333333
219,39433.33333333333
205,39433.33333333333
201,39433.33333333333
196,39433.33333333333
246,39450.0
237,39450.0
227,39450.0
222,39450.0
219,39450.0
205,39450.0
201,39450.0
196,39450.0
246,39466.66666666667
227,39466.66666666667
222,39466.66666666667
219,39466.66666666667
205,39466.66666666667
201,39466.66666666667
196,39466.66666666667
246,39483.333333333336
227,39483.333333333336
222,39483.333333333336
219,39483.333333333336
205,39483.333333333336
201,39483.333333333336
196,39483.333333333336
246,39500.0
227,39500.0
222,39500.0
219,39500.0
205,39500.0
201,39500.0
196,39500.0
246,39516.666666666664
227,39516.666666666664
222,39516.666666666664
219,39516.666666666664
205,39516.666666666664
201,39516.666666666664
196,39516.666666666664
246,39533.33333333333
227,39533.33333333333
222,39533.33333333333
219,39533.33333333333
205,39533.33333333333
201,39533.33333333333
196,39533.33333333333
246,39550.0
227,39550.0
222,39550.0
219,39550.0
205,39550.0
201,39550.0
196,39550.0
246,39566.666666666664
227,39566.666666666664
222,39566.666666666664
219,39566.666666666664
205,39566.666666666664
201,39566.666666666664
196,39566.666666666664
246,39583.333333333336
237,39583.333333333336
227,39583.333333333336
222,39583.333333333336
219,39583.333333333336
205,39583.333333333336
201,39583.333333333336
196,39583.333333333336
246,39600.0
237,39600.0
227,39600.0
222,39600.0
219,39600.0
205,39600.0
201,39600.0
196,39600.0
246,39616.666666666664
237,39616.666666666664
227,39616.666666666664
222,39616.666666666664
219,39616.666666666664
205,39616.666666666664
201,39616.666666666664
196,39616.666666666664
246,39633.333333333336
237,39633.333333333336
227,39633.333333333336
222,39633.333333333336
219,39633.333333333336
205,39633.333333333336
201,39633.333333333336
196,39633.333333333336
246,39650.0
237,39650.0
227,39650.0
222,39650.0
219,39650.0
205,39650.0
201,39650.0
196,39650.0
246,39666.666666666664
237,39666.666666666664
227,39666.666666666664
222,39666.666666666664
219,39666.666666666664
205,39666.666666666664
201,39666.666666666664
246,39683.33333333333
237,39683.33333333333
227,39683.33333333333
222,39683.33333333333
219,39683.33333333333
205,39683.33333333333
201,39683.33333333333
249,39700.0
246,39700.0
237,39700.0
227,39700.0
222,39700.0
219,39700.0
205,39700.0
201,39700.0
249,39716.66666666667
246,39716.66666666667
237,39716.66666666667
227,39716.66666666667
222,39716.66666666667
219,39716.66666666667
205,39716.66666666667
201,39716.66666666667
249,39733.333333333336
246,39733.333333333336
237,39733.333333333336
227,39733.333333333336
222,39733.333333333336
219,39733.333333333336
205,39733.333333333336
201,39733.333333333336
249,39750.0
246,39750.0
237,39750.0
227,39750.0
222,39750.0
219,39750.0
205,39750.0
201,39750.0
249,39766.666666666664
246,39766.666666666664
237,39766.666666666664
227,39766.666666666664
222,39766.666666666664
219,39766.666666666664
205,39766.666666666664
201,39766.666666666664
249,39783.33333333333
246,39783.33333333333
237,39783.33333333333
227,39783.33333333333
222,39783.33333333333
219,39783.33333333333
205,39783.33333333333
201,39783.33333333333
249,39800.0
246,39800.0
237,39800.0
227,39800.0
222,39800.0
219,39800.0
205,39800.0
201,39800.0
249,39816.666666666664
246,39816.666666666664
237,39816.666666666664
227,39816.666666666664
222,39816.666666666664
219,39816.666666666664
205,39816.666666666664
201,39816.666666666664
249,39833.333333333336
246,39833.333333333336
242,39833.333333333336
237,39833.333333333336
227,39833.333333333336
222,39833.333333333336
219,39833.333333333336
205,39833.333333333336
201,39833.333333333336
249,39850.0
246,39850.0
242,39850.0
237,39850.0
227,39850.0
222,39850.0
219,39850.0
205,39850.0
201,39850.0
249,39866.666666666664
246,39866.666666666664
242,39866.666666666664
237,39866.666666666664
227,39866.666666666664
222,39866.666666666664
219,39866.666666666664
205,39866.666666666664
201,39866.666666666664
250,39883.333333333336
249,39883.333333333336
246,39883.333333333336
237,39883.333333333336
227,39883.333333333336
222,39883.333333333336
219,39883.333333333336
205,39883.333333333336
201,39883.333333333336
250,39900.0
249,39900.0
246,39900.0
237,39900.0
227,39900.0
222,39900.0
219,39900.0
205,39900.0
201,39900.0
250,39916.666666666664
249,39916.666666666664
246,39916.666666666664
237,39916.666666666664
227,39916.666666666664
222,39916.666666666664
219,39916.666666666664
205,39916.666666666664
201,39916.666666666664
250,39933.33333333333
246,39933.33333333333
242,39933.33333333333
237,39933.33333333333
227,39933.33333333333
222,39933.33333333333
219,39933.33333333333
205,39933.33333333333
201,39933.33333333333
250,39950.0
246,39950.0
237,39950.0
227,39950.0
222,39950.0
219,39950.0
205,39950.0
201,39950.0
250,39966.66666666667
246,39966.66666666667
237,39966.66666666667
227,39966.66666666667
222,39966.66666666667
219,39966.66666666667
205,39966.66666666667
201,39966.66666666667
251,39983.333333333336
250,39983.333333333336
249,39983.333333333336
246,39983.333333333336
237,39983.333333333336
227,39983.333333333336
222,39983.333333333336
219,39983.333333333336
205,39983.333333333336
201,39983.333333333336
251,40000.0
250,40000.0
249,40000.0
246,40000.0
237,40000.0
227,40000.0
222,40000.0
219,40000.0
205,40000.0
201,40000.0
251,40016.666666666664
250,40016.666666666664
249,40016.666666666664
246,40016.666666666664
237,40016.666666666664
227,40016.666666666664
222,40016.666666666664
219,40016.666666666664
205,40016.666666666664
201,40016.666666666664
251,40033.33333333333
250,40033.33333333333
249,40033.33333333333
246,40033.33333333333
237,40033.33333333333
227,40033.33333333333
222,40033.33333333333
219,40033.33333333333
205,40033.33333333333
201,40033.33333333333
250,40050.0
249,40050.0
246,40050.0
237,40050.0
227,40050.0
222,40050.0
219,40050.0
205,40050.0
201,40050.0
250,40066.666666666664
249,40066.666666666664
246,40066.666666666664
237,40066.666666666664
227,40066.666666666664
222,40066.666666666664
219,40066.666666666664
205,40066.666666666664
201,40066.666666666664
250,40083.333333333336
249,40083.333333333336
246,40083.333333333336
237,40083.333333333336
227,40083.333333333336
222,40083.333333333336
219,40083.333333333336
205,40083.333333333336
201,40083.333333333336
251,40100.0
250,40100.0
249,40100.0
246,40100.0
237,40100.0
227,40100.0
222,40100.0
219,40100.0
205,40100.0
201,40100.0
251,40116.666666666664
250,40116.666666666664
249,40116.666666666664
246,40116.666666666664
237,40116.666666666664
227,40116.666666666664
222,40116.666666666664
219,40116.666666666664
205,40116.666666666664
201,40116.666666666664
251,40133.333333333336
250,40133.333333333336
249,40133.333333333336
246,40133.333333333336
237,40133.333333333336
227,40133.333333333336
222,40133.333333333336
219,40133.333333333336
205,40133.333333333336
201,40133.333333333336
251,40150.0
250,40150.0
249,40150.0
246,40150.0
237,40150.0
227,40150.0
222,40150.0
219,40150.0
205,40150.0
201,40150.0
250,40166.666666666664
249,40166.666666666664
246,40166.666666666664
237,40166.666666666664
227,40166.666666666664
222,40166.666666666664
219,40166.666666666664
205,40166.666666666664
201,40166.666666666664
250,40183.33333333333
249,40183.33333333333
246,40183.33333333333
237,40183.33333333333
227,40183.33333333333
222,40183.33333333333
219,40183.33333333333
205,40183.33333333333
201,40183.33333333333
250,40200.0
249,40200.0
246,40200.0
237,40200.0
227,40200.0
222,40200.0
219,40200.0
205,40200.0
201,40200.0
250,40216.66666666667
249,40216.66666666667
246,40216.66666666667
237,40216.66666666667
227,40216.66666666667
222,40216.66666666667
219,40216.66666666667
205,40216.66666666667
201,40216.66666666667
251,40233.333333333336
250,40233.333333333336
249,40233.333333333336
246,40233.333333333336
237,40233.333333333336
227,40233.333333333336
222,40233.333333333336
219,40233.333333333336
205,40233.333333333336
201,40233.333333333336
251,40250.0
250,40250.0
249,40250.0
246,40250.0
237,40250.0
227,40250.0
222,40250.0
219,40250.0
205,40250.0
201,40250.0
251,40266.666666666664
249,40266.666666666664
246,40266.666666666664
237,40266.666666666664
227,40266.666666666664
222,40266.666666666664
219,40266.666666666664
205,40266.666666666664
201,40266.666666666664
251,40283.33333333333
249,40283.33333333333
246,40283.33333333333
237,40283.33333333333
227,40283.33333333333
222,40283.33333333333
219,40283.33333333333
205,40283.33333333333
201,40283.33333333333
251,40300.0
249,40300.0
246,40300.0
237,40300.0
227,40300.0
222,40300.0
219,40300.0
205,40300.0
201,40300.0
251,40316.666666666664
249,40316.666666666664
246,40316.666666666664
237,40316.666666666664
227,40316.666666666664
222,40316.666666666664
219,40316.666666666664
205,40316.666666666664
201,40316.666666666664
249,40333.333333333336
246,40333.333333333336
237,40333.333333333336
227,40333.333333333336
222,40333.333333333336
219,40333.333333333336
205,40333.333333333336
201,40333.333333333336
249,40350.0
246,40350.0
237,40350.0
227,40350.0
222,40350.0
219,40350.0
205,40350.0
201,40350.0
246,40366.666666666664
237,40366.666666666664
227,40366.666666666664
222,40366.666666666664
219,40366.666666666664
205,40366.666666666664
201,40366.666666666664
251,40383.333333333336
246,40383.333333333336
237,40383.333333333336
227,40383.333333333336
222,40383.333333333336
219,40383.333333333336
205,40383.333333333336
201,40383.333333333336
254,40400.0
251,40400.0
246,40400.0
237,40400.0
227,40400.0
222,40400.0
219,40400.0
205,40400.0
201,40400.0
254,40416.666666666664
252,40416.666666666664
251,40416.666666666664
246,40416.666666666664
237,40416.666666666664
227,40416.666666666664
222,40416.666666666664
219,40416.666666666664
205,40416.666666666664
201,40416.666666666664
254,40433.33333333333
252,40433.33333333333
251,40433.33333333333
246,40433.33333333333
237,40433.33333333333
227,40433.33333333333
222,40433.33333333333
219,40433.33333333333
205,40433.33333333333
201,40433.33333333333
254,40450.0
252,40450.0
251,40450.0
246,40450.0
237,40450.0
227,40450.0
222,40450.0
219,40450.0
205,40450.0
201,40450.0
254,40466.66666666667
251,40466.66666666667
246,40466.66666666667
237,40466.66666666667
227,40466.66666666667
222,40466.66666666667
219,40466.66666666667
205,40466.66666666667
201,40466.66666666667
254,40483.333333333336
251,40483.333333333336
246,40483.333333333336
237,40483.333333333336
227,40483.333333333336
222,40483.333333333336
219,40483.333333333336
205,40483.333333333336
201,40483.333333333336
254,40500.0
251,40500.0
246,40500.0
237,40500.0
227,40500.0
222,40500.0
219,40500.0
205,40500.0
201,40500.0
254,40516.666666666664
251,40516.666666666664
246,40516.666666666664
237,40516.666666666664
227,40516.666666666664
222,40516.666666666664
219,40516.666666666664
205,40516.666666666664
201,40516.666666666664
254,40533.33333333333
251,40533.33333333333
246,40533.33333333333
237,40533.33333333333
227,40533.33333333333
222,40533.33333333333
219,40533.33333333333
205,40533.33333333333
201,40533.33333333333
254,40550.0
251,40550.0
246,40550.0
237,40550.0
227,40550.0
222,40550.0
219,40550.0
205,40550.0
201,40550.0
254,40566.666666666664
251,40566.666666666664
246,40566.666666666664
237,40566.666666666664
227,40566.666666666664
222,40566.666666666664
219,40566.666666666664
205,40566.666666666664
201,40566.666666666664
254,40583.333333333336
251,40583.333333333336
246,40583.333333333336
237,40583.333333333336
227,40583.333333333336
222,40583.333333333336
219,40583.333333333336
205,40583.333333333336
201,40583.333333333336
254,40600.0
251,40600.0
246,40600.0
237,40600.0
227,40600.0
222,40600.0
219,40600.0
205,40600.0
201,40600.0
254,40616.666666666664
251,40616.666666666664
246,40616.666666666664
237,40616.666666666664
227,40616.666666666664
222,40616.666666666664
219,40616.666666666664
205,40616.666666666664
201,40616.666666666664
254,40633.333333333336
251,40633.333333333336
250,40633.333333333336
246,40633.333333333336
237,40633.333333333336
227,40633.333333333336
222,40633.333333333336
219,40633.333333333336
205,40633.333333333336
201,40633.333333333336
254,40650.0
251,40650.0
246,40650.0
237,40650.0
227,40650.0
222,40650.0
219,40650.0
205,40650.0
201,40650.0
254,40666.666666666664
251,40666.666666666664
246,40666.666666666664
237,40666.666666666664
227,40666.666666666664
222,40666.666666666664
219,40666.666666666664
205,40666.666666666664
201,40666.666666666664
254,40683.33333333333
251,40683.33333333333
246,40683.33333333333
237,40683.33333333333
227,40683.33333333333
222,40683.33333333333
219,40683.33333333333
205,40683.33333333333
201,40683.33333333333
254,40700.0
251,40700.0
246,40700.0
237,40700.0
227,40700.0
222,40700.0
219,40700.0
205,40700.0
201,40700.0
254,40716.66666666667
251,40716.66666666667
246,40716.66666666667
237,40716.66666666667
227,40716.66666666667
222,40716.66666666667
219,40716.66666666667
205,40716.66666666667
201,40716.66666666667
254,40733.333333333336
251,40733.333333333336
246,40733.333333333336
237,40733.333333333336
227,40733.333333333336
222,40733.333333333336
219,40733.333333333336
205,40733.333333333336
201,40733.333333333336
254,40750.0
251,40750.0
246,40750.0
237,40750.0
227,40750.0
222,40750.0
219,40750.0
205,40750.0
201,40750.0
254,40766.666666666664
251,40766.666666666664
250,40766.666666666664
246,40766.666666666664
237,40766.666666666664
227,40766.666666666664
222,40766.666666666664
219,40766.666666666664
205,40766.666666666664
201,40766.666666666664
254,40783.33333333333
251,40783.33333333333
249,40783.33333333333
246,40783.33333333333
237,40783.33333333333
227,40783.33333333333
222,40783.33333333333
219,40783.33333333333
205,40783.33333333333
201,40783.33333333333
254,40800.0
251,40800.0
249,40800.0
246,40800.0
237,40800.0
227,40800.0
222,40800.0
219,40800.0
205,40800.0
201,40800.0
254,40816.666666666664
251,40816.666666666664
249,40816.666666666664
246,40816.666666666664
237,40816.666666666664
227,40816.666666666664
222,40816.666666666664
219,40816.666666666664
205,40816.666666666664
201,40816.666666666664
254,40833.333333333336
251,40833.333333333336
250,40833.333333333336
249,40833.333333333336
246,40833.333333333336
237,40833.333333333336
227,40833.333333333336
222,40833.333333333336
219,40833.333333333336
205,40833.333333333336
201,40833.333333333336
254,40850.0
251,40850.0
250,40850.0
249,40850.0
246,40850.0
237,40850.0
227,40850.0
222,40850.0
219,40850.0
205,40850.0
201,40850.0
254,40866.666666666664
251,40866.666666666664
250,40866.666666666664
249,40866.666666666664
246,40866.666666666664
237,40866.666666666664
222,40866.666666666664
219,40866.666666666664
205,40866.666666666664
201,40866.666666666664
257,40883.333333333336
254,40883.333333333336
251,40883.333333333336
250,40883.333333333336
249,40883.333333333336
246,40883.333333333336
237,40883.333333333336
222,40883.333333333336
219,40883.333333333336
205,40883.333333333336
201,40883.333333333336
257,40900.0
254,40900.0
251,40900.0
250,40900.0
246,40900.0
237,40900.0
222,40900.0
219,40900.0
205,40900.0
201,40900.0
257,40916.666666666664
254,40916.666666666664
251,40916.666666666664
250,40916.666666666664
246,40916.666666666664
237,40916.666666666664
222,40916.666666666664
219,40916.666666666664
205,40916.666666666664
201,40916.666666666664
257,40933.33333333333
254,40933.33333333333
251,40933.33333333333
250,40933.33333333333
246,40933.33333333333
237,40933.33333333333
222,40933.33333333333
219,40933.33333333333
205,40933.33333333333
201,40933.33333333333
254,40950.0
251,40950.0
250,40950.0
246,40950.0
237,40950.0
222,40950.0
219,40950.0
205,40950.0
201,40950.0
254,40966.66666666667
251,40966.66666666667
250,40966.66666666667
246,40966.66666666667
237,40966.66666666667
222,40966.66666666667
219,40966.66666666667
205,40966.66666666667
201,40966.66666666667
254,40983.333333333336
251,40983.333333333336
250,40983.333333333336
249,40983.333333333336
246,40983.333333333336
237,40983.333333333336
227,40983.333333333336
222,40983.333333333336
219,40983.333333333336
205,40983.333333333336
201,40983.333333333336
254,41000.0
251,41000.0
250,41000.0
246,41000.0
237,41000.0
227,41000.0
222,41000.0
219,41000.0
205,41000.0
201,41000.0
254,41016.666666666664
251,41016.666666666664
250,41016.666666666664
246,41016.666666666664
237,41016.666666666664
227,41016.666666666664
222,41016.666666666664
219,41016.666666666664
205,41016.666666666664
201,41016.666666666664
254,41033.33333333333
251,41033.33333333333
250,41033.33333333333
246,41033.33333333333
237,41033.33333333333
227,41033.33333333333
222,41033.33333333333
219,41033.33333333333
205,41033.33333333333
201,41033.33333333333
254,41050.0
251,41050.0
250,41050.0
246,41050.0
237,41050.0
227,41050.0
222,41050.0
219,41050.0
205,41050.0
201,41050.0
258,41066.666666666664
254,41066.666666666664
250,41066.666666666664
246,41066.666666666664
237,41066.666666666664
227,41066.666666666664
222,41066.666666666664
219,41066.666666666664
205,41066.666666666664
201,41066.666666666664
254,41083.333333333336
250,41083.333333333336
246,41083.333333333336
237,41083.333333333336
227,41083.333333333336
222,41083.333333333336
219,41083.333333333336
205,41083.333333333336
201,41083.333333333336
254,41100.0
250,41100.0
246,41100.0
237,41100.0
227,41100.0
222,41100.0
219,41100.0
205,41100.0
201,41100.0
254,41116.666666666664
251,41116.666666666664
250,41116.666666666664
246,41116.666666666664
237,41116.666666666664
227,41116.666666666664
222,41116.666666666664
219,41116.666666666664
205,41116.666666666664
201,41116.666666666664
254,41133.333333333336
250,41133.333333333336
246,41133.333333333336
237,41133.333333333336
227,41133.333333333336
222,41133.333333333336
219,41133.333333333336
205,41133.333333333336
201,41133.333333333336
250,41150.0
246,41150.0
237,41150.0
227,41150.0
222,41150.0
219,41150.0
205,41150.0
201,41150.0
250,41166.666666666664
249,41166.666666666664
246,41166.666666666664
237,41166.666666666664
227,41166.666666666664
222,41166.666666666664
219,41166.666666666664
205,41166.666666666664
201,41166.666666666664
250,41183.33333333333
249,41183.33333333333
246,41183.33333333333
237,41183.33333333333
227,41183.33333333333
222,41183.33333333333
219,41183.33333333333
205,41183.33333333333
250,41200.0
249,41200.0
246,41200.0
237,41200.0
227,41200.0
222,41200.0
219,41200.0
205,41200.0
250,41216.66666666667
249,41216.66666666667
246,41216.66666666667
237,41216.66666666667
227,41216.66666666667
222,41216.66666666667
219,41216.66666666667
205,41216.66666666667
250,41233.333333333336
249,41233.333333333336
246,41233.333333333336
237,41233.333333333336
227,41233.333333333336
222,41233.333333333336
219,41233.333333333336
205,41233.333333333336
250,41250.0
249,41250.0
246,41250.0
237,41250.0
227,41250.0
222,41250.0
219,41250.0
205,41250.0
250,41266.666666666664
249,41266.666666666664
246,41266.666666666664
237,41266.666666666664
227,41266.666666666664
222,41266.666666666664
219,41266.666666666664
205,41266.666666666664
249,41283.33333333333
246,41283.33333333333
237,41283.33333333333
227,41283.33333333333
222,41283.33333333333
219,41283.33333333333
205,41283.33333333333
201,41283.33333333333
249,41300.0
246,41300.0
237,41300.0
227,41300.0
222,41300.0
219,41300.0
205,41300.0
249,41316.666666666664
246,41316.666666666664
237,41316.666666666664
227,41316.666666666664
222,41316.666666666664
219,41316.666666666664
205,41316.666666666664
249,41333.333333333336
246,41333.333333333336
237,41333.333333333336
227,41333.333333333336
222,41333.333333333336
219,41333.333333333336
205,41333.333333333336
249,41350.0
246,41350.0
237,41350.0
227,41350.0
222,41350.0
219,41350.0
205,41350.0
249,41366.666666666664
246,41366.666666666664
237,41366.666666666664
227,41366.666666666664
222,41366.666666666664
219,41366.666666666664
205,41366.666666666664
249,41383.333333333336
246,41383.333333333336
237,41383.333333333336
227,41383.333333333336
222,41383.333333333336
219,41383.333333333336
205,41383.333333333336
249,41400.0
246,41400.0
237,41400.0
227,41400.0
222,41400.0
219,41400.0
205,41400.0
249,41416.666666666664
246,41416.666666666664
237,41416.666666666664
227,41416.666666666664
222,41416.666666666664
219,41416.666666666664
205,41416.666666666664
249,41433.33333333333
246,41433.33333333333
237,41433.33333333333
227,41433.33333333333
222,41433.33333333333
219,41433.33333333333
205,41433.33333333333
249,41450.0
246,41450.0
237,41450.0
227,41450.0
222,41450.0
219,41450.0
205,41450.0
249,41466.66666666667
246,41466.66666666667
237,41466.66666666667
227,41466.66666666667
222,41466.66666666667
219,41466.66666666667
205,41466.66666666667
249,41483.333333333336
246,41483.333333333336
237,41483.333333333336
227,41483.333333333336
222,41483.333333333336
219,41483.333333333336
205,41483.333333333336
250,41500.0
249,41500.0
246,41500.0
237,41500.0
227,41500.0
222,41500.0
219,41500.0
205,41500.0
250,41516.666666666664
249,41516.666666666664
246,41516.666666666664
237,41516.666666666664
227,41516.666666666664
222,41516.666666666664
219,41516.666666666664
205,41516.666666666664
249,41533.33333333333
246,41533.33333333333
237,41533.33333333333
227,41533.33333333333
222,41533.33333333333
219,41533.33333333333
205,41533.33333333333
249,41550.0
246,41550.0
237,41550.0
227,41550.0
222,41550.0
219,41550.0
205,41550.0
249,41566.666666666664
246,41566.666666666664
237,41566.666666666664
227,41566.666666666664
222,41566.666666666664
219,41566.666666666664
205,41566.666666666664
249,41583.333333333336
246,41583.333333333336
237,41583.333333333336
227,41583.333333333336
222,41583.333333333336
219,41583.333333333336
205,41583.333333333336
250,41600.0
249,41600.0
246,41600.0
237,41600.0
227,41600.0
222,41600.0
219,41600.0
205,41600.0
250,41616.666666666664
249,41616.666666666664
246,41616.666666666664
237,41616.666666666664
227,41616.666666666664
222,41616.666666666664
219,41616.666666666664
205,41616.666666666664
260,41633.333333333336
250,41633.333333333336
249,41633.333333333336
246,41633.333333333336
237,41633.333333333336
227,41633.333333333336
222,41633.333333333336
219,41633.333333333336
205,41633.333333333336
260,41650.0
250,41650.0
249,41650.0
246,41650.0
227,41650.0
222,41650.0
219,41650.0
205,41650.0
260,41666.666666666664
250,41666.666666666664
249,41666.666666666664
246,41666.666666666664
227,41666.666666666664
222,41666.666666666664
219,41666.666666666664
205,41666.666666666664
260,41683.33333333333
250,41683.33333333333
249,41683.33333333333
246,41683.33333333333
227,41683.33333333333
222,41683.33333333333
219,41683.33333333333
205,41683.33333333333
260,41700.0
250,41700.0
249,41700.0
246,41700.0
227,41700.0
222,41700.0
219,41700.0
205,41700.0
260,41716.66666666667
250,41716.66666666667
249,41716.66666666667
246,41716.66666666667
227,41716.66666666667
222,41716.66666666667
219,41716.66666666667
205,41716.66666666667
260,41733.333333333336
250,41733.333333333336
249,41733.333333333336
246,41733.333333333336
227,41733.333333333336
222,41733.333333333336
219,41733.333333333336
205,41733.333333333336
260,41750.0
250,41750.0
249,41750.0
246,41750.0
227,41750.0
222,41750.0
219,41750.0
205,41750.0
260,41766.666666666664
250,41766.666666666664
249,41766.666666666664
246,41766.666666666664
227,41766.666666666664
222,41766.666666666664
219,41766.666666666664
205,41766.666666666664
260,41783.33333333333
250,41783.33333333333
249,41783.33333333333
246,41783.33333333333
227,41783.33333333333
222,41783.33333333333
219,41783.33333333333
205,41783.33333333333
260,41800.0
250,41800.0
249,41800.0
246,41800.0
227,41800.0
222,41800.0
219,41800.0
205,41800.0
260,41816.666666666664
251,41816.666666666664
250,41816.666666666664
249,41816.666666666664
246,41816.666666666664
227,41816.666666666664
222,41816.666666666664
219,41816.666666666664
205,41816.666666666664
262,41833.333333333336
260,41833.333333333336
251,41833.333333333336
250,41833.333333333336
249,41833.333333333336
246,41833.333333333336
227,41833.333333333336
222,41833.333333333336
219,41833.333333333336
262,41850.0
260,41850.0
251,41850.0
250,41850.0
249,41850.0
246,41850.0
227,41850.0
222,41850.0
219,41850.0
262,41866.666666666664
260,41866.666666666664
251,41866.666666666664
250,41866.666666666664
249,41866.666666666664
246,41866.666666666664
227,41866.666666666664
222,41866.666666666664
219,41866.666666666664
260,41883.333333333336
251,41883.333333333336
250,41883.333333333336
249,41883.333333333336
246,41883.333333333336
227,41883.333333333336
222,41883.333333333336
219,41883.333333333336
260,41900.0
251,41900.0
250,41900.0
249,41900.0
246,41900.0
227,41900.0
222,41900.0
219,41900.0
260,41916.666666666664
251,41916.666666666664
250,41916.666666666664
249,41916.666666666664
246,41916.666666666664
227,41916.666666666664
222,41916.666666666664
219,41916.666666666664
260,41933.33333333333
251,41933.33333333333
250,41933.33333333333
249,41933.33333333333
246,41933.33333333333
227,41933.33333333333
222,41933.33333333333
219,41933.33333333333
260,41950.0
251,41950.0
250,41950.0
249,41950.0
246,41950.0
227,41950.0
222,41950.0
219,41950.0
264,41966.66666666667
260,41966.66666666667
251,41966.66666666667
250,41966.66666666667
249,41966.66666666667
246,41966.66666666667
227,41966.66666666667
222,41966.66666666667
219,41966.66666666667
263,41983.333333333336
260,41983.333333333336
251,41983.333333333336
250,41983.333333333336
249,41983.333333333336
246,41983.333333333336
227,41983.333333333336
222,41983.333333333336
219,41983.333333333336
263,42000.0
260,42000.0
251,42000.0
250,42000.0
249,42000.0
246,42000.0
227,42000.0
222,42000.0
219,42000.0
263,42016.666666666664
260,42016.666666666664
251,42016.666666666664
250,42016.666666666664
249,42016.666666666664
246,42016.666666666664
227,42016.666666666664
222,42016.666666666664
219,42016.666666666664
263,42033.33333333333
260,42033.33333333333
251,42033.33333333333
250,42033.33333333333
249,42033.33333333333
246,42033.33333333333
227,42033.33333333333
222,42033.33333333333
219,42033.33333333333
260,42050.0
251,42050.0
250,42050.0
249,42050.0
246,42050.0
237,42050.0
227,42050.0
222,42050.0
219,42050.0
260,42066.666666666664
251,42066.666666666664
250,42066.666666666664
249,42066.666666666664
246,42066.666666666664
227,42066.666666666664
222,42066.666666666664
219,42066.666666666664
260,42083.333333333336
251,42083.333333333336
250,42083.333333333336
249,42083.333333333336
246,42083.333333333336
227,42083.333333333336
222,42083.333333333336
219,42083.333333333336
260,42100.0
251,42100.0
250,42100.0
249,42100.0
246,42100.0
227,42100.0
222,42100.0
219,42100.0
260,42116.666666666664
251,42116.666666666664
250,42116.666666666664
249,42116.666666666664
246,42116.666666666664
227,42116.666666666664
222,42116.666666666664
219,42116.666666666664
260,42133.333333333336
251,42133.333333333336
250,42133.333333333336
249,42133.333333333336
246,42133.333333333336
237,42133.333333333336
227,42133.333333333336
222,42133.333333333336
219,42133.333333333336
260,42150.0
251,42150.0
250,42150.0
249,42150.0
246,42150.0
237,42150.0
227,42150.0
222,42150.0
219,42150.0
263,42166.666666666664
260,42166.666666666664
251,42166.666666666664
250,42166.666666666664
249,42166.666666666664
246,42166.666666666664
237,42166.666666666664
227,42166.666666666664
222,42166.666666666664
219,42166.666666666664
263,42183.33333333333
260,42183.33333333333
251,42183.33333333333
250,42183.33333333333
249,42183.33333333333
246,42183.33333333333
237,42183.33333333333
227,42183.33333333333
222,42183.33333333333
219,42183.33333333333
263,42200.0
260,42200.0
251,42200.0
250,42200.0
249,42200.0
246,42200.0
237,42200.0
227,42200.0
222,42200.0
219,42200.0
263,42216.66666666667
260,42216.66666666667
251,42216.66666666667
250,42216.66666666667
249,42216.66666666667
246,42216.66666666667
237,42216.66666666667
227,42216.66666666667
222,42216.66666666667
219,42216.66666666667
263,42233.333333333336
260,42233.333333333336
251,42233.333333333336
250,42233.333333333336
249,42233.333333333336
246,42233.333333333336
237,42233.333333333336
227,42233.333333333336
222,42233.333333333336
219,42233.333333333336
263,42250.0
260,42250.0
251,42250.0
250,42250.0
249,42250.0
246,42250.0
237,42250.0
227,42250.0
222,42250.0
219,42250.0
263,42266.666666666664
260,42266.666666666664
251,42266.666666666664
250,42266.666666666664
249,42266.666666666664
246,42266.666666666664
237,42266.666666666664
227,42266.666666666664
222,42266.666666666664
219,42266.666666666664
263,42283.33333333333
260,42283.33333333333
251,42283.33333333333
250,42283.33333333333
249,42283.33333333333
246,42283.33333333333
237,42283.33333333333
227,42283.33333333333
222,42283.33333333333
219,42283.33333333333
263,42300.0
260,42300.0
251,42300.0
249,42300.0
246,42300.0
227,42300.0
222,42300.0
219,42300.0
263,42316.666666666664
260,42316.666666666664
251,42316.666666666664
249,42316.666666666664
246,42316.666666666664
227,42316.666666666664
222,42316.666666666664
219,42316.666666666664
263,42333.333333333336
260,42333.333333333336
251,42333.333333333336
249,42333.333333333336
246,42333.333333333336
227,42333.333333333336
222,42333.333333333336
263,42350.0
260,42350.0
251,42350.0
249,42350.0
246,42350.0
227,42350.0
222,42350.0
263,42366.666666666664
260,42366.666666666664
251,42366.666666666664
250,42366.666666666664
249,42366.666666666664
246,42366.666666666664
227,42366.666666666664
222,42366.666666666664
263,42383.333333333336
260,42383.333333333336
251,42383.333333333336
250,42383.333333333336
249,42383.333333333336
246,42383.333333333336
227,42383.333333333336
222,42383.333333333336
260,42400.0
251,42400.0
250,42400.0
249,42400.0
246,42400.0
227,42400.0
222,42400.0
219,42400.0
260,42416.666666666664
251,42416.666666666664
250,42416.666666666664
249,42416.666666666664
246,42416.666666666664
227,42416.666666666664
222,42416.666666666664
219,42416.666666666664
260,42433.33333333333
251,42433.33333333333
250,42433.33333333333
249,42433.33333333333
246,42433.33333333333
227,42433.33333333333
222,42433.33333333333
219,42433.33333333333
260,42450.0
251,42450.0
250,42450.0
249,42450.0
246,42450.0
227,42450.0
222,42450.0
219,42450.0
260,42466.66666666667
251,42466.66666666667
250,42466.66666666667
249,42466.66666666667
246,42466.66666666667
227,42466.66666666667
222,42466.66666666667
219,42466.66666666667
260,42483.333333333336
251,42483.333333333336
250,42483.333333333336
249,42483.333333333336
246,42483.333333333336
227,42483.333333333336
222,42483.333333333336
260,42500.0
251,42500.0
250,42500.0
249,42500.0
246,42500.0
227,42500.0
222,42500.0
262,42516.666666666664
260,42516.666666666664
251,42516.666666666664
250,42516.666666666664
249,42516.666666666664
246,42516.666666666664
227,42516.666666666664
222,42516.666666666664
263,42533.33333333333
262,42533.33333333333
260,42533.33333333333
251,42533.33333333333
250,42533.33333333333
249,42533.33333333333
246,42533.33333333333
227,42533.33333333333
222,42533.33333333333
263,42550.0
262,42550.0
260,42550.0
251,42550.0
250,42550.0
249,42550.0
246,42550.0
227,42550.0
222,42550.0
263,42566.666666666664
262,42566.666666666664
260,42566.666666666664
251,42566.666666666664
250,42566.666666666664
249,42566.666666666664
246,42566.666666666664
227,42566.666666666664
222,42566.666666666664
263,42583.333333333336
262,42583.333333333336
260,42583.333333333336
251,42583.333333333336
250,42583.333333333336
249,42583.333333333336
246,42583.333333333336
227,42583.333333333336
222,42583.333333333336
263,42600.0
262,42600.0
260,42600.0
251,42600.0
250,42600.0
249,42600.0
246,42600.0
227,42600.0
222,42600.0
267,42616.666666666664
263,42616.666666666664
262,42616.666666666664
260,42616.666666666664
251,42616.666666666664
250,42616.666666666664
249,42616.666666666664
246,42616.666666666664
227,42616.666666666664
222,42616.666666666664
263,42633.333333333336
262,42633.333333333336
260,42633.333333333336
251,42633.333333333336
250,42633.333333333336
249,42633.333333333336
227,42633.333333333336
222,42633.333333333336
263,42650.0
262,42650.0
260,42650.0
251,42650.0
250,42650.0
249,42650.0
227,42650.0
222,42650.0
263,42666.666666666664
262,42666.666666666664
260,42666.666666666664
251,42666.666666666664
250,42666.666666666664
249,42666.666666666664
227,42666.666666666664
222,42666.666666666664
263,42683.33333333333
262,42683.33333333333
260,42683.33333333333
251,42683.33333333333
250,42683.33333333333
249,42683.33333333333
227,42683.33333333333
222,42683.33333333333
263,42700.0
262,42700.0
260,42700.0
251,42700.0
250,42700.0
249,42700.0
227,42700.0
222,42700.0
263,42716.66666666667
262,42716.66666666667
260,42716.66666666667
251,42716.66666666667
250,42716.66666666667
249,42716.66666666667
227,42716.66666666667
222,42716.66666666667
263,42733.333333333336
262,42733.333333333336
260,42733.333333333336
251,42733.333333333336
250,42733.333333333336
249,42733.333333333336
227,42733.333333333336
222,42733.333333333336
263,42750.0
262,42750.0
260,42750.0
251,42750.0
250,42750.0
249,42750.0
227,42750.0
222,42750.0
263,42766.666666666664
262,42766.666666666664
260,42766.666666666664
251,42766.666666666664
250,42766.666666666664
249,42766.666666666664
227,42766.666666666664
222,42766.666666666664
263,42783.33333333333
262,42783.33333333333
260,42783.33333333333
251,42783.33333333333
250,42783.33333333333
249,42783.33333333333
227,42783.33333333333
222,42783.33333333333
263,42800.0
262,42800.0
260,42800.0
251,42800.0
250,42800.0
249,42800.0
227,42800.0
222,42800.0
267,42816.666666666664
263,42816.666666666664
262,42816.666666666664
260,42816.666666666664
251,42816.666666666664
250,42816.666666666664
249,42816.666666666664
227,42816.666666666664
222,42816.666666666664
269,42833.333333333336
263,42833.333333333336
262,42833.333333333336
251,42833.333333333336
250,42833.333333333336
249,42833.333333333336
227,42833.333333333336
222,42833.333333333336
269,42850.0
263,42850.0
262,42850.0
251,42850.0
250,42850.0
249,42850.0
227,42850.0
222,42850.0
269,42866.666666666664
263,42866.666666666664
262,42866.666666666664
251,42866.666666666664
249,42866.666666666664
227,42866.666666666664
222,42866.666666666664
269,42883.333333333336
263,42883.333333333336
262,42883.333333333336
251,42883.333333333336
249,42883.333333333336
227,42883.333333333336
222,42883.333333333336
269,42900.0
263,42900.0
262,42900.0
251,42900.0
249,42900.0
227,42900.0
222,42900.0
269,42916.666666666664
263,42916.666666666664
262,42916.666666666664
251,42916.666666666664
250,42916.666666666664
249,42916.666666666664
227,42916.666666666664
222,42916.666666666664
269,42933.33333333333
263,42933.33333333333
262,42933.33333333333
251,42933.33333333333
249,42933.33333333333
227,42933.33333333333
222,42933.33333333333
269,42950.0
262,42950.0
251,42950.0
249,42950.0
227,42950.0
222,42950.0
269,42966.66666666667
262,42966.66666666667
251,42966.66666666667
249,42966.66666666667
227,42966.66666666667
222,42966.66666666667
269,42983.333333333336
262,42983.333333333336
251,42983.333333333336
250,42983.333333333336
249,42983.333333333336
227,42983.333333333336
222,42983.333333333336
269,43000.0
262,43000.0
251,43000.0
250,43000.0
249,43000.0
227,43000.0
222,43000.0
269,43016.666666666664
262,43016.666666666664
251,43016.666666666664
250,43016.666666666664
249,43016.666666666664
227,43016.666666666664
222,43016.666666666664
269,43033.33333333333
262,43033.33333333333
251,43033.33333333333
250,43033.33333333333
249,43033.33333333333
227,43033.33333333333
222,43033.33333333333
269,43050.0
262,43050.0
251,43050.0
250,43050.0
249,43050.0
227,43050.0
222,43050.0
269,43066.666666666664
262,43066.666666666664
251,43066.666666666664
250,43066.666666666664
249,43066.666666666664
227,43066.666666666664
222,43066.666666666664
269,43083.333333333336
262,43083.333333333336
260,43083.333333333336
251,43083.333333333336
250,43083.333333333336
249,43083.333333333336
227,43083.333333333336
222,43083.333333333336
269,43100.0
262,43100.0
260,43100.0
251,43100.0
250,43100.0
249,43100.0
227,43100.0
222,43100.0
269,43116.666666666664
263,43116.666666666664
262,43116.666666666664
260,43116.666666666664
251,43116.666666666664
250,43116.666666666664
249,43116.666666666664
227,43116.666666666664
222,43116.666666666664
269,43133.333333333336
263,43133.333333333336
262,43133.333333333336
260,43133.333333333336
251,43133.333333333336
250,43133.333333333336
249,43133.333333333336
227,43133.333333333336
222,43133.333333333336
269,43150.0
263,43150.0
262,43150.0
260,43150.0
251,43150.0
250,43150.0
249,43150.0
227,43150.0
222,43150.0
269,43166.666666666664
263,43166.666666666664
262,43166.666666666664
260,43166.666666666664
251,43166.666666666664
250,43166.666666666664
249,43166.666666666664
227,43166.666666666664
222,43166.666666666664
269,43183.33333333333
263,43183.33333333333
262,43183.33333333333
251,43183.33333333333
250,43183.33333333333
249,43183.33333333333
227,43183.33333333333
222,43183.33333333333
263,43200.0
262,43200.0
251,43200.0
250,43200.0
249,43200.0
227,43200.0
222,43200.0
263,43216.66666666667
262,43216.66666666667
251,43216.66666666667
249,43216.66666666667
227,43216.66666666667
222,43216.66666666667
263,43233.333333333336
260,43233.333333333336
251,43233.333333333336
249,43233.333333333336
227,43233.333333333336
222,43233.333333333336
269,43250.0
263,43250.0
260,43250.0
251,43250.0
249,43250.0
227,43250.0
222,43250.0
269,43266.666666666664
263,43266.666666666664
260,43266.666666666664
251,43266.666666666664
250,43266.666666666664
249,43266.666666666664
227,43266.666666666664
222,43266.666666666664
269,43283.33333333333
263,43283.33333333333
260,43283.33333333333
251,43283.33333333333
250,43283.33333333333
249,43283.33333333333
227,43283.33333333333
222,43283.33333333333
269,43300.0
263,43300.0
260,43300.0
251,43300.0
250,43300.0
249,43300.0
227,43300.0
222,43300.0
269,43316.666666666664
263,43316.666666666664
260,43316.666666666664
251,43316.666666666664
250,43316.666666666664
249,43316.666666666664
227,43316.666666666664
222,43316.666666666664
269,43333.333333333336
263,43333.333333333336
260,43333.333333333336
251,43333.333333333336
250,43333.333333333336
249,43333.333333333336
227,43333.333333333336
222,43333.333333333336
269,43350.0
263,43350.0
260,43350.0
251,43350.0
250,43350.0
249,43350.0
227,43350.0
222,43350.0
269,43366.666666666664
263,43366.666666666664
260,43366.666666666664
251,43366.666666666664
249,43366.666666666664
227,43366.666666666664
222,43366.666666666664
269,43383.333333333336
263,43383.333333333336
260,43383.333333333336
251,43383.333333333336
249,43383.333333333336
227,43383.333333333336
222,43383.333333333336
269,43400.0
263,43400.0
260,43400.0
251,43400.0
249,43400.0
227,43400.0
222,43400.0
269,43416.666666666664
263,43416.666666666664
260,43416.666666666664
251,43416.666666666664
249,43416.666666666664
227,43416.666666666664
222,43416.666666666664
269,43433.33333333333
263,43433.33333333333
260,43433.33333333333
251,43433.33333333333
250,43433.33333333333
249,43433.33333333333
227,43433.33333333333
222,43433.33333333333
269,43450.0
263,43450.0
260,43450.0
251,43450.0
250,43450.0
249,43450.0
227,43450.0
222,43450.0
263,43466.66666666667
260,43466.66666666667
251,43466.66666666667
250,43466.66666666667
249,43466.66666666667
227,43466.66666666667
222,43466.66666666667
263,43483.333333333336
260,43483.333333333336
251,43483.333333333336
250,43483.333333333336
249,43483.333333333336
227,43483.333333333336
222,43483.333333333336
263,43500.0
260,43500.0
251,43500.0
250,43500.0
249,43500.0
227,43500.0
222,43500.0
263,43516.666666666664
260,43516.666666666664
251,43516.666666666664
250,43516.666666666664
249,43516.666666666664
227,43516.666666666664
222,43516.666666666664
263,43533.33333333333
260,43533.33333333333
251,43533.33333333333
250,43533.33333333333
249,43533.33333333333
227,43533.33333333333
222,43533.33333333333
263,43550.0
260,43550.0
251,43550.0
250,43550.0
249,43550.0
227,43550.0
222,43550.0
263,43566.666666666664
260,43566.666666666664
251,43566.666666666664
250,43566.666666666664
249,43566.666666666664
227,43566.666666666664
222,43566.666666666664
270,43583.333333333336
269,43583.333333333336
263,43583.333333333336
260,43583.333333333336
251,43583.333333333336
250,43583.333333333336
249,43583.333333333336
227,43583.333333333336
222,43583.333333333336
270,43600.0
269,43600.0
263,43600.0
260,43600.0
251,43600.0
250,43600.0
249,43600.0
227,43600.0
222,43600.0
270,43616.666666666664
269,43616.666666666664
263,43616.666666666664
260,43616.666666666664
251,43616.666666666664
249,43616.666666666664
227,43616.666666666664
222,43616.666666666664
270,43633.333333333336
269,43633.333333333336
263,43633.333333333336
260,43633.333333333336
251,43633.333333333336
249,43633.333333333336
227,43633.333333333336
222,43633.333333333336
269,43650.0
263,43650.0
260,43650.0
251,43650.0
249,43650.0
227,43650.0
222,43650.0
269,43666.666666666664
263,43666.666666666664
260,43666.666666666664
251,43666.666666666664
249,43666.666666666664
227,43666.666666666664
222,43666.666666666664
269,43683.33333333333
263,43683.33333333333
260,43683.33333333333
251,43683.33333333333
249,43683.33333333333
227,43683.33333333333
222,43683.33333333333
269,43700.0
263,43700.0
260,43700.0
251,43700.0
249,43700.0
227,43700.0
222,43700.0
269,43716.66666666667
263,43716.66666666667
260,43716.66666666667
251,43716.66666666667
249,43716.66666666667
227,43716.66666666667
222,43716.66666666667
269,43733.333333333336
263,43733.333333333336
251,43733.333333333336
249,43733.333333333336
227,43733.333333333336
222,43733.333333333336
263,43750.0
251,43750.0
249,43750.0
227,43750.0
222,43750.0
263,43766.666666666664
251,43766.666666666664
249,43766.666666666664
227,43766.666666666664
222,43766.666666666664
263,43783.33333333333
260,43783.33333333333
251,43783.33333333333
249,43783.33333333333
227,43783.33333333333
222,43783.33333333333
263,43800.0
260,43800.0
251,43800.0
249,43800.0
227,43800.0
222,43800.0
263,43816.666666666664
260,43816.666666666664
251,43816.666666666664
249,43816.666666666664
227,43816.666666666664
222,43816.666666666664
263,43833.333333333336
260,43833.333333333336
251,43833.333333333336
249,43833.333333333336
227,43833.333333333336
222,43833.333333333336
263,43850.0
251,43850.0
249,43850.0
227,43850.0
222,43850.0
263,43866.666666666664
251,43866.666666666664
249,43866.666666666664
227,43866.666666666664
222,43866.666666666664
263,43883.333333333336
251,43883.333333333336
249,43883.333333333336
227,43883.333333333336
222,43883.333333333336
263,43900.0
251,43900.0
249,43900.0
227,43900.0
222,43900.0
263,43916.666666666664
260,43916.666666666664
251,43916.666666666664
249,43916.666666666664
227,43916.666666666664
222,43916.666666666664
269,43933.33333333333
263,43933.33333333333
251,43933.33333333333
249,43933.33333333333
227,43933.33333333333
222,43933.33333333333
269,43950.0
263,43950.0
251,43950.0
249,43950.0
227,43950.0
222,43950.0
269,43966.66666666667
263,43966.66666666667
251,43966.66666666667
249,43966.66666666667
227,43966.66666666667
222,43966.66666666667
269,43983.333333333336
263,43983.333333333336
260,43983.333333333336
251,43983.333333333336
249,43983.333333333336
227,43983.333333333336
222,43983.333333333336
269,44000.0
263,44000.0
260,44000.0
251,44000.0
249,44000.0
227,44000.0
222,44000.0
269,44016.666666666664
263,44016.666666666664
260,44016.666666666664
251,44016.666666666664
249,44016.666666666664
227,44016.666666666664
222,44016.666666666664
269,44033.33333333333
263,44033.33333333333
260,44033.33333333333
251,44033.33333333333
249,44033.33333333333
227,44033.33333333333
222,44033.33333333333
269,44050.0
263,44050.0
260,44050.0
251,44050.0
249,44050.0
227,44050.0
222,44050.0
269,44066.666666666664
263,44066.666666666664
260,44066.666666666664
251,44066.666666666664
249,44066.666666666664
227,44066.666666666664
222,44066.666666666664
269,44083.333333333336
263,44083.333333333336
260,44083.333333333336
251,44083.333333333336
249,44083.333333333336
227,44083.333333333336
222,44083.333333333336
269,44100.0
263,44100.0
260,44100.0
251,44100.0
249,44100.0
227,44100.0
222,44100.0
269,44116.666666666664
263,44116.666666666664
260,44116.666666666664
251,44116.666666666664
249,44116.666666666664
227,44116.666666666664
222,44116.666666666664
269,44133.333333333336
263,44133.333333333336
260,44133.333333333336
251,44133.333333333336
249,44133.333333333336
227,44133.333333333336
222,44133.333333333336
269,44150.0
263,44150.0
251,44150.0
249,44150.0
227,44150.0
222,44150.0
269,44166.666666666664
263,44166.666666666664
251,44166.666666666664
249,44166.666666666664
227,44166.666666666664
222,44166.666666666664
269,44183.33333333333
263,44183.33333333333
251,44183.33333333333
249,44183.33333333333
227,44183.33333333333
222,44183.33333333333
269,44200.0
263,44200.0
251,44200.0
249,44200.0
227,44200.0
222,44200.0
269,44216.66666666667
263,44216.66666666667
251,44216.66666666667
249,44216.66666666667
227,44216.66666666667
222,44216.66666666667
269,44233.333333333336
263,44233.333333333336
251,44233.333333333336
249,44233.333333333336
227,44233.333333333336
222,44233.333333333336
269,44250.0
263,44250.0
251,44250.0
249,44250.0
227,44250.0
222,44250.0
269,44266.666666666664
263,44266.666666666664
251,44266.666666666664
227,44266.666666666664
222,44266.666666666664
269,44283.33333333333
263,44283.33333333333
251,44283.33333333333
227,44283.33333333333
222,44283.33333333333
269,44300.0
263,44300.0
251,44300.0
227,44300.0
222,44300.0
269,44316.666666666664
263,44316.666666666664
251,44316.666666666664
227,44316.666666666664
222,44316.666666666664
269,44333.333333333336
263,44333.333333333336
251,44333.333333333336
227,44333.333333333336
222,44333.333333333336
269,44350.0
263,44350.0
251,44350.0
227,44350.0
222,44350.0
269,44366.666666666664
263,44366.666666666664
251,44366.666666666664
227,44366.666666666664
222,44366.666666666664
269,44383.333333333336
263,44383.333333333336
251,44383.333333333336
227,44383.333333333336
222,44383.333333333336
269,44400.0
263,44400.0
251,44400.0
227,44400.0
222,44400.0
269,44416.666666666664
263,44416.666666666664
251,44416.666666666664
227,44416.666666666664
222,44416.666666666664
269,44433.33333333333
263,44433.33333333333
251,44433.33333333333
227,44433.33333333333
222,44433.33333333333
269,44450.0
263,44450.0
251,44450.0
227,44450.0
222,44450.0
269,44466.66666666667
263,44466.66666666667
251,44466.66666666667
227,44466.66666666667
222,44466.66666666667
269,44483.333333333336
251,44483.333333333336
227,44483.333333333336
222,44483.333333333336
269,44500.0
251,44500.0
227,44500.0
222,44500.0
269,44516.666666666664
251,44516.666666666664
227,44516.666666666664
222,44516.666666666664
269,44533.33333333333
251,44533.33333333333
227,44533.33333333333
222,44533.33333333333
269,44550.0
251,44550.0
227,44550.0
222,44550.0
269,44566.666666666664
251,44566.666666666664
227,44566.666666666664
222,44566.666666666664
269,44583.333333333336
251,44583.333333333336
227,44583.333333333336
222,44583.333333333336
269,44600.0
251,44600.0
227,44600.0
222,44600.0
269,44616.666666666664
251,44616.666666666664
227,44616.666666666664
222,44616.666666666664
269,44633.333333333336
251,44633.333333333336
227,44633.333333333336
222,44633.333333333336
269,44650.0
251,44650.0
227,44650.0
222,44650.0
269,44666.666666666664
251,44666.666666666664
227,44666.666666666664
222,44666.666666666664
269,44683.33333333333
251,44683.33333333333
227,44683.33333333333
222,44683.33333333333
269,44700.0
263,44700.0
251,44700.0
227,44700.0
222,44700.0
269,44716.66666666667
263,44716.66666666667
251,44716.66666666667
227,44716.66666666667
222,44716.66666666667
269,44733.333333333336
263,44733.333333333336
251,44733.333333333336
227,44733.333333333336
222,44733.333333333336
269,44750.0
263,44750.0
251,44750.0
227,44750.0
222,44750.0
269,44766.666666666664
251,44766.666666666664
227,44766.666666666664
222,44766.666666666664
269,44783.33333333333
251,44783.33333333333
227,44783.33333333333
222,44783.33333333333
269,44800.0
251,44800.0
227,44800.0
222,44800.0
269,44816.666666666664
251,44816.666666666664
227,44816.666666666664
222,44816.666666666664
269,44833.333333333336
251,44833.333333333336
227,44833.333333333336
222,44833.333333333336
269,44850.0
251,44850.0
227,44850.0
222,44850.0
269,44866.666666666664
251,44866.666666666664
227,44866.666666666664
222,44866.666666666664
269,44883.333333333336
251,44883.333333333336
227,44883.333333333336
222,44883.333333333336
269,44900.0
251,44900.0
227,44900.0
222,44900.0
269,44916.666666666664
251,44916.666666666664
227,44916.666666666664
222,44916.666666666664
269,44933.33333333333
251,44933.33333333333
227,44933.33333333333
222,44933.33333333333
269,44950.0
251,44950.0
227,44950.0
222,44950.0
269,44966.66666666667
251,44966.66666666667
227,44966.66666666667
222,44966.66666666667
269,44983.333333333336
251,44983.333333333336
227,44983.333333333336
222,44983.333333333336
269,45000.0
251,45000.0
227,45000.0
222,45000.0
269,45016.666666666664
251,45016.666666666664
227,45016.666666666664
222,45016.666666666664
269,45033.33333333333
251,45033.33333333333
227,45033.33333333333
222,45033.33333333333
269,45050.0
251,45050.0
227,45050.0
222,45050.0
278,45066.666666666664
269,45066.666666666664
251,45066.666666666664
227,45066.666666666664
222,45066.666666666664
269,45083.333333333336
251,45083.333333333336
227,45083.333333333336
222,45083.333333333336
269,45100.0
251,45100.0
227,45100.0
222,45100.0
269,45116.666666666664
251,45116.666666666664
227,45116.666666666664
222,45116.666666666664
269,45133.333333333336
251,45133.333333333336
227,45133.333333333336
222,45133.333333333336
269,45150.0
251,45150.0
227,45150.0
222,45150.0
269,45166.666666666664
251,45166.666666666664
227,45166.666666666664
222,45166.666666666664
269,45183.33333333333
251,45183.33333333333
227,45183.33333333333
222,45183.33333333333
269,45200.0
251,45200.0
227,45200.0
222,45200.0
269,45216.66666666667
251,45216.66666666667
227,45216.66666666667
222,45216.66666666667
269,45233.333333333336
251,45233.333333333336
227,45233.333333333336
222,45233.333333333336
269,45250.0
251,45250.0
227,45250.0
222,45250.0
269,45266.666666666664
251,45266.666666666664
227,45266.666666666664
222,45266.666666666664
269,45283.33333333333
251,45283.33333333333
227,45283.33333333333
222,45283.33333333333
269,45300.0
251,45300.0
227,45300.0
222,45300.0
269,45316.666666666664
251,45316.666666666664
227,45316.666666666664
222,45316.666666666664
269,45333.333333333336
251,45333.333333333336
227,45333.333333333336
222,45333.333333333336
269,45350.0
251,45350.0
227,45350.0
222,45350.0
269,45366.666666666664
251,45366.666666666664
227,45366.666666666664
222,45366.666666666664
269,45383.333333333336
251,45383.333333333336
227,45383.333333333336
269,45400.0
251,45400.0
227,45400.0
278,45416.666666666664
269,45416.666666666664
251,45416.666666666664
227,45416.666666666664
278,45433.33333333333
269,45433.33333333333
251,45433.33333333333
227,45433.33333333333
278,45450.0
269,45450.0
251,45450.0
227,45450.0
278,45466.66666666667
269,45466.66666666667
251,45466.66666666667
227,45466.66666666667
278,45483.333333333336
269,45483.333333333336
251,45483.333333333336
227,45483.333333333336
278,45500.0
269,45500.0
251,45500.0
227,45500.0
278,45516.666666666664
269,45516.666666666664
251,45516.666666666664
227,45516.666666666664
278,45533.33333333333
269,45533.33333333333
251,45533.33333333333
227,45533.33333333333
278,45550.0
269,45550.0
251,45550.0
227,45550.0
278,45566.666666666664
269,45566.666666666664
251,45566.666666666664
227,45566.666666666664
280,45583.333333333336
278,45583.333333333336
269,45583.333333333336
251,45583.333333333336
227,45583.333333333336
281,45600.0
280,45600.0
278,45600.0
269,45600.0
251,45600.0
227,45600.0
281,45616.666666666664
278,45616.666666666664
269,45616.666666666664
251,45616.666666666664
227,45616.666666666664
269,45633.333333333336
251,45633.333333333336
227,45633.333333333336
269,45650.0
251,45650.0
227,45650.0
269,45666.666666666664
251,45666.666666666664
227,45666.666666666664
269,45683.33333333333
251,45683.33333333333
227,45683.33333333333
269,45700.0
251,45700.0
227,45700.0
281,45716.66666666667
278,45716.66666666667
269,45716.66666666667
251,45716.66666666667
227,45716.66666666667
281,45733.333333333336
278,45733.333333333336
269,45733.333333333336
251,45733.333333333336
227,45733.333333333336
281,45750.0
278,45750.0
269,45750.0
251,45750.0
227,45750.0
281,45766.666666666664
278,45766.666666666664
269,45766.666666666664
251,45766.666666666664
227,45766.666666666664
281,45783.33333333333
278,45783.33333333333
269,45783.33333333333
251,45783.33333333333
227,45783.33333333333
281,45800.0
278,45800.0
269,45800.0
251,45800.0
227,45800.0
281,45816.666666666664
278,45816.666666666664
269,45816.666666666664
251,45816.666666666664
227,45816.666666666664
281,45833.333333333336
278,45833.333333333336
269,45833.333333333336
251,45833.333333333336
227,45833.333333333336
281,45850.0
278,45850.0
269,45850.0
251,45850.0
227,45850.0
278,45866.666666666664
269,45866.666666666664
251,45866.666666666664
227,45866.666666666664
278,45883.333333333336
269,45883.333333333336
251,45883.333333333336
227,45883.333333333336
278,45900.0
269,45900.0
251,45900.0
227,45900.0
278,45916.666666666664
269,45916.666666666664
251,45916.666666666664
227,45916.666666666664
278,45933.33333333333
269,45933.33333333333
251,45933.33333333333
227,45933.33333333333
278,45950.0
269,45950.0
251,45950.0
227,45950.0
281,45966.66666666667
278,45966.66666666667
269,45966.66666666667
251,45966.66666666667
227,45966.66666666667
281,45983.333333333336
278,45983.333333333336
269,45983.333333333336
251,45983.333333333336
227,45983.333333333336
281,46000.0
278,46000.0
269,46000.0
251,46000.0
227,46000.0
281,46016.666666666664
278,46016.666666666664
269,46016.666666666664
251,46016.666666666664
227,46016.666666666664
281,46033.33333333333
278,46033.33333333333
269,46033.33333333333
251,46033.33333333333
227,46033.33333333333
281,46050.0
278,46050.0
269,46050.0
251,46050.0
227,46050.0
281,46066.666666666664
278,46066.666666666664
269,46066.666666666664
251,46066.666666666664
227,46066.666666666664
281,46083.333333333336
278,46083.333333333336
269,46083.333333333336
251,46083.333333333336
227,46083.333333333336
281,46100.0
278,46100.0
269,46100.0
251,46100.0
227,46100.0
281,46116.666666666664
278,46116.666666666664
269,46116.666666666664
251,46116.666666666664
227,46116.666666666664
281,46133.333333333336
278,46133.333333333336
269,46133.333333333336
251,46133.333333333336
227,46133.333333333336
281,46150.0
278,46150.0
269,46150.0
251,46150.0
227,46150.0
281,46166.666666666664
278,46166.666666666664
269,46166.666666666664
251,46166.666666666664
227,46166.666666666664
281,46183.33333333333
278,46183.33333333333
269,46183.33333333333
251,46183.33333333333
227,46183.33333333333
281,46200.0
278,46200.0
269,46200.0
251,46200.0
227,46200.0
281,46216.66666666667
278,46216.66666666667
269,46216.66666666667
251,46216.66666666667
227,46216.66666666667
278,46233.333333333336
269,46233.333333333336
251,46233.333333333336
227,46233.333333333336
278,46250.0
269,46250.0
251,46250.0
227,46250.0
278,46266.666666666664
269,46266.666666666664
251,46266.666666666664
278,46283.33333333333
269,46283.33333333333
251,46283.33333333333
278,46300.0
269,46300.0
251,46300.0
278,46316.666666666664
269,46316.666666666664
251,46316.666666666664
278,46333.333333333336
269,46333.333333333336
251,46333.333333333336
278,46350.0
269,46350.0
251,46350.0
278,46366.666666666664
269,46366.666666666664
251,46366.666666666664
284,46383.333333333336
281,46383.333333333336
278,46383.333333333336
269,46383.333333333336
251,46383.333333333336
284,46400.0
281,46400.0
278,46400.0
269,46400.0
251,46400.0
284,46416.666666666664
281,46416.666666666664
278,46416.666666666664
269,46416.666666666664
251,46416.666666666664
284,46433.33333333333
281,46433.33333333333
278,46433.33333333333
269,46433.33333333333
251,46433.33333333333
284,46450.0
281,46450.0
278,46450.0
269,46450.0
251,46450.0
284,46466.66666666667
281,46466.66666666667
278,46466.66666666667
269,46466.66666666667
251,46466.66666666667
284,46483.333333333336
281,46483.333333333336
278,46483.333333333336
269,46483.333333333336
251,46483.333333333336
284,46500.0
281,46500.0
278,46500.0
269,46500.0
251,46500.0
284,46516.666666666664
281,46516.666666666664
278,46516.666666666664
269,46516.666666666664
251,46516.666666666664
281,46533.33333333333
278,46533.33333333333
269,46533.33333333333
251,46533.33333333333
281,46550.0
278,46550.0
269,46550.0
251,46550.0
281,46566.666666666664
278,46566.666666666664
269,46566.666666666664
251,46566.666666666664
281,46583.333333333336
278,46583.333333333336
269,46583.333333333336
251,46583.333333333336
285,46600.0
281,46600.0
278,46600.0
269,46600.0
251,46600.0
285,46616.666666666664
281,46616.666666666664
278,46616.666666666664
269,46616.666666666664
251,46616.666666666664
281,46633.333333333336
278,46633.333333333336
269,46633.333333333336
251,46633.333333333336
287,46650.0
281,46650.0
278,46650.0
269,46650.0
251,46650.0
281,46666.666666666664
278,46666.666666666664
269,46666.666666666664
251,46666.666666666664
284,46683.33333333333
281,46683.33333333333
278,46683.33333333333
269,46683.33333333333
251,46683.33333333333
284,46700.0
281,46700.0
269,46700.0
251,46700.0
284,46716.66666666667
281,46716.66666666667
269,46716.66666666667
251,46716.66666666667
284,46733.333333333336
281,46733.333333333336
269,46733.333333333336
251,46733.333333333336
281,46750.0
269,46750.0
251,46750.0
281,46766.666666666664
269,46766.666666666664
251,46766.666666666664
281,46783.33333333333
278,46783.33333333333
269,46783.33333333333
251,46783.33333333333
281,46800.0
278,46800.0
269,46800.0
251,46800.0
281,46816.666666666664
278,46816.666666666664
269,46816.666666666664
251,46816.666666666664
281,46833.333333333336
278,46833.333333333336
269,46833.333333333336
251,46833.333333333336
281,46850.0
278,46850.0
269,46850.0
251,46850.0
281,46866.666666666664
269,46866.666666666664
251,46866.666666666664
281,46883.333333333336
269,46883.333333333336
251,46883.333333333336
281,46900.0
269,46900.0
251,46900.0
281,46916.666666666664
269,46916.666666666664
251,46916.666666666664
281,46933.33333333333
278,46933.33333333333
269,46933.33333333333
251,46933.33333333333
281,46950.0
278,46950.0
269,46950.0
251,46950.0
281,46966.66666666667
269,46966.66666666667
251,46966.66666666667
281,46983.333333333336
269,46983.333333333336
251,46983.333333333336
281,47000.0
269,47000.0
251,47000.0
281,47016.666666666664
269,47016.666666666664
251,47016.666666666664
281,47033.33333333333
278,47033.33333333333
269,47033.33333333333
251,47033.33333333333
281,47050.0
278,47050.0
269,47050.0
251,47050.0
284,47066.666666666664
281,47066.666666666664
278,47066.666666666664
269,47066.666666666664
251,47066.666666666664
284,47083.333333333336
281,47083.333333333336
278,47083.333333333336
269,47083.333333333336
251,47083.333333333336
284,47100.0
281,47100.0
278,47100.0
269,47100.0
251,47100.0
284,47116.666666666664
281,47116.666666666664
278,47116.666666666664
269,47116.666666666664
251,47116.666666666664
284,47133.333333333336
281,47133.333333333336
278,47133.333333333336
269,47133.333333333336
251,47133.333333333336
284,47150.0
281,47150.0
278,47150.0
269,47150.0
251,47150.0
284,47166.666666666664
281,47166.666666666664
278,47166.666666666664
269,47166.666666666664
251,47166.666666666664
284,47183.33333333333
281,47183.33333333333
278,47183.33333333333
269,47183.33333333333
251,47183.33333333333
284,47200.0
281,47200.0
278,47200.0
269,47200.0
251,47200.0
284,47216.66666666667
281,47216.66666666667
278,47216.66666666667
269,47216.66666666667
251,47216.66666666667
284,47233.333333333336
281,47233.333333333336
278,47233.333333333336
269,47233.333333333336
251,47233.333333333336
284,47250.0
281,47250.0
278,47250.0
269,47250.0
251,47250.0
284,47266.666666666664
281,47266.666666666664
278,47266.666666666664
269,47266.666666666664
251,47266.666666666664
284,47283.33333333333
281,47283.33333333333
278,47283.33333333333
269,47283.33333333333
251,47283.33333333333
284,47300.0
281,47300.0
278,47300.0
269,47300.0
251,47300.0
284,47316.666666666664
281,47316.666666666664
278,47316.666666666664
269,47316.666666666664
251,47316.666666666664
284,47333.333333333336
281,47333.333333333336
278,47333.333333333336
269,47333.333333333336
251,47333.333333333336
284,47350.0
281,47350.0
278,47350.0
269,47350.0
251,47350.0
284,47366.666666666664
281,47366.666666666664
269,47366.666666666664
251,47366.666666666664
284,47383.333333333336
281,47383.333333333336
269,47383.333333333336
251,47383.333333333336
284,47400.0
281,47400.0
269,47400.0
251,47400.0
284,47416.666666666664
281,47416.666666666664
269,47416.666666666664
251,47416.666666666664
284,47433.33333333333
281,47433.33333333333
269,47433.33333333333
251,47433.33333333333
284,47450.0
281,47450.0
269,47450.0
251,47450.0
284,47466.66666666667
281,47466.66666666667
278,47466.66666666667
269,47466.66666666667
251,47466.66666666667
284,47483.333333333336
281,47483.333333333336
278,47483.333333333336
269,47483.333333333336
251,47483.333333333336
284,47500.0
281,47500.0
278,47500.0
251,47500.0
284,47516.666666666664
281,47516.666666666664
278,47516.666666666664
251,47516.666666666664
284,47533.33333333333
281,47533.33333333333
278,47533.33333333333
251,47533.33333333333
284,47550.0
281,47550.0
278,47550.0
251,47550.0
284,47566.666666666664
281,47566.666666666664
278,47566.666666666664
251,47566.666666666664
284,47583.333333333336
281,47583.333333333336
278,47583.333333333336
251,47583.333333333336
284,47600.0
281,47600.0
278,47600.0
251,47600.0
284,47616.666666666664
281,47616.666666666664
278,47616.666666666664
251,47616.666666666664
284,47633.333333333336
281,47633.333333333336
251,47633.333333333336
284,47650.0
281,47650.0
251,47650.0
284,47666.666666666664
281,47666.666666666664
251,47666.666666666664
284,47683.33333333333
281,47683.33333333333
251,47683.33333333333
293,47700.0
284,47700.0
281,47700.0
278,47700.0
251,47700.0
293,47716.66666666667
284,47716.66666666667
281,47716.66666666667
278,47716.66666666667
251,47716.66666666667
293,47733.333333333336
284,47733.333333333336
281,47733.333333333336
278,47733.333333333336
251,47733.333333333336
293,47750.0
284,47750.0
281,47750.0
278,47750.0
251,47750.0
293,47766.666666666664
284,47766.666666666664
281,47766.666666666664
278,47766.666666666664
251,47766.666666666664
293,47783.33333333333
284,47783.33333333333
281,47783.33333333333
278,47783.33333333333
251,47783.33333333333
293,47800.0
284,47800.0
281,47800.0
278,47800.0
251,47800.0
293,47816.666666666664
284,47816.666666666664
281,47816.666666666664
278,47816.666666666664
251,47816.666666666664
293,47833.333333333336
284,47833.333333333336
281,47833.333333333336
278,47833.333333333336
251,47833.333333333336
293,47850.0
284,47850.0
281,47850.0
278,47850.0
251,47850.0
293,47866.666666666664
284,47866.666666666664
281,47866.666666666664
278,47866.666666666664
251,47866.666666666664
293,47883.333333333336
284,47883.333333333336
281,47883.333333333336
278,47883.333333333336
251,47883.333333333336
293,47900.0
284,47900.0
281,47900.0
251,47900.0
293,47916.666666666664
284,47916.666666666664
281,47916.666666666664
251,47916.666666666664
293,47933.33333333333
284,47933.33333333333
281,47933.33333333333
251,47933.33333333333
293,47950.0
284,47950.0
281,47950.0
251,47950.0
284,47966.66666666667
281,47966.66666666667
251,47966.66666666667
284,47983.333333333336
281,47983.333333333336
251,47983.333333333336
284,48000.0
281,48000.0
251,48000.0
293,48016.666666666664
284,48016.666666666664
281,48016.666666666664
251,48016.666666666664
293,48033.33333333333
284,48033.33333333333
281,48033.33333333333
251,48033.33333333333
293,48050.0
284,48050.0
281,48050.0
251,48050.0
293,48066.666666666664
284,48066.666666666664
281,48066.666666666664
251,48066.666666666664
296,48083.333333333336
293,48083.333333333336
284,48083.333333333336
281,48083.333333333336
251,48083.333333333336
296,48100.0
293,48100.0
284,48100.0
281,48100.0
278,48100.0
251,48100.0
296,48116.666666666664
293,48116.666666666664
284,48116.666666666664
281,48116.666666666664
278,48116.666666666664
251,48116.666666666664
296,48133.333333333336
293,48133.333333333336
284,48133.333333333336
281,48133.333333333336
278,48133.333333333336
251,48133.333333333336
296,48150.0
293,48150.0
284,48150.0
281,48150.0
278,48150.0
251,48150.0
296,48166.666666666664
293,48166.666666666664
284,48166.666666666664
281,48166.666666666664
278,48166.666666666664
251,48166.666666666664
296,48183.33333333333
293,48183.33333333333
284,48183.33333333333
281,48183.33333333333
251,48183.33333333333
296,48200.0
293,48200.0
284,48200.0
281,48200.0
251,48200.0
296,48216.66666666667
293,48216.66666666667
284,48216.66666666667
281,48216.66666666667
251,48216.66666666667
296,48233.333333333336
293,48233.333333333336
284,48233.333333333336
281,48233.333333333336
251,48233.333333333336
296,48250.0
293,48250.0
284,48250.0
281,48250.0
251,48250.0
296,48266.666666666664
293,48266.666666666664
284,48266.666666666664
281,48266.666666666664
251,48266.666666666664
296,48283.33333333333
293,48283.33333333333
284,48283.33333333333
281,48283.33333333333
251,48283.33333333333
296,48300.0
293,48300.0
284,48300.0
281,48300.0
251,48300.0
296,48316.666666666664
293,48316.666666666664
284,48316.666666666664
281,48316.666666666664
251,48316.666666666664
296,48333.333333333336
293,48333.333333333336
284,48333.333333333336
281,48333.333333333336
251,48333.333333333336
296,48350.0
293,48350.0
284,48350.0
281,48350.0
251,48350.0
296,48366.666666666664
293,48366.666666666664
281,48366.666666666664
251,48366.666666666664
296,48383.333333333336
293,48383.333333333336
281,48383.333333333336
251,48383.333333333336
296,48400.0
293,48400.0
281,48400.0
251,48400.0
296,48416.666666666664
293,48416.666666666664
281,48416.666666666664
251,48416.666666666664
296,48433.33333333333
293,48433.33333333333
281,48433.33333333333
251,48433.33333333333
293,48450.0
281,48450.0
251,48450.0
293,48466.66666666667
281,48466.66666666667
251,48466.66666666667
293,48483.333333333336
281,48483.333333333336
251,48483.333333333336
301,48500.0
293,48500.0
281,48500.0
251,48500.0
302,48516.666666666664
301,48516.666666666664
293,48516.666666666664
281,48516.666666666664
251,48516.666666666664
302,48533.33333333333
301,48533.33333333333
293,48533.33333333333
284,48533.33333333333
281,48533.33333333333
251,48533.33333333333
302,48550.0
301,48550.0
293,48550.0
281,48550.0
251,48550.0
302,48566.666666666664
301,48566.666666666664
293,48566.666666666664
281,48566.666666666664
251,48566.666666666664
302,48583.333333333336
301,48583.333333333336
293,48583.333333333336
281,48583.333333333336
251,48583.333333333336
303,48600.0
301,48600.0
293,48600.0
281,48600.0
251,48600.0
303,48616.666666666664
301,48616.666666666664
293,48616.666666666664
281,48616.666666666664
251,48616.666666666664
303,48633.333333333336
301,48633.333333333336
293,48633.333333333336
281,48633.333333333336
251,48633.333333333336
303,48650.0
301,48650.0
293,48650.0
281,48650.0
251,48650.0
303,48666.666666666664
302,48666.666666666664
301,48666.666666666664
293,48666.666666666664
281,48666.666666666664
251,48666.666666666664
303,48683.33333333333
302,48683.33333333333
301,48683.33333333333
293,48683.33333333333
281,48683.33333333333
251,48683.33333333333
303,48700.0
302,48700.0
293,48700.0
281,48700.0
251,48700.0
303,48716.66666666667
302,48716.66666666667
293,48716.66666666667
281,48716.66666666667
251,48716.66666666667
303,48733.333333333336
302,48733.333333333336
293,48733.333333333336
281,48733.333333333336
251,48733.333333333336
302,48750.0
281,48750.0
251,48750.0
302,48766.666666666664
281,48766.666666666664
251,48766.666666666664
302,48783.33333333333
281,48783.33333333333
251,48783.33333333333
293,48800.0
281,48800.0
251,48800.0
281,48816.666666666664
251,48816.666666666664
281,48833.333333333336
251,48833.333333333336
281,48850.0
251,48850.0
281,48866.666666666664
251,48866.666666666664
293,48883.333333333336
281,48883.333333333336
251,48883.333333333336
305,48900.0
293,48900.0
281,48900.0
251,48900.0
305,48916.666666666664
302,48916.666666666664
293,48916.666666666664
281,48916.666666666664
251,48916.666666666664
305,48933.33333333333
302,48933.33333333333
293,48933.33333333333
281,48933.33333333333
251,48933.33333333333
305,48950.0
302,48950.0
293,48950.0
281,48950.0
251,48950.0
305,48966.66666666667
302,48966.66666666667
293,48966.66666666667
281,48966.66666666667
251,48966.66666666667
305,48983.333333333336
303,48983.333333333336
302,48983.333333333336
281,48983.333333333336
251,48983.333333333336
305,49000.0
303,49000.0
302,49000.0
281,49000.0
251,49000.0
305,49016.666666666664
303,49016.666666666664
302,49016.666666666664
281,49016.666666666664
251,49016.666666666664
305,49033.33333333333
303,49033.33333333333
302,49033.33333333333
281,49033.33333333333
251,49033.33333333333
305,49050.0
303,49050.0
302,49050.0
281,49050.0
251,49050.0
305,49066.666666666664
303,49066.666666666664
302,49066.666666666664
301,49066.666666666664
281,49066.666666666664
251,49066.666666666664
305,49083.333333333336
303,49083.333333333336
302,49083.333333333336
281,49083.333333333336
251,49083.333333333336
305,49100.0
303,49100.0
302,49100.0
284,49100.0
281,49100.0
251,49100.0
305,49116.666666666664
303,49116.666666666664
302,49116.666666666664
284,49116.666666666664
281,49116.666666666664
251,49116.666666666664
305,49133.333333333336
303,49133.333333333336
302,49133.333333333336
284,49133.333333333336
281,49133.333333333336
251,49133.333333333336
305,49150.0
303,49150.0
302,49150.0
284,49150.0
281,49150.0
251,49150.0
306,49166.666666666664
305,49166.666666666664
303,49166.666666666664
302,49166.666666666664
284,49166.666666666664
281,49166.666666666664
251,49166.666666666664
306,49183.33333333333
305,49183.33333333333
303,49183.33333333333
302,49183.33333333333
293,49183.33333333333
284,49183.33333333333
281,49183.33333333333
251,49183.33333333333
305,49200.0
303,49200.0
302,49200.0
293,49200.0
284,49200.0
281,49200.0
251,49200.0
305,49216.66666666667
303,49216.66666666667
302,49216.66666666667
293,49216.66666666667
284,49216.66666666667
281,49216.66666666667
251,49216.66666666667
305,49233.333333333336
303,49233.333333333336
302,49233.333333333336
293,49233.333333333336
284,49233.333333333336
281,49233.333333333336
251,49233.333333333336
306,49250.0
305,49250.0
303,49250.0
302,49250.0
293,49250.0
284,49250.0
281,49250.0
251,49250.0
305,49266.666666666664
303,49266.666666666664
302,49266.666666666664
293,49266.666666666664
284,49266.666666666664
281,49266.666666666664
251,49266.666666666664
305,49283.33333333333
303,49283.33333333333
302,49283.33333333333
293,49283.33333333333
284,49283.33333333333
281,49283.33333333333
251,49283.33333333333
305,49300.0
303,49300.0
302,49300.0
293,49300.0
284,49300.0
281,49300.0
251,49300.0
309,49316.666666666664
306,49316.666666666664
305,49316.666666666664
303,49316.666666666664
302,49316.666666666664
293,49316.666666666664
284,49316.666666666664
281,49316.666666666664
251,49316.666666666664
309,49333.333333333336
306,49333.333333333336
305,49333.333333333336
303,49333.333333333336
302,49333.333333333336
284,49333.333333333336
281,49333.333333333336
251,49333.333333333336
306,49350.0
305,49350.0
303,49350.0
302,49350.0
284,49350.0
281,49350.0
251,49350.0
306,49366.666666666664
305,49366.666666666664
303,49366.666666666664
302,49366.666666666664
284,49366.666666666664
281,49366.666666666664
251,49366.666666666664
306,49383.333333333336
305,49383.333333333336
303,49383.333333333336
302,49383.333333333336
284,49383.333333333336
281,49383.333333333336
251,49383.333333333336
306,49400.0
305,49400.0
303,49400.0
302,49400.0
284,49400.0
281,49400.0
251,49400.0
306,49416.666666666664
305,49416.666666666664
303,49416.666666666664
302,49416.666666666664
293,49416.666666666664
284,49416.666666666664
281,49416.666666666664
251,49416.666666666664
305,49433.33333333333
303,49433.33333333333
302,49433.33333333333
293,49433.33333333333
284,49433.33333333333
281,49433.33333333333
251,49433.33333333333
305,49450.0
303,49450.0
302,49450.0
293,49450.0
284,49450.0
281,49450.0
251,49450.0
305,49466.66666666667
303,49466.66666666667
302,49466.66666666667
293,49466.66666666667
284,49466.66666666667
281,49466.66666666667
251,49466.66666666667
305,49483.333333333336
302,49483.333333333336
301,49483.333333333336
293,49483.333333333336
284,49483.333333333336
281,49483.333333333336
251,49483.333333333336
305,49500.0
302,49500.0
293,49500.0
284,49500.0
281,49500.0
251,49500.0
305,49516.666666666664
302,49516.666666666664
293,49516.666666666664
284,49516.666666666664
281,49516.666666666664
251,49516.666666666664
305,49533.33333333333
303,49533.33333333333
302,49533.33333333333
284,49533.33333333333
281,49533.33333333333
251,49533.33333333333
305,49550.0
303,49550.0
302,49550.0
284,49550.0
281,49550.0
251,49550.0
305,49566.666666666664
303,49566.666666666664
302,49566.666666666664
284,49566.666666666664
281,49566.666666666664
251,49566.666666666664
305,49583.333333333336
303,49583.333333333336
302,49583.333333333336
284,49583.333333333336
281,49583.333333333336
251,49583.333333333336
305,49600.0
302,49600.0
284,49600.0
281,49600.0
251,49600.0
314,49616.666666666664
305,49616.666666666664
304,49616.666666666664
302,49616.666666666664
284,49616.666666666664
281,49616.666666666664
251,49616.666666666664
314,49633.333333333336
305,49633.333333333336
304,49633.333333333336
302,49633.333333333336
301,49633.333333333336
284,49633.333333333336
281,49633.333333333336
251,49633.333333333336
305,49650.0
304,49650.0
302,49650.0
301,49650.0
284,49650.0
281,49650.0
251,49650.0
306,49666.666666666664
305,49666.666666666664
304,49666.666666666664
302,49666.666666666664
301,49666.666666666664
284,49666.666666666664
281,49666.666666666664
251,49666.666666666664
306,49683.33333333333
305,49683.33333333333
304,49683.33333333333
301,49683.33333333333
284,49683.33333333333
281,49683.33333333333
251,49683.33333333333
306,49700.0
305,49700.0
304,49700.0
301,49700.0
284,49700.0
281,49700.0
251,49700.0
314,49716.66666666667
306,49716.66666666667
305,49716.66666666667
304,49716.66666666667
301,49716.66666666667
284,49716.66666666667
281,49716.66666666667
251,49716.66666666667
314,49733.333333333336
307,49733.333333333336
306,49733.333333333336
305,49733.333333333336
304,49733.333333333336
303,49733.333333333336
301,49733.333333333336
293,49733.333333333336
284,49733.333333333336
281,49733.333333333336
251,49733.333333333336
314,49750.0
306,49750.0
305,49750.0
304,49750.0
301,49750.0
293,49750.0
284,49750.0
281,49750.0
251,49750.0
306,49766.666666666664
305,49766.666666666664
304,49766.666666666664
301,49766.666666666664
293,49766.666666666664
284,49766.666666666664
281,49766.666666666664
251,49766.666666666664
305,49783.33333333333
304,49783.33333333333
302,49783.33333333333
301,49783.33333333333
293,49783.33333333333
284,49783.33333333333
281,49783.33333333333
251,49783.33333333333
307,49800.0
305,49800.0
304,49800.0
303,49800.0
301,49800.0
293,49800.0
284,49800.0
281,49800.0
251,49800.0
307,49816.666666666664
305,49816.666666666664
304,49816.666666666664
303,49816.666666666664
301,49816.666666666664
293,49816.666666666664
284,49816.666666666664
281,49816.666666666664
251,49816.666666666664
314,49833.333333333336
307,49833.333333333336
305,49833.333333333336
304,49833.333333333336
303,49833.333333333336
301,49833.333333333336
293,49833.333333333336
284,49833.333333333336
281,49833.333333333336
251,49833.333333333336
305,49850.0
304,49850.0
303,49850.0
301,49850.0
293,49850.0
284,49850.0
281,49850.0
251,49850.0
305,49866.666666666664
304,49866.666666666664
303,49866.666666666664
301,49866.666666666664
293,49866.666666666664
284,49866.666666666664
281,49866.666666666664
251,49866.666666666664
306,49883.333333333336
305,49883.333333333336
304,49883.333333333336
303,49883.333333333336
301,49883.333333333336
293,49883.333333333336
284,49883.333333333336
281,49883.333333333336
251,49883.333333333336
307,49900.0
306,49900.0
305,49900.0
304,49900.0
303,49900.0
302,49900.0
301,49900.0
293,49900.0
284,49900.0
281,49900.0
251,49900.0
307,49916.666666666664
306,49916.666666666664
305,49916.666666666664
304,49916.666666666664
303,49916.666666666664
302,49916.666666666664
301,49916.666666666664
293,49916.666666666664
284,49916.666666666664
281,49916.666666666664
251,49916.666666666664
307,49933.33333333333
306,49933.33333333333
305,49933.33333333333
304,49933.33333333333
303,49933.33333333333
302,49933.33333333333
301,49933.33333333333
293,49933.33333333333
284,49933.33333333333
281,49933.33333333333
251,49933.33333333333
315,49950.0
307,49950.0
306,49950.0
305,49950.0
304,49950.0
303,49950.0
302,49950.0
301,49950.0
293,49950.0
284,49950.0
281,49950.0
251,49950.0
315,49966.66666666667
307,49966.66666666667
306,49966.66666666667
305,49966.66666666667
304,49966.66666666667
303,49966.66666666667
302,49966.66666666667
301,49966.66666666667
293,49966.66666666667
284,49966.66666666667
281,49966.66666666667
251,49966.66666666667
315,49983.333333333336
307,49983.333333333336
306,49983.333333333336
305,49983.333333333336
304,49983.333333333336
302,49983.333333333336
293,49983.333333333336
284,49983.333333333336
281,49983.333333333336
251,49983.333333333336
315,50000.0
307,50000.0
306,50000.0
305,50000.0
304,50000.0
302,50000.0
293,50000.0
284,50000.0
281,50000.0
251,50000.0
315,50016.666666666664
307,50016.666666666664
306,50016.666666666664
305,50016.666666666664
304,50016.666666666664
302,50016.666666666664
293,50016.666666666664
284,50016.666666666664
281,50016.666666666664
251,50016.666666666664
307,50033.33333333333
306,50033.33333333333
305,50033.33333333333
304,50033.33333333333
302,50033.33333333333
301,50033.33333333333
293,50033.33333333333
284,50033.33333333333
281,50033.33333333333
251,50033.33333333333
307,50050.0
305,50050.0
304,50050.0
302,50050.0
301,50050.0
293,50050.0
284,50050.0
281,50050.0
251,50050.0
307,50066.666666666664
305,50066.666666666664
304,50066.666666666664
302,50066.666666666664
301,50066.666666666664
293,50066.666666666664
284,50066.666666666664
281,50066.666666666664
251,50066.666666666664
315,50083.333333333336
307,50083.333333333336
305,50083.333333333336
304,50083.333333333336
302,50083.333333333336
301,50083.333333333336
293,50083.333333333336
284,50083.333333333336
281,50083.333333333336
251,50083.333333333336
315,50100.0
307,50100.0
305,50100.0
304,50100.0
302,50100.0
301,50100.0
293,50100.0
284,50100.0
281,50100.0
251,50100.0
315,50116.666666666664
307,50116.666666666664
305,50116.666666666664
304,50116.666666666664
302,50116.666666666664
301,50116.666666666664
293,50116.666666666664
284,50116.666666666664
281,50116.666666666664
251,50116.666666666664
315,50133.333333333336
307,50133.333333333336
306,50133.333333333336
305,50133.333333333336
304,50133.333333333336
302,50133.333333333336
301,50133.333333333336
293,50133.333333333336
284,50133.333333333336
281,50133.333333333336
251,50133.333333333336
306,50150.0
305,50150.0
304,50150.0
302,50150.0
301,50150.0
293,50150.0
284,50150.0
281,50150.0
251,50150.0
306,50166.666666666664
305,50166.666666666664
304,50166.666666666664
303,50166.666666666664
302,50166.666666666664
301,50166.666666666664
293,50166.666666666664
284,50166.666666666664
281,50166.666666666664
251,50166.666666666664
306,50183.33333333333
305,50183.33333333333
304,50183.33333333333
302,50183.33333333333
301,50183.33333333333
293,50183.33333333333
284,50183.33333333333
281,50183.33333333333
251,50183.33333333333
315,50200.0
307,50200.0
306,50200.0
305,50200.0
304,50200.0
302,50200.0
301,50200.0
293,50200.0
284,50200.0
281,50200.0
251,50200.0
315,50216.66666666667
307,50216.66666666667
306,50216.66666666667
305,50216.66666666667
304,50216.66666666667
302,50216.66666666667
301,50216.66666666667
293,50216.66666666667
284,50216.66666666667
281,50216.66666666667
251,50216.66666666667
315,50233.333333333336
307,50233.333333333336
306,50233.333333333336
305,50233.333333333336
304,50233.333333333336
302,50233.333333333336
301,50233.333333333336
293,50233.333333333336
284,50233.333333333336
281,50233.333333333336
251,50233.333333333336
307,50250.0
306,50250.0
305,50250.0
304,50250.0
302,50250.0
301,50250.0
293,50250.0
284,50250.0
281,50250.0
251,50250.0
307,50266.666666666664
306,50266.666666666664
305,50266.666666666664
304,50266.666666666664
302,50266.666666666664
301,50266.666666666664
293,50266.666666666664
284,50266.666666666664
281,50266.666666666664
251,50266.666666666664
307,50283.33333333333
306,50283.33333333333
305,50283.33333333333
304,50283.33333333333
302,50283.33333333333
301,50283.33333333333
293,50283.33333333333
284,50283.33333333333
281,50283.33333333333
251,50283.33333333333
307,50300.0
306,50300.0
305,50300.0
304,50300.0
302,50300.0
301,50300.0
293,50300.0
284,50300.0
281,50300.0
251,50300.0
307,50316.666666666664
306,50316.666666666664
305,50316.666666666664
304,50316.666666666664
302,50316.666666666664
301,50316.666666666664
293,50316.666666666664
284,50316.666666666664
281,50316.666666666664
251,50316.666666666664
319,50333.333333333336
307,50333.333333333336
306,50333.333333333336
305,50333.333333333336
304,50333.333333333336
302,50333.333333333336
301,50333.333333333336
293,50333.333333333336
284,50333.333333333336
281,50333.333333333336
251,50333.333333333336
319,50350.0
307,50350.0
306,50350.0
305,50350.0
304,50350.0
302,50350.0
301,50350.0
293,50350.0
284,50350.0
281,50350.0
251,50350.0
307,50366.666666666664
306,50366.666666666664
305,50366.666666666664
304,50366.666666666664
302,50366.666666666664
301,50366.666666666664
293,50366.666666666664
284,50366.666666666664
281,50366.666666666664
251,50366.666666666664
307,50383.333333333336
306,50383.333333333336
305,50383.333333333336
304,50383.333333333336
302,50383.333333333336
301,50383.333333333336
293,50383.333333333336
284,50383.333333333336
281,50383.333333333336
251,50383.333333333336
307,50400.0
306,50400.0
305,50400.0
304,50400.0
302,50400.0
301,50400.0
293,50400.0
284,50400.0
281,50400.0
251,50400.0
315,50416.666666666664
307,50416.666666666664
306,50416.666666666664
305,50416.666666666664
304,50416.666666666664
302,50416.666666666664
301,50416.666666666664
293,50416.666666666664
284,50416.666666666664
281,50416.666666666664
251,50416.666666666664
307,50433.33333333333
306,50433.33333333333
305,50433.33333333333
304,50433.33333333333
302,50433.33333333333
301,50433.33333333333
293,50433.33333333333
284,50433.33333333333
281,50433.33333333333
251,50433.33333333333
307,50450.0
306,50450.0
305,50450.0
304,50450.0
302,50450.0
301,50450.0
293,50450.0
284,50450.0
281,50450.0
307,50466.66666666667
306,50466.66666666667
305,50466.66666666667
302,50466.66666666667
301,50466.66666666667
293,50466.66666666667
284,50466.66666666667
281,50466.66666666667
307,50483.333333333336
306,50483.333333333336
305,50483.333333333336
302,50483.333333333336
301,50483.333333333336
293,50483.333333333336
284,50483.333333333336
281,50483.333333333336
307,50500.0
306,50500.0
305,50500.0
302,50500.0
301,50500.0
293,50500.0
284,50500.0
281,50500.0
321,50516.666666666664
307,50516.666666666664
306,50516.666666666664
305,50516.666666666664
304,50516.666666666664
302,50516.666666666664
301,50516.666666666664
293,50516.666666666664
284,50516.666666666664
281,50516.666666666664
321,50533.33333333333
307,50533.33333333333
306,50533.33333333333
305,50533.33333333333
304,50533.33333333333
302,50533.33333333333
301,50533.33333333333
284,50533.33333333333
281,50533.33333333333
321,50550.0
307,50550.0
305,50550.0
304,50550.0
302,50550.0
301,50550.0
284,50550.0
281,50550.0
321,50566.666666666664
307,50566.666666666664
305,50566.666666666664
304,50566.666666666664
302,50566.666666666664
301,50566.666666666664
284,50566.666666666664
281,50566.666666666664
307,50583.333333333336
305,50583.333333333336
304,50583.333333333336
302,50583.333333333336
301,50583.333333333336
284,50583.333333333336
281,50583.333333333336
307,50600.0
305,50600.0
304,50600.0
302,50600.0
301,50600.0
293,50600.0
284,50600.0
281,50600.0
307,50616.666666666664
305,50616.666666666664
304,50616.666666666664
302,50616.666666666664
301,50616.666666666664
293,50616.666666666664
284,50616.666666666664
281,50616.666666666664
307,50633.333333333336
305,50633.333333333336
304,50633.333333333336
302,50633.333333333336
301,50633.333333333336
293,50633.333333333336
284,50633.333333333336
281,50633.333333333336
307,50650.0
305,50650.0
302,50650.0
301,50650.0
293,50650.0
284,50650.0
281,50650.0
307,50666.666666666664
305,50666.666666666664
302,50666.666666666664
301,50666.666666666664
293,50666.666666666664
284,50666.666666666664
281,50666.666666666664
307,50683.33333333333
306,50683.33333333333
305,50683.33333333333
302,50683.33333333333
301,50683.33333333333
293,50683.33333333333
284,50683.33333333333
281,50683.33333333333
321,50700.0
307,50700.0
306,50700.0
305,50700.0
304,50700.0
302,50700.0
301,50700.0
293,50700.0
284,50700.0
281,50700.0
321,50716.66666666667
307,50716.66666666667
306,50716.66666666667
305,50716.66666666667
304,50716.66666666667
302,50716.66666666667
301,50716.66666666667
293,50716.66666666667
284,50716.66666666667
281,50716.66666666667
321,50733.333333333336
307,50733.333333333336
305,50733.333333333336
304,50733.333333333336
302,50733.333333333336
301,50733.333333333336
293,50733.333333333336
284,50733.333333333336
281,50733.333333333336
321,50750.0
307,50750.0
305,50750.0
304,50750.0
302,50750.0
301,50750.0
293,50750.0
284,50750.0
281,50750.0
321,50766.666666666664
307,50766.666666666664
305,50766.666666666664
304,50766.666666666664
302,50766.666666666664
301,50766.666666666664
293,50766.666666666664
284,50766.666666666664
281,50766.666666666664
321,50783.33333333333
307,50783.33333333333
305,50783.33333333333
304,50783.33333333333
302,50783.33333333333
301,50783.33333333333
293,50783.33333333333
284,50783.33333333333
281,50783.33333333333
321,50800.0
307,50800.0
305,50800.0
304,50800.0
302,50800.0
301,50800.0
293,50800.0
284,50800.0
281,50800.0
321,50816.666666666664
307,50816.666666666664
305,50816.666666666664
304,50816.666666666664
302,50816.666666666664
301,50816.666666666664
293,50816.666666666664
284,50816.666666666664
281,50816.666666666664
321,50833.333333333336
307,50833.333333333336
305,50833.333333333336
302,50833.333333333336
293,50833.333333333336
284,50833.333333333336
281,50833.333333333336
321,50850.0
307,50850.0
305,50850.0
302,50850.0
293,50850.0
284,50850.0
281,50850.0
321,50866.666666666664
307,50866.666666666664
305,50866.666666666664
302,50866.666666666664
293,50866.666666666664
284,50866.666666666664
281,50866.666666666664
321,50883.333333333336
307,50883.333333333336
305,50883.333333333336
302,50883.333333333336
301,50883.333333333336
293,50883.333333333336
284,50883.333333333336
281,50883.333333333336
321,50900.0
307,50900.0
305,50900.0
302,50900.0
301,50900.0
293,50900.0
284,50900.0
281,50900.0
321,50916.666666666664
307,50916.666666666664
305,50916.666666666664
302,50916.666666666664
301,50916.666666666664
293,50916.666666666664
284,50916.666666666664
281,50916.666666666664
321,50933.33333333333
307,50933.33333333333
305,50933.33333333333
302,50933.33333333333
301,50933.33333333333
293,50933.33333333333
284,50933.33333333333
281,50933.33333333333
321,50950.0
307,50950.0
305,50950.0
302,50950.0
301,50950.0
293,50950.0
284,50950.0
281,50950.0
321,50966.66666666667
307,50966.66666666667
305,50966.66666666667
302,50966.66666666667
301,50966.66666666667
293,50966.66666666667
284,50966.66666666667
281,50966.66666666667
321,50983.333333333336
307,50983.333333333336
305,50983.333333333336
302,50983.333333333336
301,50983.333333333336
293,50983.333333333336
284,50983.333333333336
281,50983.333333333336
321,51000.0
307,51000.0
305,51000.0
302,51000.0
301,51000.0
293,51000.0
284,51000.0
281,51000.0
321,51016.666666666664
307,51016.666666666664
305,51016.666666666664
302,51016.666666666664
301,51016.666666666664
293,51016.666666666664
284,51016.666666666664
281,51016.666666666664
321,51033.33333333333
307,51033.33333333333
305,51033.33333333333
302,51033.33333333333
301,51033.33333333333
293,51033.33333333333
284,51033.33333333333
281,51033.33333333333
321,51050.0
307,51050.0
305,51050.0
302,51050.0
301,51050.0
293,51050.0
284,51050.0
281,51050.0
321,51066.666666666664
307,51066.666666666664
305,51066.666666666664
302,51066.666666666664
301,51066.666666666664
293,51066.666666666664
284,51066.666666666664
281,51066.666666666664
321,51083.333333333336
307,51083.333333333336
305,51083.333333333336
302,51083.333333333336
301,51083.333333333336
293,51083.333333333336
284,51083.333333333336
281,51083.333333333336
321,51100.0
307,51100.0
305,51100.0
302,51100.0
301,51100.0
293,51100.0
284,51100.0
281,51100.0
321,51116.666666666664
307,51116.666666666664
305,51116.666666666664
302,51116.666666666664
301,51116.666666666664
293,51116.666666666664
284,51116.666666666664
281,51116.666666666664
321,51133.333333333336
307,51133.333333333336
305,51133.333333333336
302,51133.333333333336
301,51133.333333333336
293,51133.333333333336
284,51133.333333333336
281,51133.333333333336
321,51150.0
307,51150.0
305,51150.0
302,51150.0
301,51150.0
293,51150.0
284,51150.0
281,51150.0
321,51166.666666666664
307,51166.666666666664
305,51166.666666666664
302,51166.666666666664
301,51166.666666666664
293,51166.666666666664
284,51166.666666666664
281,51166.666666666664
321,51183.33333333333
307,51183.33333333333
305,51183.33333333333
302,51183.33333333333
301,51183.33333333333
293,51183.33333333333
284,51183.33333333333
281,51183.33333333333
321,51200.0
307,51200.0
305,51200.0
302,51200.0
301,51200.0
293,51200.0
284,51200.0
281,51200.0
321,51216.66666666667
307,51216.66666666667
305,51216.66666666667
302,51216.66666666667
301,51216.66666666667
293,51216.66666666667
284,51216.66666666667
281,51216.66666666667
321,51233.333333333336
307,51233.333333333336
305,51233.333333333336
302,51233.333333333336
301,51233.333333333336
293,51233.333333333336
284,51233.333333333336
281,51233.333333333336
321,51250.0
307,51250.0
305,51250.0
302,51250.0
301,51250.0
293,51250.0
284,51250.0
281,51250.0
321,51266.666666666664
307,51266.666666666664
305,51266.666666666664
302,51266.666666666664
301,51266.666666666664
293,51266.666666666664
284,51266.666666666664
281,51266.666666666664
321,51283.33333333333
307,51283.33333333333
305,51283.33333333333
302,51283.33333333333
301,51283.33333333333
293,51283.33333333333
284,51283.33333333333
281,51283.33333333333
329,51300.0
321,51300.0
307,51300.0
305,51300.0
302,51300.0
301,51300.0
293,51300.0
284,51300.0
281,51300.0
329,51316.666666666664
321,51316.666666666664
307,51316.666666666664
305,51316.666666666664
302,51316.666666666664
301,51316.666666666664
293,51316.666666666664
284,51316.666666666664
281,51316.666666666664
329,51333.333333333336
321,51333.333333333336
307,51333.333333333336
305,51333.333333333336
304,51333.333333333336
302,51333.333333333336
301,51333.333333333336
293,51333.333333333336
284,51333.333333333336
281,51333.333333333336
329,51350.0
321,51350.0
307,51350.0
305,51350.0
304,51350.0
302,51350.0
301,51350.0
293,51350.0
284,51350.0
281,51350.0
321,51366.666666666664
307,51366.666666666664
305,51366.666666666664
302,51366.666666666664
301,51366.666666666664
293,51366.666666666664
284,51366.666666666664
281,51366.666666666664
321,51383.333333333336
307,51383.333333333336
305,51383.333333333336
302,51383.333333333336
301,51383.333333333336
293,51383.333333333336
284,51383.333333333336
281,51383.333333333336
321,51400.0
307,51400.0
305,51400.0
302,51400.0
301,51400.0
293,51400.0
284,51400.0
281,51400.0
321,51416.666666666664
307,51416.666666666664
305,51416.666666666664
302,51416.666666666664
301,51416.666666666664
293,51416.666666666664
284,51416.666666666664
281,51416.666666666664
326,51433.33333333333
321,51433.33333333333
307,51433.33333333333
305,51433.33333333333
302,51433.33333333333
301,51433.33333333333
293,51433.33333333333
284,51433.33333333333
281,51433.33333333333
326,51449.99999999999
321,51449.99999999999
307,51449.99999999999
305,51449.99999999999
302,51449.99999999999
301,51449.99999999999
293,51449.99999999999
284,51449.99999999999
281,51449.99999999999
326,51466.66666666667
321,51466.66666666667
307,51466.66666666667
305,51466.66666666667
302,51466.66666666667
301,51466.66666666667
293,51466.66666666667
284,51466.66666666667
281,51466.66666666667
326,51483.333333333336
321,51483.333333333336
307,51483.333333333336
305,51483.333333333336
302,51483.333333333336
301,51483.333333333336
293,51483.333333333336
284,51483.333333333336
281,51483.333333333336
326,51500.0
321,51500.0
307,51500.0
305,51500.0
302,51500.0
301,51500.0
293,51500.0
284,51500.0
281,51500.0
326,51516.666666666664
321,51516.666666666664
307,51516.666666666664
305,51516.666666666664
302,51516.666666666664
301,51516.666666666664
293,51516.666666666664
284,51516.666666666664
281,51516.666666666664
326,51533.33333333333
321,51533.33333333333
307,51533.33333333333
305,51533.33333333333
302,51533.33333333333
301,51533.33333333333
293,51533.33333333333
284,51533.33333333333
281,51533.33333333333
321,51550.0
307,51550.0
305,51550.0
302,51550.0
301,51550.0
293,51550.0
284,51550.0
281,51550.0
321,51566.666666666664
307,51566.666666666664
305,51566.666666666664
302,51566.666666666664
301,51566.666666666664
293,51566.666666666664
284,51566.666666666664
281,51566.666666666664
321,51583.333333333336
307,51583.333333333336
305,51583.333333333336
302,51583.333333333336
301,51583.333333333336
293,51583.333333333336
284,51583.333333333336
281,51583.333333333336
321,51600.0
307,51600.0
305,51600.0
302,51600.0
301,51600.0
293,51600.0
284,51600.0
281,51600.0
321,51616.666666666664
307,51616.666666666664
305,51616.666666666664
302,51616.666666666664
301,51616.666666666664
293,51616.666666666664
284,51616.666666666664
281,51616.666666666664
321,51633.333333333336
307,51633.333333333336
305,51633.333333333336
302,51633.333333333336
301,51633.333333333336
293,51633.333333333336
284,51633.333333333336
281,51633.333333333336
321,51650.0
307,51650.0
305,51650.0
302,51650.0
301,51650.0
293,51650.0
284,51650.0
281,51650.0
321,51666.666666666664
307,51666.666666666664
305,51666.666666666664
302,51666.666666666664
301,51666.666666666664
293,51666.666666666664
284,51666.666666666664
281,51666.666666666664
321,51683.33333333333
307,51683.33333333333
305,51683.33333333333
302,51683.33333333333
301,51683.33333333333
293,51683.33333333333
284,51683.33333333333
281,51683.33333333333
321,51699.99999999999
307,51699.99999999999
305,51699.99999999999
302,51699.99999999999
301,51699.99999999999
293,51699.99999999999
284,51699.99999999999
281,51699.99999999999
321,51716.66666666667
307,51716.66666666667
305,51716.66666666667
304,51716.66666666667
302,51716.66666666667
301,51716.66666666667
293,51716.66666666667
284,51716.66666666667
281,51716.66666666667
321,51733.333333333336
307,51733.333333333336
305,51733.333333333336
302,51733.333333333336
301,51733.333333333336
293,51733.333333333336
284,51733.333333333336
281,51733.333333333336
321,51750.0
307,51750.0
305,51750.0
302,51750.0
301,51750.0
293,51750.0
284,51750.0
281,51750.0
321,51766.666666666664
307,51766.666666666664
305,51766.666666666664
302,51766.666666666664
301,51766.666666666664
293,51766.666666666664
284,51766.666666666664
281,51766.666666666664
321,51783.33333333333
307,51783.33333333333
305,51783.33333333333
302,51783.33333333333
301,51783.33333333333
293,51783.33333333333
284,51783.33333333333
281,51783.33333333333
321,51800.0
307,51800.0
305,51800.0
302,51800.0
301,51800.0
293,51800.0
284,51800.0
281,51800.0
321,51816.666666666664
307,51816.666666666664
305,51816.666666666664
302,51816.666666666664
301,51816.666666666664
293,51816.666666666664
284,51816.666666666664
281,51816.666666666664
321,51833.333333333336
307,51833.333333333336
305,51833.333333333336
302,51833.333333333336
301,51833.333333333336
293,51833.333333333336
284,51833.333333333336
281,51833.333333333336
321,51850.0
307,51850.0
305,51850.0
302,51850.0
301,51850.0
293,51850.0
284,51850.0
281,51850.0
321,51866.666666666664
307,51866.666666666664
305,51866.666666666664
302,51866.666666666664
301,51866.666666666664
293,51866.666666666664
284,51866.666666666664
281,51866.666666666664
321,51883.333333333336
307,51883.333333333336
305,51883.333333333336
302,51883.333333333336
301,51883.333333333336
293,51883.333333333336
281,51883.333333333336
321,51900.0
307,51900.0
305,51900.0
302,51900.0
301,51900.0
293,51900.0
281,51900.0
321,51916.666666666664
307,51916.666666666664
305,51916.666666666664
302,51916.666666666664
301,51916.666666666664
293,51916.666666666664
281,51916.666666666664
333,51933.33333333333
321,51933.33333333333
307,51933.33333333333
305,51933.33333333333
302,51933.33333333333
301,51933.33333333333
293,51933.33333333333
281,51933.33333333333
321,51949.99999999999
307,51949.99999999999
305,51949.99999999999
302,51949.99999999999
301,51949.99999999999
293,51949.99999999999
281,51949.99999999999
332,51966.66666666667
326,51966.66666666667
321,51966.66666666667
307,51966.66666666667
305,51966.66666666667
302,51966.66666666667
301,51966.66666666667
293,51966.66666666667
281,51966.66666666667
332,51983.333333333336
326,51983.333333333336
321,51983.333333333336
307,51983.333333333336
305,51983.333333333336
302,51983.333333333336
301,51983.333333333336
293,51983.333333333336
281,51983.333333333336
332,52000.0
326,52000.0
321,52000.0
307,52000.0
305,52000.0
302,52000.0
301,52000.0
293,52000.0
281,52000.0
332,52016.666666666664
326,52016.666666666664
321,52016.666666666664
307,52016.666666666664
305,52016.666666666664
302,52016.666666666664
301,52016.666666666664
293,52016.666666666664
281,52016.666666666664
332,52033.33333333333
326,52033.33333333333
321,52033.33333333333
307,52033.33333333333
305,52033.33333333333
302,52033.33333333333
301,52033.33333333333
293,52033.33333333333
281,52033.33333333333
332,52050.0
321,52050.0
307,52050.0
305,52050.0
302,52050.0
301,52050.0
293,52050.0
281,52050.0
321,52066.666666666664
307,52066.666666666664
305,52066.666666666664
302,52066.666666666664
301,52066.666666666664
293,52066.666666666664
281,52066.666666666664
333,52083.333333333336
321,52083.333333333336
307,52083.333333333336
305,52083.333333333336
302,52083.333333333336
301,52083.333333333336
293,52083.333333333336
281,52083.333333333336
333,52100.0
321,52100.0
307,52100.0
305,52100.0
302,52100.0
301,52100.0
293,52100.0
281,52100.0
333,52116.666666666664
321,52116.666666666664
307,52116.666666666664
305,52116.666666666664
302,52116.666666666664
301,52116.666666666664
293,52116.666666666664
281,52116.666666666664
333,52133.333333333336
321,52133.333333333336
307,52133.333333333336
305,52133.333333333336
302,52133.333333333336
301,52133.333333333336
293,52133.333333333336
281,52133.333333333336
333,52150.0
321,52150.0
307,52150.0
305,52150.0
302,52150.0
301,52150.0
293,52150.0
281,52150.0
333,52166.666666666664
321,52166.666666666664
307,52166.666666666664
305,52166.666666666664
302,52166.666666666664
301,52166.666666666664
293,52166.666666666664
281,52166.666666666664
333,52183.33333333333
321,52183.33333333333
307,52183.33333333333
305,52183.33333333333
302,52183.33333333333
301,52183.33333333333
293,52183.33333333333
281,52183.33333333333
333,52199.99999999999
321,52199.99999999999
307,52199.99999999999
305,52199.99999999999
302,52199.99999999999
301,52199.99999999999
293,52199.99999999999
281,52199.99999999999
333,52216.66666666667
321,52216.66666666667
307,52216.66666666667
305,52216.66666666667
302,52216.66666666667
301,52216.66666666667
293,52216.66666666667
281,52216.66666666667
333,52233.333333333336
321,52233.333333333336
307,52233.333333333336
305,52233.333333333336
302,52233.333333333336
301,52233.333333333336
293,52233.333333333336
281,52233.333333333336
333,52250.0
321,52250.0
307,52250.0
305,52250.0
302,52250.0
301,52250.0
293,52250.0
281,52250.0
333,52266.666666666664
321,52266.666666666664
307,52266.666666666664
305,52266.666666666664
302,52266.666666666664
301,52266.666666666664
293,52266.666666666664
281,52266.666666666664
333,52283.33333333333
321,52283.33333333333
307,52283.33333333333
305,52283.33333333333
302,52283.33333333333
301,52283.33333333333
293,52283.33333333333
281,52283.33333333333
333,52300.0
321,52300.0
307,52300.0
305,52300.0
302,52300.0
301,52300.0
293,52300.0
281,52300.0
333,52316.666666666664
321,52316.666666666664
307,52316.666666666664
305,52316.666666666664
302,52316.666666666664
301,52316.666666666664
293,52316.666666666664
281,52316.666666666664
333,52333.333333333336
326,52333.333333333336
321,52333.333333333336
307,52333.333333333336
305,52333.333333333336
302,52333.333333333336
301,52333.333333333336
293,52333.333333333336
281,52333.333333333336
333,52350.0
321,52350.0
307,52350.0
305,52350.0
302,52350.0
301,52350.0
293,52350.0
281,52350.0
333,52366.666666666664
321,52366.666666666664
307,52366.666666666664
305,52366.666666666664
302,52366.666666666664
301,52366.666666666664
293,52366.666666666664
281,52366.666666666664
333,52383.333333333336
321,52383.333333333336
307,52383.333333333336
305,52383.333333333336
302,52383.333333333336
301,52383.333333333336
293,52383.333333333336
281,52383.333333333336
333,52400.0
321,52400.0
307,52400.0
305,52400.0
302,52400.0
301,52400.0
293,52400.0
281,52400.0
333,52416.666666666664
321,52416.666666666664
307,52416.666666666664
305,52416.666666666664
302,52416.666666666664
301,52416.666666666664
293,52416.666666666664
281,52416.666666666664
333,52433.33333333333
321,52433.33333333333
307,52433.33333333333
305,52433.33333333333
302,52433.33333333333
301,52433.33333333333
293,52433.33333333333
281,52433.33333333333
333,52449.99999999999
321,52449.99999999999
307,52449.99999999999
305,52449.99999999999
302,52449.99999999999
301,52449.99999999999
293,52449.99999999999
281,52449.99999999999
333,52466.66666666667
321,52466.66666666667
307,52466.66666666667
305,52466.66666666667
302,52466.66666666667
301,52466.66666666667
293,52466.66666666667
281,52466.66666666667
333,52483.333333333336
321,52483.333333333336
307,52483.333333333336
305,52483.333333333336
302,52483.333333333336
301,52483.333333333336
293,52483.333333333336
281,52483.333333333336
333,52500.0
321,52500.0
307,52500.0
305,52500.0
302,52500.0
301,52500.0
293,52500.0
281,52500.0
333,52516.666666666664
321,52516.666666666664
307,52516.666666666664
305,52516.666666666664
302,52516.666666666664
301,52516.666666666664
293,52516.666666666664
281,52516.666666666664
333,52533.33333333333
321,52533.33333333333
307,52533.33333333333
305,52533.33333333333
302,52533.33333333333
301,52533.33333333333
293,52533.33333333333
281,52533.33333333333
333,52550.0
321,52550.0
307,52550.0
305,52550.0
302,52550.0
301,52550.0
293,52550.0
281,52550.0
333,52566.666666666664
321,52566.666666666664
307,52566.666666666664
305,52566.666666666664
302,52566.666666666664
301,52566.666666666664
293,52566.666666666664
281,52566.666666666664
333,52583.333333333336
321,52583.333333333336
307,52583.333333333336
305,52583.333333333336
302,52583.333333333336
301,52583.333333333336
293,52583.333333333336
281,52583.333333333336
333,52600.0
321,52600.0
307,52600.0
305,52600.0
302,52600.0
301,52600.0
293,52600.0
281,52600.0
333,52616.666666666664
321,52616.666666666664
307,52616.666666666664
305,52616.666666666664
302,52616.666666666664
301,52616.666666666664
293,52616.666666666664
281,52616.666666666664
333,52633.333333333336
321,52633.333333333336
307,52633.333333333336
305,52633.333333333336
302,52633.333333333336
301,52633.333333333336
293,52633.333333333336
281,52633.333333333336
333,52650.0
321,52650.0
307,52650.0
305,52650.0
302,52650.0
301,52650.0
293,52650.0
281,52650.0
333,52666.666666666664
321,52666.666666666664
307,52666.666666666664
305,52666.666666666664
302,52666.666666666664
301,52666.666666666664
293,52666.666666666664
281,52666.666666666664
333,52683.33333333333
321,52683.33333333333
307,52683.33333333333
305,52683.33333333333
302,52683.33333333333
301,52683.33333333333
293,52683.33333333333
281,52683.33333333333
333,52699.99999999999
321,52699.99999999999
307,52699.99999999999
305,52699.99999999999
302,52699.99999999999
301,52699.99999999999
293,52699.99999999999
281,52699.99999999999
333,52716.66666666667
321,52716.66666666667
307,52716.66666666667
305,52716.66666666667
302,52716.66666666667
301,52716.66666666667
293,52716.66666666667
281,52716.66666666667
333,52733.333333333336
321,52733.333333333336
307,52733.333333333336
305,52733.333333333336
302,52733.333333333336
301,52733.333333333336
293,52733.333333333336
281,52733.333333333336
333,52750.0
321,52750.0
307,52750.0
305,52750.0
302,52750.0
301,52750.0
293,52750.0
281,52750.0
333,52766.666666666664
321,52766.666666666664
307,52766.666666666664
305,52766.666666666664
302,52766.666666666664
301,52766.666666666664
293,52766.666666666664
281,52766.666666666664
333,52783.33333333333
321,52783.33333333333
307,52783.33333333333
305,52783.33333333333
302,52783.33333333333
301,52783.33333333333
293,52783.33333333333
281,52783.33333333333
333,52800.0
321,52800.0
307,52800.0
305,52800.0
302,52800.0
301,52800.0
293,52800.0
281,52800.0
338,52816.666666666664
333,52816.666666666664
321,52816.666666666664
307,52816.666666666664
305,52816.666666666664
302,52816.666666666664
301,52816.666666666664
293,52816.666666666664
281,52816.666666666664
333,52833.333333333336
321,52833.333333333336
307,52833.333333333336
305,52833.333333333336
302,52833.333333333336
301,52833.333333333336
293,52833.333333333336
281,52833.333333333336
333,52850.0
321,52850.0
307,52850.0
305,52850.0
302,52850.0
301,52850.0
281,52850.0
333,52866.666666666664
321,52866.666666666664
307,52866.666666666664
305,52866.666666666664
302,52866.666666666664
301,52866.666666666664
281,52866.666666666664
339,52883.333333333336
333,52883.333333333336
307,52883.333333333336
305,52883.333333333336
302,52883.333333333336
301,52883.333333333336
281,52883.333333333336
339,52900.0
333,52900.0
307,52900.0
305,52900.0
302,52900.0
301,52900.0
293,52900.0
281,52900.0
339,52916.666666666664
337,52916.666666666664
333,52916.666666666664
307,52916.666666666664
305,52916.666666666664
302,52916.666666666664
301,52916.666666666664
293,52916.666666666664
281,52916.666666666664
339,52933.33333333333
337,52933.33333333333
333,52933.33333333333
307,52933.33333333333
305,52933.33333333333
302,52933.33333333333
301,52933.33333333333
293,52933.33333333333
281,52933.33333333333
339,52949.99999999999
337,52949.99999999999
333,52949.99999999999
307,52949.99999999999
305,52949.99999999999
302,52949.99999999999
301,52949.99999999999
293,52949.99999999999
281,52949.99999999999
339,52966.66666666667
337,52966.66666666667
333,52966.66666666667
307,52966.66666666667
305,52966.66666666667
302,52966.66666666667
301,52966.66666666667
293,52966.66666666667
281,52966.66666666667
339,52983.333333333336
337,52983.333333333336
333,52983.333333333336
307,52983.333333333336
305,52983.333333333336
302,52983.333333333336
301,52983.333333333336
293,52983.333333333336
281,52983.333333333336
340,53000.0
339,53000.0
337,53000.0
333,53000.0
307,53000.0
305,53000.0
302,53000.0
301,53000.0
293,53000.0
281,53000.0
340,53016.666666666664
339,53016.666666666664
337,53016.666666666664
333,53016.666666666664
307,53016.666666666664
305,53016.666666666664
302,53016.666666666664
301,53016.666666666664
293,53016.666666666664
281,53016.666666666664
340,53033.33333333333
339,53033.33333333333
337,53033.33333333333
333,53033.33333333333
307,53033.33333333333
305,53033.33333333333
302,53033.33333333333
301,53033.33333333333
293,53033.33333333333
281,53033.33333333333
340,53050.0
339,53050.0
337,53050.0
333,53050.0
307,53050.0
305,53050.0
302,53050.0
301,53050.0
293,53050.0
281,53050.0
340,53066.666666666664
337,53066.666666666664
333,53066.666666666664
307,53066.666666666664
305,53066.666666666664
302,53066.666666666664
301,53066.666666666664
293,53066.666666666664
281,53066.666666666664
343,53083.333333333336
337,53083.333333333336
333,53083.333333333336
305,53083.333333333336
302,53083.333333333336
301,53083.333333333336
293,53083.333333333336
281,53083.333333333336
343,53100.0
337,53100.0
305,53100.0
302,53100.0
301,53100.0
293,53100.0
281,53100.0
345,53116.666666666664
344,53116.666666666664
343,53116.666666666664
337,53116.666666666664
305,53116.666666666664
302,53116.666666666664
301,53116.666666666664
293,53116.666666666664
281,53116.666666666664
345,53133.333333333336
344,53133.333333333336
343,53133.333333333336
337,53133.333333333336
305,53133.333333333336
302,53133.333333333336
301,53133.333333333336
293,53133.333333333336
281,53133.333333333336
345,53150.0
344,53150.0
343,53150.0
337,53150.0
305,53150.0
302,53150.0
301,53150.0
293,53150.0
281,53150.0
345,53166.666666666664
344,53166.666666666664
343,53166.666666666664
337,53166.666666666664
305,53166.666666666664
302,53166.666666666664
301,53166.666666666664
293,53166.666666666664
281,53166.666666666664
345,53183.33333333333
344,53183.33333333333
343,53183.33333333333
337,53183.33333333333
305,53183.33333333333
302,53183.33333333333
301,53183.33333333333
293,53183.33333333333
281,53183.33333333333
345,53199.99999999999
344,53199.99999999999
343,53199.99999999999
305,53199.99999999999
302,53199.99999999999
301,53199.99999999999
293,53199.99999999999
281,53199.99999999999
345,53216.66666666667
344,53216.66666666667
343,53216.66666666667
333,53216.66666666667
305,53216.66666666667
302,53216.66666666667
301,53216.66666666667
293,53216.66666666667
281,53216.66666666667
345,53233.333333333336
343,53233.333333333336
333,53233.333333333336
305,53233.333333333336
302,53233.333333333336
301,53233.333333333336
293,53233.333333333336
281,53233.333333333336
345,53250.0
343,53250.0
333,53250.0
305,53250.0
302,53250.0
301,53250.0
293,53250.0
281,53250.0
345,53266.666666666664
343,53266.666666666664
333,53266.666666666664
305,53266.666666666664
302,53266.666666666664
301,53266.666666666664
293,53266.666666666664
281,53266.666666666664
345,53283.33333333333
343,53283.33333333333
333,53283.33333333333
305,53283.33333333333
302,53283.33333333333
301,53283.33333333333
293,53283.33333333333
281,53283.33333333333
345,53300.0
343,53300.0
337,53300.0
333,53300.0
305,53300.0
302,53300.0
301,53300.0
293,53300.0
281,53300.0
345,53316.666666666664
343,53316.666666666664
337,53316.666666666664
333,53316.666666666664
305,53316.666666666664
302,53316.666666666664
301,53316.666666666664
293,53316.666666666664
281,53316.666666666664
345,53333.333333333336
343,53333.333333333336
337,53333.333333333336
333,53333.333333333336
305,53333.333333333336
302,53333.333333333336
301,53333.333333333336
293,53333.333333333336
281,53333.333333333336
345,53350.0
343,53350.0
337,53350.0
333,53350.0
305,53350.0
302,53350.0
301,53350.0
293,53350.0
281,53350.0
345,53366.666666666664
343,53366.666666666664
337,53366.666666666664
333,53366.666666666664
305,53366.666666666664
302,53366.666666666664
301,53366.666666666664
293,53366.666666666664
281,53366.666666666664
345,53383.333333333336
343,53383.333333333336
337,53383.333333333336
333,53383.333333333336
305,53383.333333333336
302,53383.333333333336
301,53383.333333333336
293,53383.333333333336
281,53383.333333333336
345,53400.0
343,53400.0
337,53400.0
333,53400.0
305,53400.0
302,53400.0
301,53400.0
293,53400.0
281,53400.0
345,53416.666666666664
343,53416.666666666664
339,53416.666666666664
337,53416.666666666664
333,53416.666666666664
305,53416.666666666664
302,53416.666666666664
301,53416.666666666664
293,53416.666666666664
281,53416.666666666664
346,53433.33333333333
345,53433.33333333333
343,53433.33333333333
339,53433.33333333333
337,53433.33333333333
333,53433.33333333333
305,53433.33333333333
302,53433.33333333333
301,53433.33333333333
293,53433.33333333333
281,53433.33333333333
346,53449.99999999999
345,53449.99999999999
343,53449.99999999999
339,53449.99999999999
333,53449.99999999999
305,53449.99999999999
302,53449.99999999999
301,53449.99999999999
293,53449.99999999999
281,53449.99999999999
346,53466.66666666667
345,53466.66666666667
343,53466.66666666667
339,53466.66666666667
333,53466.66666666667
305,53466.66666666667
302,53466.66666666667
301,53466.66666666667
293,53466.66666666667
281,53466.66666666667
346,53483.333333333336
345,53483.333333333336
343,53483.333333333336
339,53483.333333333336
333,53483.333333333336
305,53483.333333333336
302,53483.333333333336
301,53483.333333333336
293,53483.333333333336
281,53483.333333333336
345,53500.0
343,53500.0
339,53500.0
333,53500.0
305,53500.0
302,53500.0
301,53500.0
293,53500.0
281,53500.0
345,53516.666666666664
343,53516.666666666664
339,53516.666666666664
333,53516.666666666664
305,53516.666666666664
302,53516.666666666664
301,53516.666666666664
293,53516.666666666664
281,53516.666666666664
345,53533.33333333333
343,53533.33333333333
339,53533.33333333333
333,53533.33333333333
305,53533.33333333333
302,53533.33333333333
301,53533.33333333333
293,53533.33333333333
281,53533.33333333333
346,53550.0
345,53550.0
343,53550.0
339,53550.0
333,53550.0
305,53550.0
302,53550.0
301,53550.0
293,53550.0
281,53550.0
346,53566.666666666664
345,53566.666666666664
343,53566.666666666664
339,53566.666666666664
333,53566.666666666664
305,53566.666666666664
302,53566.666666666664
301,53566.666666666664
281,53566.666666666664
346,53583.333333333336
345,53583.333333333336
343,53583.333333333336
339,53583.333333333336
333,53583.333333333336
305,53583.333333333336
302,53583.333333333336
301,53583.333333333336
281,53583.333333333336
346,53600.0
345,53600.0
343,53600.0
339,53600.0
333,53600.0
305,53600.0
302,53600.0
301,53600.0
281,53600.0
347,53616.666666666664
346,53616.666666666664
345,53616.666666666664
343,53616.666666666664
339,53616.666666666664
333,53616.666666666664
305,53616.666666666664
302,53616.666666666664
301,53616.666666666664
281,53616.666666666664
347,53633.333333333336
346,53633.333333333336
345,53633.333333333336
343,53633.333333333336
339,53633.333333333336
333,53633.333333333336
305,53633.333333333336
302,53633.333333333336
301,53633.333333333336
281,53633.333333333336
346,53650.0
345,53650.0
343,53650.0
339,53650.0
333,53650.0
305,53650.0
302,53650.0
301,53650.0
281,53650.0
346,53666.666666666664
345,53666.666666666664
343,53666.666666666664
339,53666.666666666664
333,53666.666666666664
305,53666.666666666664
302,53666.666666666664
301,53666.666666666664
281,53666.666666666664
346,53683.33333333333
345,53683.33333333333
343,53683.33333333333
339,53683.33333333333
333,53683.33333333333
305,53683.33333333333
302,53683.33333333333
301,53683.33333333333
281,53683.33333333333
346,53699.99999999999
345,53699.99999999999
343,53699.99999999999
339,53699.99999999999
305,53699.99999999999
302,53699.99999999999
301,53699.99999999999
281,53699.99999999999
346,53716.66666666667
345,53716.66666666667
343,53716.66666666667
339,53716.66666666667
305,53716.66666666667
302,53716.66666666667
301,53716.66666666667
281,53716.66666666667
346,53733.333333333336
345,53733.333333333336
344,53733.333333333336
343,53733.333333333336
339,53733.333333333336
305,53733.333333333336
302,53733.333333333336
301,53733.333333333336
281,53733.333333333336
345,53750.0
344,53750.0
343,53750.0
339,53750.0
305,53750.0
302,53750.0
301,53750.0
281,53750.0
347,53766.666666666664
345,53766.666666666664
344,53766.666666666664
343,53766.666666666664
339,53766.666666666664
305,53766.666666666664
302,53766.666666666664
301,53766.666666666664
281,53766.666666666664
347,53783.33333333333
345,53783.33333333333
344,53783.33333333333
343,53783.33333333333
339,53783.33333333333
305,53783.33333333333
302,53783.33333333333
301,53783.33333333333
281,53783.33333333333
346,53800.0
345,53800.0
344,53800.0
343,53800.0
339,53800.0
305,53800.0
302,53800.0
301,53800.0
281,53800.0
346,53816.666666666664
345,53816.666666666664
344,53816.666666666664
343,53816.666666666664
339,53816.666666666664
305,53816.666666666664
302,53816.666666666664
301,53816.666666666664
281,53816.666666666664
346,53833.333333333336
345,53833.333333333336
344,53833.333333333336
343,53833.333333333336
339,53833.333333333336
305,53833.333333333336
302,53833.333333333336
301,53833.333333333336
281,53833.333333333336
346,53850.0
345,53850.0
344,53850.0
343,53850.0
339,53850.0
305,53850.0
302,53850.0
301,53850.0
281,53850.0
346,53866.666666666664
345,53866.666666666664
344,53866.666666666664
343,53866.666666666664
339,53866.666666666664
305,53866.666666666664
302,53866.666666666664
301,53866.666666666664
281,53866.666666666664
346,53883.333333333336
345,53883.333333333336
344,53883.333333333336
343,53883.333333333336
339,53883.333333333336
305,53883.333333333336
302,53883.333333333336
301,53883.333333333336
281,53883.333333333336
346,53900.0
345,53900.0
344,53900.0
343,53900.0
339,53900.0
305,53900.0
302,53900.0
301,53900.0
281,53900.0
346,53916.666666666664
345,53916.666666666664
344,53916.666666666664
343,53916.666666666664
339,53916.666666666664
305,53916.666666666664
302,53916.666666666664
301,53916.666666666664
281,53916.666666666664
345,53933.33333333333
344,53933.33333333333
343,53933.33333333333
339,53933.33333333333
305,53933.33333333333
302,53933.33333333333
301,53933.33333333333
281,53933.33333333333
345,53949.99999999999
344,53949.99999999999
343,53949.99999999999
339,53949.99999999999
305,53949.99999999999
302,53949.99999999999
301,53949.99999999999
281,53949.99999999999
345,53966.66666666667
344,53966.66666666667
343,53966.66666666667
339,53966.66666666667
305,53966.66666666667
302,53966.66666666667
301,53966.66666666667
281,53966.66666666667
349,53983.333333333336
345,53983.333333333336
344,53983.333333333336
343,53983.333333333336
339,53983.333333333336
305,53983.333333333336
302,53983.333333333336
301,53983.333333333336
281,53983.333333333336
345,54000.0
344,54000.0
343,54000.0
339,54000.0
305,54000.0
302,54000.0
301,54000.0
281,54000.0
345,54016.666666666664
344,54016.666666666664
343,54016.666666666664
339,54016.666666666664
305,54016.666666666664
302,54016.666666666664
301,54016.666666666664
281,54016.666666666664
351,54033.33333333333
345,54033.33333333333
344,54033.33333333333
343,54033.33333333333
339,54033.33333333333
305,54033.33333333333
302,54033.33333333333
301,54033.33333333333
281,54033.33333333333
351,54050.0
345,54050.0
344,54050.0
343,54050.0
339,54050.0
305,54050.0
302,54050.0
301,54050.0
281,54050.0
351,54066.666666666664
345,54066.666666666664
344,54066.666666666664
343,54066.666666666664
339,54066.666666666664
305,54066.666666666664
302,54066.666666666664
301,54066.666666666664
281,54066.666666666664
351,54083.333333333336
345,54083.333333333336
344,54083.333333333336
343,54083.333333333336
339,54083.333333333336
305,54083.333333333336
302,54083.333333333336
301,54083.333333333336
281,54083.333333333336
351,54100.0
345,54100.0
344,54100.0
343,54100.0
339,54100.0
305,54100.0
302,54100.0
301,54100.0
281,54100.0
351,54116.666666666664
345,54116.666666666664
344,54116.666666666664
343,54116.666666666664
339,54116.666666666664
305,54116.666666666664
302,54116.666666666664
301,54116.666666666664
281,54116.666666666664
351,54133.333333333336
345,54133.333333333336
344,54133.333333333336
343,54133.333333333336
339,54133.333333333336
305,54133.333333333336
302,54133.333333333336
301,54133.333333333336
351,54150.0
345,54150.0
344,54150.0
343,54150.0
339,54150.0
305,54150.0
302,54150.0
301,54150.0
345,54166.666666666664
344,54166.666666666664
343,54166.666666666664
339,54166.666666666664
305,54166.666666666664
302,54166.666666666664
301,54166.666666666664
345,54183.33333333333
344,54183.33333333333
343,54183.33333333333
339,54183.33333333333
305,54183.33333333333
302,54183.33333333333
301,54183.33333333333
345,54199.99999999999
344,54199.99999999999
343,54199.99999999999
339,54199.99999999999
305,54199.99999999999
302,54199.99999999999
301,54199.99999999999
345,54216.66666666667
344,54216.66666666667
343,54216.66666666667
339,54216.66666666667
305,54216.66666666667
302,54216.66666666667
301,54216.66666666667
345,54233.333333333336
344,54233.333333333336
343,54233.333333333336
339,54233.333333333336
305,54233.333333333336
302,54233.333333333336
301,54233.333333333336
345,54250.0
344,54250.0
343,54250.0
339,54250.0
305,54250.0
302,54250.0
301,54250.0
345,54266.666666666664
344,54266.666666666664
343,54266.666666666664
339,54266.666666666664
305,54266.666666666664
302,54266.666666666664
301,54266.666666666664
345,54283.33333333333
344,54283.33333333333
343,54283.33333333333
339,54283.33333333333
305,54283.33333333333
302,54283.33333333333
301,54283.33333333333
345,54300.0
344,54300.0
343,54300.0
339,54300.0
305,54300.0
302,54300.0
301,54300.0
345,54316.666666666664
344,54316.666666666664
343,54316.666666666664
339,54316.666666666664
305,54316.666666666664
302,54316.666666666664
301,54316.666666666664
346,54333.333333333336
345,54333.333333333336
344,54333.333333333336
343,54333.333333333336
339,54333.333333333336
305,54333.333333333336
302,54333.333333333336
301,54333.333333333336
346,54350.0
345,54350.0
344,54350.0
343,54350.0
339,54350.0
305,54350.0
302,54350.0
301,54350.0
346,54366.666666666664
345,54366.666666666664
344,54366.666666666664
343,54366.666666666664
339,54366.666666666664
305,54366.666666666664
302,54366.666666666664
301,54366.666666666664
353,54383.333333333336
346,54383.333333333336
345,54383.333333333336
344,54383.333333333336
343,54383.333333333336
339,54383.333333333336
305,54383.333333333336
302,54383.333333333336
301,54383.333333333336
353,54400.0
346,54400.0
345,54400.0
344,54400.0
343,54400.0
339,54400.0
305,54400.0
302,54400.0
301,54400.0
353,54416.666666666664
346,54416.666666666664
345,54416.666666666664
344,54416.666666666664
343,54416.666666666664
339,54416.666666666664
305,54416.666666666664
302,54416.666666666664
301,54416.666666666664
353,54433.33333333333
346,54433.33333333333
345,54433.33333333333
344,54433.33333333333
343,54433.33333333333
339,54433.33333333333
305,54433.33333333333
302,54433.33333333333
301,54433.33333333333
353,54449.99999999999
345,54449.99999999999
344,54449.99999999999
343,54449.99999999999
339,54449.99999999999
305,54449.99999999999
302,54449.99999999999
301,54449.99999999999
353,54466.66666666667
345,54466.66666666667
344,54466.66666666667
343,54466.66666666667
339,54466.66666666667
305,54466.66666666667
302,54466.66666666667
301,54466.66666666667
353,54483.333333333336
345,54483.333333333336
344,54483.333333333336
343,54483.333333333336
339,54483.333333333336
305,54483.333333333336
302,54483.333333333336
301,54483.333333333336
346,54500.0
345,54500.0
344,54500.0
343,54500.0
339,54500.0
305,54500.0
302,54500.0
301,54500.0
345,54516.666666666664
344,54516.666666666664
343,54516.666666666664
339,54516.666666666664
305,54516.666666666664
302,54516.666666666664
301,54516.666666666664
345,54533.33333333333
344,54533.33333333333
343,54533.33333333333
339,54533.33333333333
305,54533.33333333333
302,54533.33333333333
301,54533.33333333333
345,54550.0
344,54550.0
343,54550.0
339,54550.0
305,54550.0
302,54550.0
301,54550.0
346,54566.666666666664
345,54566.666666666664
344,54566.666666666664
343,54566.666666666664
339,54566.666666666664
305,54566.666666666664
302,54566.666666666664
301,54566.666666666664
346,54583.333333333336
345,54583.333333333336
344,54583.333333333336
343,54583.333333333336
339,54583.333333333336
305,54583.333333333336
302,54583.333333333336
301,54583.333333333336
346,54600.0
345,54600.0
344,54600.0
343,54600.0
339,54600.0
305,54600.0
302,54600.0
301,54600.0
346,54616.666666666664
345,54616.666666666664
344,54616.666666666664
343,54616.666666666664
339,54616.666666666664
305,54616.666666666664
302,54616.666666666664
301,54616.666666666664
353,54633.333333333336
346,54633.333333333336
345,54633.333333333336
344,54633.333333333336
343,54633.333333333336
339,54633.333333333336
305,54633.333333333336
302,54633.333333333336
301,54633.333333333336
346,54650.0
345,54650.0
344,54650.0
343,54650.0
339,54650.0
305,54650.0
302,54650.0
301,54650.0
346,54666.666666666664
345,54666.666666666664
344,54666.666666666664
343,54666.666666666664
339,54666.666666666664
305,54666.666666666664
302,54666.666666666664
301,54666.666666666664
346,54683.33333333333
345,54683.33333333333
344,54683.33333333333
343,54683.33333333333
339,54683.33333333333
305,54683.33333333333
302,54683.33333333333
301,54683.33333333333
346,54699.99999999999
345,54699.99999999999
344,54699.99999999999
343,54699.99999999999
339,54699.99999999999
305,54699.99999999999
302,54699.99999999999
301,54699.99999999999
353,54716.66666666667
346,54716.66666666667
345,54716.66666666667
344,54716.66666666667
343,54716.66666666667
339,54716.66666666667
305,54716.66666666667
302,54716.66666666667
301,54716.66666666667
353,54733.333333333336
346,54733.333333333336
345,54733.333333333336
344,54733.333333333336
343,54733.333333333336
339,54733.333333333336
305,54733.333333333336
302,54733.333333333336
301,54733.333333333336
346,54750.0
345,54750.0
344,54750.0
343,54750.0
339,54750.0
305,54750.0
302,54750.0
301,54750.0
346,54766.666666666664
345,54766.666666666664
344,54766.666666666664
343,54766.666666666664
339,54766.666666666664
305,54766.666666666664
302,54766.666666666664
301,54766.666666666664
346,54783.33333333333
345,54783.33333333333
344,54783.33333333333
343,54783.33333333333
339,54783.33333333333
305,54783.33333333333
302,54783.33333333333
301,54783.33333333333
346,54800.0
345,54800.0
344,54800.0
343,54800.0
339,54800.0
305,54800.0
302,54800.0
301,54800.0
346,54816.666666666664
345,54816.666666666664
344,54816.666666666664
343,54816.666666666664
339,54816.666666666664
305,54816.666666666664
302,54816.666666666664
301,54816.666666666664
346,54833.333333333336
345,54833.333333333336
344,54833.333333333336
343,54833.333333333336
339,54833.333333333336
305,54833.333333333336
302,54833.333333333336
346,54850.0
345,54850.0
344,54850.0
343,54850.0
339,54850.0
305,54850.0
302,54850.0
346,54866.666666666664
345,54866.666666666664
344,54866.666666666664
343,54866.666666666664
339,54866.666666666664
305,54866.666666666664
302,54866.666666666664
346,54883.333333333336
345,54883.333333333336
344,54883.333333333336
343,54883.333333333336
339,54883.333333333336
305,54883.333333333336
302,54883.333333333336
346,54900.0
345,54900.0
344,54900.0
343,54900.0
339,54900.0
305,54900.0
302,54900.0
346,54916.666666666664
345,54916.666666666664
344,54916.666666666664
343,54916.666666666664
339,54916.666666666664
305,54916.666666666664
302,54916.666666666664
301,54916.666666666664
346,54933.33333333333
345,54933.33333333333
344,54933.33333333333
343,54933.33333333333
339,54933.33333333333
305,54933.33333333333
302,54933.33333333333
346,54949.99999999999
345,54949.99999999999
344,54949.99999999999
343,54949.99999999999
339,54949.99999999999
305,54949.99999999999
302,54949.99999999999
345,54966.66666666667
344,54966.66666666667
343,54966.66666666667
339,54966.66666666667
305,54966.66666666667
302,54966.66666666667
345,54983.333333333336
344,54983.333333333336
343,54983.333333333336
339,54983.333333333336
305,54983.333333333336
302,54983.333333333336
345,55000.0
344,55000.0
343,55000.0
339,55000.0
305,55000.0
302,55000.0
345,55016.666666666664
344,55016.666666666664
343,55016.666666666664
339,55016.666666666664
305,55016.666666666664
302,55016.666666666664
345,55033.33333333333
344,55033.33333333333
343,55033.33333333333
339,55033.33333333333
305,55033.33333333333
302,55033.33333333333
345,55050.0
344,55050.0
343,55050.0
339,55050.0
305,55050.0
302,55050.0
345,55066.666666666664
344,55066.666666666664
343,55066.666666666664
339,55066.666666666664
305,55066.666666666664
302,55066.666666666664
345,55083.333333333336
344,55083.333333333336
343,55083.333333333336
339,55083.333333333336
305,55083.333333333336
302,55083.333333333336
345,55100.0
344,55100.0
343,55100.0
339,55100.0
305,55100.0
302,55100.0
345,55116.666666666664
344,55116.666666666664
343,55116.666666666664
339,55116.666666666664
305,55116.666666666664
302,55116.666666666664
345,55133.333333333336
344,55133.333333333336
343,55133.333333333336
339,55133.333333333336
305,55133.333333333336
302,55133.333333333336
345,55150.0
344,55150.0
343,55150.0
339,55150.0
305,55150.0
302,55150.0
345,55166.666666666664
344,55166.666666666664
343,55166.666666666664
339,55166.666666666664
305,55166.666666666664
302,55166.666666666664
345,55183.33333333333
344,55183.33333333333
343,55183.33333333333
339,55183.33333333333
305,55183.33333333333
302,55183.33333333333
346,55199.99999999999
345,55199.99999999999
344,55199.99999999999
343,55199.99999999999
339,55199.99999999999
305,55199.99999999999
302,55199.99999999999
346,55216.66666666667
345,55216.66666666667
344,55216.66666666667
343,55216.66666666667
339,55216.66666666667
305,55216.66666666667
302,55216.66666666667
345,55233.333333333336
344,55233.333333333336
343,55233.333333333336
339,55233.333333333336
305,55233.333333333336
302,55233.333333333336
345,55250.0
344,55250.0
343,55250.0
339,55250.0
305,55250.0
302,55250.0
345,55266.666666666664
344,55266.666666666664
343,55266.666666666664
339,55266.666666666664
305,55266.666666666664
302,55266.666666666664
345,55283.33333333333
344,55283.33333333333
343,55283.33333333333
339,55283.33333333333
305,55283.33333333333
302,55283.33333333333
345,55300.0
344,55300.0
343,55300.0
339,55300.0
305,55300.0
302,55300.0
345,55316.666666666664
344,55316.666666666664
343,55316.666666666664
339,55316.666666666664
305,55316.666666666664
302,55316.666666666664
345,55333.333333333336
344,55333.333333333336
343,55333.333333333336
339,55333.333333333336
305,55333.333333333336
302,55333.333333333336
345,55350.0
344,55350.0
343,55350.0
339,55350.0
305,55350.0
302,55350.0
345,55366.666666666664
344,55366.666666666664
343,55366.666666666664
339,55366.666666666664
305,55366.666666666664
302,55366.666666666664
345,55383.333333333336
344,55383.333333333336
343,55383.333333333336
339,55383.333333333336
305,55383.333333333336
302,55383.333333333336
345,55400.0
344,55400.0
343,55400.0
339,55400.0
305,55400.0
302,55400.0
345,55416.666666666664
344,55416.666666666664
343,55416.666666666664
339,55416.666666666664
305,55416.666666666664
302,55416.666666666664
345,55433.33333333333
344,55433.33333333333
343,55433.33333333333
339,55433.33333333333
305,55433.33333333333
302,55433.33333333333
345,55449.99999999999
344,55449.99999999999
343,55449.99999999999
339,55449.99999999999
305,55449.99999999999
302,55449.99999999999
345,55466.66666666667
344,55466.66666666667
343,55466.66666666667
339,55466.66666666667
305,55466.66666666667
302,55466.66666666667
345,55483.333333333336
344,55483.333333333336
343,55483.333333333336
339,55483.333333333336
305,55483.333333333336
302,55483.333333333336
345,55500.0
344,55500.0
343,55500.0
339,55500.0
305,55500.0
302,55500.0
345,55516.666666666664
344,55516.666666666664
343,55516.666666666664
339,55516.666666666664
305,55516.666666666664
302,55516.666666666664
357,55533.33333333333
345,55533.33333333333
344,55533.33333333333
343,55533.33333333333
339,55533.33333333333
305,55533.33333333333
302,55533.33333333333
357,55550.0
345,55550.0
344,55550.0
343,55550.0
339,55550.0
305,55550.0
302,55550.0
357,55566.666666666664
345,55566.666666666664
344,55566.666666666664
343,55566.666666666664
339,55566.666666666664
305,55566.666666666664
302,55566.666666666664
357,55583.333333333336
345,55583.333333333336
344,55583.333333333336
343,55583.333333333336
339,55583.333333333336
305,55583.333333333336
302,55583.333333333336
357,55600.0
345,55600.0
344,55600.0
343,55600.0
339,55600.0
305,55600.0
302,55600.0
357,55616.666666666664
345,55616.666666666664
344,55616.666666666664
343,55616.666666666664
339,55616.666666666664
305,55616.666666666664
302,55616.666666666664
357,55633.333333333336
345,55633.333333333336
344,55633.333333333336
343,55633.333333333336
339,55633.333333333336
305,55633.333333333336
302,55633.333333333336
357,55650.0
345,55650.0
344,55650.0
343,55650.0
339,55650.0
305,55650.0
302,55650.0
357,55666.666666666664
345,55666.666666666664
344,55666.666666666664
343,55666.666666666664
339,55666.666666666664
305,55666.666666666664
302,55666.666666666664
357,55683.33333333333
345,55683.33333333333
344,55683.33333333333
343,55683.33333333333
339,55683.33333333333
305,55683.33333333333
302,55683.33333333333
357,55699.99999999999
345,55699.99999999999
344,55699.99999999999
343,55699.99999999999
339,55699.99999999999
305,55699.99999999999
302,55699.99999999999
357,55716.66666666667
345,55716.66666666667
344,55716.66666666667
343,55716.66666666667
339,55716.66666666667
305,55716.66666666667
302,55716.66666666667
357,55733.333333333336
345,55733.333333333336
344,55733.333333333336
343,55733.333333333336
339,55733.333333333336
305,55733.333333333336
302,55733.333333333336
357,55750.0
345,55750.0
344,55750.0
343,55750.0
339,55750.0
305,55750.0
302,55750.0
357,55766.666666666664
345,55766.666666666664
344,55766.666666666664
343,55766.666666666664
339,55766.666666666664
305,55766.666666666664
302,55766.666666666664
357,55783.33333333333
345,55783.33333333333
344,55783.33333333333
343,55783.33333333333
339,55783.33333333333
305,55783.33333333333
302,55783.33333333333
357,55800.0
345,55800.0
344,55800.0
343,55800.0
339,55800.0
305,55800.0
302,55800.0
357,55816.666666666664
345,55816.666666666664
344,55816.666666666664
343,55816.666666666664
339,55816.666666666664
305,55816.666666666664
302,55816.666666666664
357,55833.333333333336
345,55833.333333333336
344,55833.333333333336
343,55833.333333333336
339,55833.333333333336
305,55833.333333333336
302,55833.333333333336
357,55850.0
345,55850.0
344,55850.0
343,55850.0
339,55850.0
305,55850.0
302,55850.0
357,55866.666666666664
345,55866.666666666664
344,55866.666666666664
343,55866.666666666664
339,55866.666666666664
305,55866.666666666664
302,55866.666666666664
357,55883.333333333336
345,55883.333333333336
344,55883.333333333336
343,55883.333333333336
339,55883.333333333336
305,55883.333333333336
302,55883.333333333336
363,55900.0
357,55900.0
345,55900.0
344,55900.0
343,55900.0
339,55900.0
305,55900.0
302,55900.0
363,55916.666666666664
357,55916.666666666664
345,55916.666666666664
344,55916.666666666664
343,55916.666666666664
339,55916.666666666664
305,55916.666666666664
302,55916.666666666664
363,55933.33333333333
357,55933.33333333333
345,55933.33333333333
344,55933.33333333333
343,55933.33333333333
339,55933.33333333333
305,55933.33333333333
302,55933.33333333333
363,55949.99999999999
357,55949.99999999999
345,55949.99999999999
344,55949.99999999999
343,55949.99999999999
339,55949.99999999999
305,55949.99999999999
302,55949.99999999999
363,55966.66666666667
362,55966.66666666667
345,55966.66666666667
344,55966.66666666667
343,55966.66666666667
339,55966.66666666667
302,55966.66666666667
362,55983.333333333336
345,55983.333333333336
344,55983.333333333336
343,55983.333333333336
339,55983.333333333336
302,55983.333333333336
362,56000.0
345,56000.0
344,56000.0
343,56000.0
339,56000.0
302,56000.0
362,56016.666666666664
357,56016.666666666664
345,56016.666666666664
344,56016.666666666664
343,56016.666666666664
339,56016.666666666664
305,56016.666666666664
302,56016.666666666664
362,56033.33333333333
357,56033.33333333333
345,56033.33333333333
344,56033.33333333333
343,56033.33333333333
339,56033.33333333333
305,56033.33333333333
302,56033.33333333333
364,56050.0
362,56050.0
357,56050.0
345,56050.0
344,56050.0
343,56050.0
339,56050.0
305,56050.0
302,56050.0
362,56066.666666666664
357,56066.666666666664
345,56066.666666666664
344,56066.666666666664
343,56066.666666666664
339,56066.666666666664
305,56066.666666666664
302,56066.666666666664
362,56083.333333333336
357,56083.333333333336
345,56083.333333333336
344,56083.333333333336
343,56083.333333333336
339,56083.333333333336
305,56083.333333333336
302,56083.333333333336
362,56100.0
357,56100.0
345,56100.0
344,56100.0
343,56100.0
339,56100.0
302,56100.0
362,56116.666666666664
357,56116.666666666664
345,56116.666666666664
344,56116.666666666664
343,56116.666666666664
339,56116.666666666664
302,56116.666666666664
362,56133.333333333336
357,56133.333333333336
345,56133.333333333336
344,56133.333333333336
343,56133.333333333336
339,56133.333333333336
302,56133.333333333336
362,56150.0
357,56150.0
345,56150.0
344,56150.0
343,56150.0
339,56150.0
305,56150.0
302,56150.0
362,56166.666666666664
357,56166.666666666664
345,56166.666666666664
344,56166.666666666664
343,56166.666666666664
339,56166.666666666664
305,56166.666666666664
302,56166.666666666664
362,56183.33333333333
357,56183.33333333333
345,56183.33333333333
344,56183.33333333333
343,56183.33333333333
339,56183.33333333333
302,56183.33333333333
362,56199.99999999999
357,56199.99999999999
345,56199.99999999999
344,56199.99999999999
343,56199.99999999999
339,56199.99999999999
302,56199.99999999999
363,56216.66666666667
362,56216.66666666667
345,56216.66666666667
344,56216.66666666667
343,56216.66666666667
339,56216.66666666667
302,56216.66666666667
363,56233.333333333336
362,56233.333333333336
345,56233.333333333336
344,56233.333333333336
343,56233.333333333336
339,56233.333333333336
302,56233.333333333336
363,56250.0
362,56250.0
345,56250.0
344,56250.0
343,56250.0
339,56250.0
302,56250.0
363,56266.666666666664
362,56266.666666666664
345,56266.666666666664
344,56266.666666666664
343,56266.666666666664
339,56266.666666666664
302,56266.666666666664
363,56283.33333333333
362,56283.33333333333
345,56283.33333333333
344,56283.33333333333
343,56283.33333333333
339,56283.33333333333
302,56283.33333333333
363,56300.0
362,56300.0
345,56300.0
344,56300.0
343,56300.0
339,56300.0
302,56300.0
363,56316.666666666664
362,56316.666666666664
357,56316.666666666664
345,56316.666666666664
344,56316.666666666664
343,56316.666666666664
339,56316.666666666664
302,56316.666666666664
363,56333.333333333336
362,56333.333333333336
357,56333.333333333336
345,56333.333333333336
344,56333.333333333336
343,56333.333333333336
339,56333.333333333336
302,56333.333333333336
363,56350.0
362,56350.0
357,56350.0
345,56350.0
344,56350.0
343,56350.0
339,56350.0
302,56350.0
363,56366.666666666664
362,56366.666666666664
345,56366.666666666664
344,56366.666666666664
343,56366.666666666664
339,56366.666666666664
302,56366.666666666664
363,56383.333333333336
362,56383.333333333336
345,56383.333333333336
344,56383.333333333336
343,56383.333333333336
339,56383.333333333336
302,56383.333333333336
362,56400.0
345,56400.0
344,56400.0
343,56400.0
339,56400.0
302,56400.0
362,56416.666666666664
345,56416.666666666664
344,56416.666666666664
343,56416.666666666664
339,56416.666666666664
302,56416.666666666664
362,56433.33333333333
357,56433.33333333333
345,56433.33333333333
344,56433.33333333333
343,56433.33333333333
339,56433.33333333333
302,56433.33333333333
362,56449.99999999999
357,56449.99999999999
345,56449.99999999999
344,56449.99999999999
343,56449.99999999999
339,56449.99999999999
302,56449.99999999999
362,56466.66666666667
357,56466.66666666667
345,56466.66666666667
344,56466.66666666667
343,56466.66666666667
339,56466.66666666667
302,56466.66666666667
362,56483.333333333336
357,56483.333333333336
345,56483.333333333336
344,56483.333333333336
343,56483.333333333336
339,56483.333333333336
302,56483.333333333336
362,56500.0
361,56500.0
357,56500.0
345,56500.0
344,56500.0
343,56500.0
339,56500.0
302,56500.0
365,56516.666666666664
362,56516.666666666664
361,56516.666666666664
357,56516.666666666664
345,56516.666666666664
344,56516.666666666664
343,56516.666666666664
339,56516.666666666664
302,56516.666666666664
362,56533.33333333333
357,56533.33333333333
345,56533.33333333333
344,56533.33333333333
343,56533.33333333333
339,56533.33333333333
302,56533.33333333333
362,56550.0
357,56550.0
345,56550.0
344,56550.0
343,56550.0
339,56550.0
302,56550.0
362,56566.666666666664
357,56566.666666666664
345,56566.666666666664
344,56566.666666666664
343,56566.666666666664
339,56566.666666666664
302,56566.666666666664
362,56583.333333333336
357,56583.333333333336
345,56583.333333333336
344,56583.333333333336
343,56583.333333333336
339,56583.333333333336
302,56583.333333333336
369,56600.0
362,56600.0
357,56600.0
345,56600.0
344,56600.0
343,56600.0
339,56600.0
302,56600.0
371,56616.666666666664
369,56616.666666666664
362,56616.666666666664
361,56616.666666666664
357,56616.666666666664
345,56616.666666666664
344,56616.666666666664
343,56616.666666666664
339,56616.666666666664
302,56616.666666666664
369,56633.333333333336
362,56633.333333333336
361,56633.333333333336
357,56633.333333333336
345,56633.333333333336
344,56633.333333333336
343,56633.333333333336
339,56633.333333333336
302,56633.333333333336
369,56650.0
361,56650.0
357,56650.0
345,56650.0
344,56650.0
343,56650.0
339,56650.0
302,56650.0
369,56666.666666666664
361,56666.666666666664
357,56666.666666666664
345,56666.666666666664
344,56666.666666666664
343,56666.666666666664
339,56666.666666666664
302,56666.666666666664
369,56683.33333333333
361,56683.33333333333
357,56683.33333333333
345,56683.33333333333
344,56683.33333333333
343,56683.33333333333
339,56683.33333333333
302,56683.33333333333
369,56699.99999999999
362,56699.99999999999
361,56699.99999999999
357,56699.99999999999
345,56699.99999999999
344,56699.99999999999
343,56699.99999999999
339,56699.99999999999
302,56699.99999999999
369,56716.66666666667
362,56716.66666666667
361,56716.66666666667
357,56716.66666666667
345,56716.66666666667
344,56716.66666666667
343,56716.66666666667
339,56716.66666666667
302,56716.66666666667
369,56733.333333333336
362,56733.333333333336
357,56733.333333333336
345,56733.333333333336
344,56733.333333333336
343,56733.333333333336
339,56733.333333333336
302,56733.333333333336
362,56750.0
357,56750.0
345,56750.0
344,56750.0
343,56750.0
339,56750.0
302,56750.0
362,56766.666666666664
357,56766.666666666664
345,56766.666666666664
344,56766.666666666664
343,56766.666666666664
339,56766.666666666664
302,56766.666666666664
362,56783.33333333333
345,56783.33333333333
344,56783.33333333333
343,56783.33333333333
339,56783.33333333333
302,56783.33333333333
362,56800.0
345,56800.0
344,56800.0
343,56800.0
339,56800.0
302,56800.0
362,56816.666666666664
345,56816.666666666664
344,56816.666666666664
343,56816.666666666664
339,56816.666666666664
302,56816.666666666664
362,56833.333333333336
345,56833.333333333336
344,56833.333333333336
343,56833.333333333336
339,56833.333333333336
302,56833.333333333336
365,56850.0
362,56850.0
345,56850.0
344,56850.0
343,56850.0
339,56850.0
302,56850.0
362,56866.666666666664
357,56866.666666666664
345,56866.666666666664
344,56866.666666666664
343,56866.666666666664
339,56866.666666666664
302,56866.666666666664
362,56883.333333333336
357,56883.333333333336
345,56883.333333333336
344,56883.333333333336
343,56883.333333333336
339,56883.333333333336
302,56883.333333333336
362,56900.0
357,56900.0
345,56900.0
344,56900.0
343,56900.0
339,56900.0
302,56900.0
362,56916.666666666664
357,56916.666666666664
345,56916.666666666664
344,56916.666666666664
343,56916.666666666664
339,56916.666666666664
302,56916.666666666664
357,56933.33333333333
345,56933.33333333333
344,56933.33333333333
343,56933.33333333333
339,56933.33333333333
302,56933.33333333333
357,56949.99999999999
345,56949.99999999999
344,56949.99999999999
343,56949.99999999999
339,56949.99999999999
302,56949.99999999999
357,56966.66666666667
345,56966.66666666667
344,56966.66666666667
343,56966.66666666667
339,56966.66666666667
302,56966.66666666667
357,56983.333333333336
345,56983.333333333336
344,56983.333333333336
343,56983.333333333336
339,56983.333333333336
357,57000.0
345,57000.0
344,57000.0
343,57000.0
339,57000.0
357,57016.666666666664
345,57016.666666666664
344,57016.666666666664
343,57016.666666666664
339,57016.666666666664
369,57033.33333333333
362,57033.33333333333
357,57033.33333333333
345,57033.33333333333
344,57033.33333333333
343,57033.33333333333
339,57033.33333333333
369,57050.0
362,57050.0
357,57050.0
345,57050.0
344,57050.0
343,57050.0
339,57050.0
362,57066.666666666664
357,57066.666666666664
345,57066.666666666664
344,57066.666666666664
343,57066.666666666664
339,57066.666666666664
362,57083.333333333336
357,57083.333333333336
345,57083.333333333336
344,57083.333333333336
343,57083.333333333336
339,57083.333333333336
357,57100.0
345,57100.0
344,57100.0
343,57100.0
339,57100.0
357,57116.666666666664
345,57116.666666666664
344,57116.666666666664
343,57116.666666666664
339,57116.666666666664
373,57133.333333333336
369,57133.333333333336
357,57133.333333333336
345,57133.333333333336
344,57133.333333333336
343,57133.333333333336
339,57133.333333333336
357,57150.0
345,57150.0
344,57150.0
343,57150.0
339,57150.0
374,57166.666666666664
357,57166.666666666664
345,57166.666666666664
344,57166.666666666664
343,57166.666666666664
339,57166.666666666664
374,57183.33333333333
357,57183.33333333333
345,57183.33333333333
344,57183.33333333333
343,57183.33333333333
339,57183.33333333333
374,57199.99999999999
357,57199.99999999999
345,57199.99999999999
344,57199.99999999999
343,57199.99999999999
339,57199.99999999999
376,57216.66666666667
374,57216.66666666667
357,57216.66666666667
345,57216.66666666667
344,57216.66666666667
343,57216.66666666667
339,57216.66666666667
374,57233.333333333336
357,57233.333333333336
345,57233.333333333336
344,57233.333333333336
343,57233.333333333336
339,57233.333333333336
374,57250.0
357,57250.0
345,57250.0
344,57250.0
343,57250.0
339,57250.0
374,57266.666666666664
357,57266.666666666664
345,57266.666666666664
344,57266.666666666664
343,57266.666666666664
339,57266.666666666664
374,57283.33333333333
357,57283.33333333333
345,57283.33333333333
344,57283.33333333333
343,57283.33333333333
339,57283.33333333333
374,57300.0
362,57300.0
357,57300.0
345,57300.0
344,57300.0
343,57300.0
339,57300.0
376,57316.666666666664
374,57316.666666666664
357,57316.666666666664
345,57316.666666666664
344,57316.666666666664
343,57316.666666666664
339,57316.666666666664
376,57333.333333333336
374,57333.333333333336
357,57333.333333333336
345,57333.333333333336
344,57333.333333333336
343,57333.333333333336
339,57333.333333333336
376,57350.0
374,57350.0
357,57350.0
345,57350.0
344,57350.0
343,57350.0
339,57350.0
376,57366.666666666664
374,57366.666666666664
373,57366.666666666664
357,57366.666666666664
345,57366.666666666664
344,57366.666666666664
343,57366.666666666664
339,57366.666666666664
376,57383.333333333336
374,57383.333333333336
373,57383.333333333336
357,57383.333333333336
345,57383.333333333336
344,57383.333333333336
343,57383.333333333336
339,57383.333333333336
376,57400.0
373,57400.0
357,57400.0
345,57400.0
344,57400.0
343,57400.0
339,57400.0
376,57416.666666666664
373,57416.666666666664
362,57416.666666666664
357,57416.666666666664
345,57416.666666666664
344,57416.666666666664
343,57416.666666666664
339,57416.666666666664
376,57433.33333333333
373,57433.33333333333
357,57433.33333333333
345,57433.33333333333
344,57433.33333333333
343,57433.33333333333
339,57433.33333333333
376,57449.99999999999
373,57449.99999999999
357,57449.99999999999
345,57449.99999999999
344,57449.99999999999
343,57449.99999999999
339,57449.99999999999
376,57466.66666666667
373,57466.66666666667
357,57466.66666666667
345,57466.66666666667
344,57466.66666666667
343,57466.66666666667
339,57466.66666666667
373,57483.333333333336
357,57483.333333333336
345,57483.333333333336
344,57483.333333333336
343,57483.333333333336
339,57483.333333333336
377,57500.0
373,57500.0
362,57500.0
357,57500.0
345,57500.0
344,57500.0
343,57500.0
339,57500.0
377,57516.666666666664
373,57516.666666666664
362,57516.666666666664
357,57516.666666666664
345,57516.666666666664
344,57516.666666666664
343,57516.666666666664
339,57516.666666666664
376,57533.33333333333
373,57533.33333333333
362,57533.33333333333
357,57533.33333333333
345,57533.33333333333
344,57533.33333333333
343,57533.33333333333
339,57533.33333333333
376,57550.0
373,57550.0
362,57550.0
357,57550.0
345,57550.0
344,57550.0
343,57550.0
339,57550.0
373,57566.666666666664
362,57566.666666666664
357,57566.666666666664
345,57566.666666666664
344,57566.666666666664
343,57566.666666666664
339,57566.666666666664
377,57583.333333333336
373,57583.333333333336
362,57583.333333333336
357,57583.333333333336
345,57583.333333333336
344,57583.333333333336
343,57583.333333333336
339,57583.333333333336
377,57600.0
373,57600.0
362,57600.0
357,57600.0
345,57600.0
344,57600.0
343,57600.0
339,57600.0
377,57616.666666666664
373,57616.666666666664
362,57616.666666666664
357,57616.666666666664
345,57616.666666666664
344,57616.666666666664
343,57616.666666666664
339,57616.666666666664
377,57633.333333333336
373,57633.333333333336
362,57633.333333333336
357,57633.333333333336
345,57633.333333333336
344,57633.333333333336
343,57633.333333333336
339,57633.333333333336
377,57650.0
373,57650.0
362,57650.0
357,57650.0
345,57650.0
344,57650.0
343,57650.0
339,57650.0
377,57666.666666666664
373,57666.666666666664
362,57666.666666666664
357,57666.666666666664
345,57666.666666666664
344,57666.666666666664
343,57666.666666666664
339,57666.666666666664
377,57683.33333333333
373,57683.33333333333
362,57683.33333333333
357,57683.33333333333
345,57683.33333333333
344,57683.33333333333
343,57683.33333333333
339,57683.33333333333
377,57699.99999999999
373,57699.99999999999
362,57699.99999999999
357,57699.99999999999
345,57699.99999999999
344,57699.99999999999
343,57699.99999999999
339,57699.99999999999
377,57716.66666666667
373,57716.66666666667
362,57716.66666666667
357,57716.66666666667
345,57716.66666666667
344,57716.66666666667
343,57716.66666666667
339,57716.66666666667
377,57733.333333333336
373,57733.333333333336
357,57733.333333333336
345,57733.333333333336
344,57733.333333333336
343,57733.333333333336
339,57733.333333333336
373,57750.0
357,57750.0
345,57750.0
344,57750.0
343,57750.0
339,57750.0
373,57766.666666666664
357,57766.666666666664
345,57766.666666666664
344,57766.666666666664
343,57766.666666666664
339,57766.666666666664
373,57783.33333333333
357,57783.33333333333
345,57783.33333333333
344,57783.33333333333
343,57783.33333333333
339,57783.33333333333
373,57800.0
357,57800.0
345,57800.0
344,57800.0
343,57800.0
339,57800.0
373,57816.666666666664
357,57816.666666666664
345,57816.666666666664
344,57816.666666666664
343,57816.666666666664
339,57816.666666666664
377,57833.333333333336
373,57833.333333333336
357,57833.333333333336
345,57833.333333333336
344,57833.333333333336
343,57833.333333333336
339,57833.333333333336
373,57850.0
357,57850.0
345,57850.0
344,57850.0
343,57850.0
339,57850.0
373,57866.666666666664
357,57866.666666666664
345,57866.666666666664
344,57866.666666666664
343,57866.666666666664
339,57866.666666666664
373,57883.333333333336
357,57883.333333333336
345,57883.333333333336
344,57883.333333333336
343,57883.333333333336
339,57883.333333333336
373,57900.0
362,57900.0
357,57900.0
345,57900.0
344,57900.0
343,57900.0
339,57900.0
377,57916.666666666664
373,57916.666666666664
362,57916.666666666664
357,57916.666666666664
345,57916.666666666664
344,57916.666666666664
343,57916.666666666664
339,57916.666666666664
373,57933.33333333333
362,57933.33333333333
357,57933.33333333333
345,57933.33333333333
344,57933.33333333333
343,57933.33333333333
339,57933.33333333333
373,57949.99999999999
362,57949.99999999999
357,57949.99999999999
345,57949.99999999999
344,57949.99999999999
343,57949.99999999999
339,57949.99999999999
373,57966.66666666667
362,57966.66666666667
357,57966.66666666667
345,57966.66666666667
344,57966.66666666667
343,57966.66666666667
339,57966.66666666667
373,57983.333333333336
362,57983.333333333336
357,57983.333333333336
345,57983.333333333336
344,57983.333333333336
343,57983.333333333336
339,57983.333333333336
373,58000.0
362,58000.0
357,58000.0
345,58000.0
344,58000.0
343,58000.0
339,58000.0
377,58016.666666666664
373,58016.666666666664
362,58016.666666666664
357,58016.666666666664
345,58016.666666666664
344,58016.666666666664
343,58016.666666666664
339,58016.666666666664
380,58033.33333333333
379,58033.33333333333
377,58033.33333333333
373,58033.33333333333
362,58033.33333333333
357,58033.33333333333
345,58033.33333333333
344,58033.33333333333
343,58033.33333333333
339,58033.33333333333
380,58050.0
379,58050.0
377,58050.0
373,58050.0
362,58050.0
357,58050.0
345,58050.0
344,58050.0
343,58050.0
339,58050.0
380,58066.666666666664
379,58066.666666666664
373,58066.666666666664
362,58066.666666666664
357,58066.666666666664
345,58066.666666666664
344,58066.666666666664
343,58066.666666666664
339,58066.666666666664
373,58083.333333333336
362,58083.333333333336
357,58083.333333333336
345,58083.333333333336
344,58083.333333333336
343,58083.333333333336
339,58083.333333333336
373,58100.0
362,58100.0
357,58100.0
345,58100.0
344,58100.0
343,58100.0
339,58100.0
377,58116.666666666664
373,58116.666666666664
362,58116.666666666664
357,58116.666666666664
345,58116.666666666664
344,58116.666666666664
343,58116.666666666664
339,58116.666666666664
377,58133.333333333336
373,58133.333333333336
362,58133.333333333336
357,58133.333333333336
345,58133.333333333336
344,58133.333333333336
343,58133.333333333336
339,58133.333333333336
377,58150.0
373,58150.0
362,58150.0
357,58150.0
345,58150.0
344,58150.0
343,58150.0
339,58150.0
377,58166.666666666664
373,58166.666666666664
362,58166.666666666664
357,58166.666666666664
345,58166.666666666664
344,58166.666666666664
343,58166.666666666664
339,58166.666666666664
377,58183.33333333333
373,58183.33333333333
362,58183.33333333333
357,58183.33333333333
345,58183.33333333333
344,58183.33333333333
343,58183.33333333333
339,58183.33333333333
379,58199.99999999999
377,58199.99999999999
373,58199.99999999999
362,58199.99999999999
357,58199.99999999999
345,58199.99999999999
344,58199.99999999999
343,58199.99999999999
339,58199.99999999999
379,58216.66666666667
377,58216.66666666667
373,58216.66666666667
362,58216.66666666667
357,58216.66666666667
345,58216.66666666667
344,58216.66666666667
343,58216.66666666667
339,58216.66666666667
377,58233.333333333336
373,58233.333333333336
357,58233.333333333336
345,58233.333333333336
344,58233.333333333336
343,58233.333333333336
339,58233.333333333336
377,58250.0
373,58250.0
357,58250.0
345,58250.0
344,58250.0
343,58250.0
339,58250.0
377,58266.666666666664
373,58266.666666666664
357,58266.666666666664
345,58266.666666666664
344,58266.666666666664
343,58266.666666666664
339,58266.666666666664
377,58283.33333333333
373,58283.33333333333
357,58283.33333333333
345,58283.33333333333
344,58283.33333333333
343,58283.33333333333
339,58283.33333333333
373,58300.0
357,58300.0
345,58300.0
344,58300.0
343,58300.0
339,58300.0
373,58316.666666666664
357,58316.666666666664
345,58316.666666666664
344,58316.666666666664
343,58316.666666666664
339,58316.666666666664
357,58333.333333333336
345,58333.333333333336
344,58333.333333333336
343,58333.333333333336
339,58333.333333333336
357,58350.0
345,58350.0
344,58350.0
343,58350.0
339,58350.0
357,58366.666666666664
345,58366.666666666664
344,58366.666666666664
343,58366.666666666664
339,58366.666666666664
377,58383.333333333336
362,58383.333333333336
357,58383.333333333336
345,58383.333333333336
344,58383.333333333336
343,58383.333333333336
339,58383.333333333336
377,58400.0
362,58400.0
357,58400.0
345,58400.0
344,58400.0
343,58400.0
339,58400.0
377,58416.666666666664
362,58416.666666666664
357,58416.666666666664
345,58416.666666666664
344,58416.666666666664
343,58416.666666666664
339,58416.666666666664
379,58433.33333333333
377,58433.33333333333
362,58433.33333333333
357,58433.33333333333
345,58433.33333333333
344,58433.33333333333
343,58433.33333333333
339,58433.33333333333
379,58449.99999999999
377,58449.99999999999
357,58449.99999999999
345,58449.99999999999
344,58449.99999999999
343,58449.99999999999
339,58449.99999999999
377,58466.66666666667
357,58466.66666666667
345,58466.66666666667
344,58466.66666666667
343,58466.66666666667
339,58466.66666666667
377,58483.333333333336
357,58483.333333333336
345,58483.333333333336
344,58483.333333333336
343,58483.333333333336
339,58483.333333333336
377,58500.0
357,58500.0
345,58500.0
344,58500.0
343,58500.0
339,58500.0
379,58516.666666666664
377,58516.666666666664
362,58516.666666666664
357,58516.666666666664
345,58516.666666666664
344,58516.666666666664
343,58516.666666666664
339,58516.666666666664
377,58533.33333333333
373,58533.33333333333
362,58533.33333333333
357,58533.33333333333
345,58533.33333333333
344,58533.33333333333
343,58533.33333333333
339,58533.33333333333
373,58550.0
362,58550.0
357,58550.0
345,58550.0
344,58550.0
343,58550.0
339,58550.0
373,58566.666666666664
362,58566.666666666664
357,58566.666666666664
345,58566.666666666664
344,58566.666666666664
343,58566.666666666664
339,58566.666666666664
373,58583.333333333336
362,58583.333333333336
357,58583.333333333336
345,58583.333333333336
344,58583.333333333336
343,58583.333333333336
339,58583.333333333336
379,58600.0
377,58600.0
373,58600.0
362,58600.0
357,58600.0
345,58600.0
344,58600.0
343,58600.0
339,58600.0
379,58616.666666666664
377,58616.666666666664
373,58616.666666666664
357,58616.666666666664
345,58616.666666666664
344,58616.666666666664
343,58616.666666666664
339,58616.666666666664
379,58633.333333333336
377,58633.333333333336
373,58633.333333333336
357,58633.333333333336
345,58633.333333333336
344,58633.333333333336
343,58633.333333333336
339,58633.333333333336
379,58650.0
377,58650.0
373,58650.0
357,58650.0
345,58650.0
344,58650.0
343,58650.0
339,58650.0
377,58666.666666666664
373,58666.666666666664
357,58666.666666666664
345,58666.666666666664
344,58666.666666666664
343,58666.666666666664
339,58666.666666666664
385,58683.33333333333
377,58683.33333333333
373,58683.33333333333
357,58683.33333333333
345,58683.33333333333
344,58683.33333333333
343,58683.33333333333
339,58683.33333333333
377,58699.99999999999
373,58699.99999999999
357,58699.99999999999
345,58699.99999999999
344,58699.99999999999
343,58699.99999999999
339,58699.99999999999
377,58716.66666666667
373,58716.66666666667
362,58716.66666666667
357,58716.66666666667
345,58716.66666666667
344,58716.66666666667
343,58716.66666666667
339,58716.66666666667
377,58733.333333333336
373,58733.333333333336
362,58733.333333333336
357,58733.333333333336
345,58733.333333333336
344,58733.333333333336
343,58733.333333333336
339,58733.333333333336
377,58750.0
357,58750.0
345,58750.0
344,58750.0
343,58750.0
339,58750.0
377,58766.666666666664
357,58766.666666666664
345,58766.666666666664
344,58766.666666666664
343,58766.666666666664
339,58766.666666666664
388,58783.33333333333
377,58783.33333333333
357,58783.33333333333
345,58783.33333333333
344,58783.33333333333
343,58783.33333333333
339,58783.33333333333
377,58800.0
357,58800.0
345,58800.0
344,58800.0
343,58800.0
339,58800.0
377,58816.666666666664
362,58816.666666666664
357,58816.666666666664
345,58816.666666666664
344,58816.666666666664
343,58816.666666666664
339,58816.666666666664
377,58833.333333333336
362,58833.333333333336
357,58833.333333333336
345,58833.333333333336
344,58833.333333333336
343,58833.333333333336
339,58833.333333333336
377,58850.0
362,58850.0
357,58850.0
345,58850.0
344,58850.0
343,58850.0
339,58850.0
388,58866.666666666664
377,58866.666666666664
362,58866.666666666664
357,58866.666666666664
345,58866.666666666664
344,58866.666666666664
343,58866.666666666664
339,58866.666666666664
388,58883.333333333336
377,58883.333333333336
362,58883.333333333336
357,58883.333333333336
345,58883.333333333336
344,58883.333333333336
343,58883.333333333336
339,58883.333333333336
388,58900.0
377,58900.0
362,58900.0
357,58900.0
345,58900.0
344,58900.0
343,58900.0
339,58900.0
388,58916.666666666664
377,58916.666666666664
362,58916.666666666664
357,58916.666666666664
345,58916.666666666664
344,58916.666666666664
343,58916.666666666664
339,58916.666666666664
388,58933.33333333333
377,58933.33333333333
362,58933.33333333333
357,58933.33333333333
345,58933.33333333333
344,58933.33333333333
343,58933.33333333333
339,58933.33333333333
388,58949.99999999999
377,58949.99999999999
362,58949.99999999999
357,58949.99999999999
345,58949.99999999999
344,58949.99999999999
343,58949.99999999999
339,58949.99999999999
388,58966.66666666667
379,58966.66666666667
377,58966.66666666667
362,58966.66666666667
357,58966.66666666667
345,58966.66666666667
344,58966.66666666667
343,58966.66666666667
339,58966.66666666667
377,58983.333333333336
373,58983.333333333336
362,58983.333333333336
357,58983.333333333336
345,58983.333333333336
344,58983.333333333336
343,58983.333333333336
339,58983.333333333336
389,59000.0
377,59000.0
373,59000.0
362,59000.0
357,59000.0
345,59000.0
344,59000.0
343,59000.0
339,59000.0
377,59016.666666666664
373,59016.666666666664
362,59016.666666666664
357,59016.666666666664
345,59016.666666666664
344,59016.666666666664
343,59016.666666666664
339,59016.666666666664
377,59033.33333333333
373,59033.33333333333
362,59033.33333333333
357,59033.33333333333
345,59033.33333333333
344,59033.33333333333
343,59033.33333333333
339,59033.33333333333
377,59050.0
373,59050.0
362,59050.0
357,59050.0
345,59050.0
344,59050.0
343,59050.0
339,59050.0
379,59066.666666666664
377,59066.666666666664
373,59066.666666666664
362,59066.666666666664
357,59066.666666666664
345,59066.666666666664
344,59066.666666666664
343,59066.666666666664
339,59066.666666666664
379,59083.333333333336
377,59083.333333333336
373,59083.333333333336
362,59083.333333333336
357,59083.333333333336
345,59083.333333333336
344,59083.333333333336
343,59083.333333333336
339,59083.333333333336
379,59100.0
377,59100.0
373,59100.0
362,59100.0
357,59100.0
345,59100.0
344,59100.0
343,59100.0
339,59100.0
388,59116.666666666664
379,59116.666666666664
377,59116.666666666664
373,59116.666666666664
362,59116.666666666664
357,59116.666666666664
345,59116.666666666664
344,59116.666666666664
343,59116.666666666664
339,59116.666666666664
388,59133.333333333336
379,59133.333333333336
377,59133.333333333336
362,59133.333333333336
357,59133.333333333336
344,59133.333333333336
343,59133.333333333336
339,59133.333333333336
388,59150.0
379,59150.0
377,59150.0
362,59150.0
357,59150.0
344,59150.0
343,59150.0
339,59150.0
388,59166.666666666664
379,59166.666666666664
377,59166.666666666664
362,59166.666666666664
357,59166.666666666664
344,59166.666666666664
343,59166.666666666664
339,59166.666666666664
388,59183.33333333333
379,59183.33333333333
377,59183.33333333333
362,59183.33333333333
357,59183.33333333333
344,59183.33333333333
343,59183.33333333333
339,59183.33333333333
389,59199.99999999999
388,59199.99999999999
379,59199.99999999999
377,59199.99999999999
362,59199.99999999999
357,59199.99999999999
344,59199.99999999999
343,59199.99999999999
339,59199.99999999999
389,59216.66666666667
388,59216.66666666667
379,59216.66666666667
377,59216.66666666667
362,59216.66666666667
357,59216.66666666667
344,59216.66666666667
343,59216.66666666667
339,59216.66666666667
388,59233.333333333336
379,59233.333333333336
377,59233.333333333336
362,59233.333333333336
357,59233.333333333336
344,59233.333333333336
343,59233.333333333336
339,59233.333333333336
388,59250.0
377,59250.0
362,59250.0
357,59250.0
344,59250.0
343,59250.0
339,59250.0
388,59266.666666666664
377,59266.666666666664
362,59266.666666666664
357,59266.666666666664
344,59266.666666666664
343,59266.666666666664
339,59266.666666666664
388,59283.33333333333
377,59283.33333333333
362,59283.33333333333
357,59283.33333333333
344,59283.33333333333
343,59283.33333333333
339,59283.33333333333
388,59300.0
379,59300.0
362,59300.0
357,59300.0
344,59300.0
343,59300.0
339,59300.0
389,59316.666666666664
388,59316.666666666664
379,59316.666666666664
362,59316.666666666664
357,59316.666666666664
344,59316.666666666664
343,59316.666666666664
339,59316.666666666664
389,59333.333333333336
388,59333.333333333336
362,59333.333333333336
357,59333.333333333336
344,59333.333333333336
343,59333.333333333336
339,59333.333333333336
388,59350.0
362,59350.0
357,59350.0
344,59350.0
343,59350.0
339,59350.0
388,59366.666666666664
377,59366.666666666664
362,59366.666666666664
357,59366.666666666664
344,59366.666666666664
343,59366.666666666664
339,59366.666666666664
388,59383.333333333336
377,59383.333333333336
362,59383.333333333336
357,59383.333333333336
344,59383.333333333336
343,59383.333333333336
339,59383.333333333336
388,59400.0
377,59400.0
362,59400.0
357,59400.0
344,59400.0
343,59400.0
339,59400.0
388,59416.666666666664
379,59416.666666666664
377,59416.666666666664
362,59416.666666666664
357,59416.666666666664
344,59416.666666666664
343,59416.666666666664
339,59416.666666666664
388,59433.33333333333
379,59433.33333333333
377,59433.33333333333
357,59433.33333333333
344,59433.33333333333
343,59433.33333333333
339,59433.33333333333
388,59449.99999999999
379,59449.99999999999
377,59449.99999999999
357,59449.99999999999
344,59449.99999999999
343,59449.99999999999
339,59449.99999999999
388,59466.66666666667
379,59466.66666666667
377,59466.66666666667
357,59466.66666666667
344,59466.66666666667
343,59466.66666666667
339,59466.66666666667
388,59483.333333333336
377,59483.333333333336
362,59483.333333333336
357,59483.333333333336
344,59483.333333333336
343,59483.333333333336
339,59483.333333333336
394,59500.0
388,59500.0
377,59500.0
362,59500.0
357,59500.0
344,59500.0
343,59500.0
339,59500.0
394,59516.666666666664
388,59516.666666666664
377,59516.666666666664
362,59516.666666666664
357,59516.666666666664
344,59516.666666666664
343,59516.666666666664
339,59516.666666666664
394,59533.33333333333
388,59533.33333333333
379,59533.33333333333
377,59533.33333333333
362,59533.33333333333
357,59533.33333333333
344,59533.33333333333
343,59533.33333333333
339,59533.33333333333
394,59550.0
388,59550.0
379,59550.0
362,59550.0
357,59550.0
344,59550.0
343,59550.0
339,59550.0
394,59566.666666666664
388,59566.666666666664
379,59566.666666666664
362,59566.666666666664
357,59566.666666666664
344,59566.666666666664
343,59566.666666666664
339,59566.666666666664
394,59583.333333333336
388,59583.333333333336
379,59583.333333333336
362,59583.333333333336
357,59583.333333333336
344,59583.333333333336
343,59583.333333333336
339,59583.333333333336
394,59600.0
388,59600.0
379,59600.0
377,59600.0
362,59600.0
357,59600.0
344,59600.0
343,59600.0
339,59600.0
394,59616.666666666664
388,59616.666666666664
379,59616.666666666664
377,59616.666666666664
362,59616.666666666664
357,59616.666666666664
344,59616.666666666664
343,59616.666666666664
339,59616.666666666664
388,59633.333333333336
379,59633.333333333336
377,59633.333333333336
362,59633.333333333336
357,59633.333333333336
344,59633.333333333336
343,59633.333333333336
339,59633.333333333336
388,59650.0
379,59650.0
377,59650.0
362,59650.0
357,59650.0
344,59650.0
343,59650.0
339,59650.0
388,59666.666666666664
377,59666.666666666664
362,59666.666666666664
357,59666.666666666664
344,59666.666666666664
343,59666.666666666664
339,59666.666666666664
388,59683.33333333333
377,59683.33333333333
362,59683.33333333333
357,59683.33333333333
344,59683.33333333333
343,59683.33333333333
339,59683.33333333333
398,59699.99999999999
388,59699.99999999999
377,59699.99999999999
362,59699.99999999999
357,59699.99999999999
344,59699.99999999999
343,59699.99999999999
339,59699.99999999999
398,59716.66666666667
388,59716.66666666667
377,59716.66666666667
362,59716.66666666667
357,59716.66666666667
344,59716.66666666667
343,59716.66666666667
339,59716.66666666667
394,59733.333333333336
388,59733.333333333336
377,59733.333333333336
362,59733.333333333336
357,59733.333333333336
344,59733.333333333336
343,59733.333333333336
339,59733.333333333336
394,59750.0
388,59750.0
377,59750.0
373,59750.0
362,59750.0
357,59750.0
344,59750.0
343,59750.0
339,59750.0
394,59766.666666666664
388,59766.666666666664
377,59766.666666666664
373,59766.666666666664
362,59766.666666666664
357,59766.666666666664
344,59766.666666666664
343,59766.666666666664
339,59766.666666666664
398,59783.33333333333
388,59783.33333333333
377,59783.33333333333
373,59783.33333333333
362,59783.33333333333
357,59783.33333333333
344,59783.33333333333
343,59783.33333333333
339,59783.33333333333
397,59800.0
388,59800.0
377,59800.0
373,59800.0
362,59800.0
357,59800.0
344,59800.0
343,59800.0
339,59800.0
397,59816.666666666664
388,59816.666666666664
377,59816.666666666664
373,59816.666666666664
362,59816.666666666664
357,59816.666666666664
344,59816.666666666664
343,59816.666666666664
339,59816.666666666664
397,59833.333333333336
388,59833.333333333336
377,59833.333333333336
373,59833.333333333336
362,59833.333333333336
357,59833.333333333336
344,59833.333333333336
343,59833.333333333336
339,59833.333333333336
397,59850.0
388,59850.0
377,59850.0
373,59850.0
362,59850.0
357,59850.0
344,59850.0
343,59850.0
339,59850.0
388,59866.666666666664
377,59866.666666666664
373,59866.666666666664
362,59866.666666666664
357,59866.666666666664
344,59866.666666666664
343,59866.666666666664
339,59866.666666666664
394,59883.333333333336
388,59883.333333333336
377,59883.333333333336
362,59883.333333333336
357,59883.333333333336
344,59883.333333333336
343,59883.333333333336
339,59883.333333333336
394,59900.0
388,59900.0
377,59900.0
362,59900.0
357,59900.0
344,59900.0
343,59900.0
339,59900.0
394,59916.666666666664
388,59916.666666666664
377,59916.666666666664
362,59916.666666666664
357,59916.666666666664
344,59916.666666666664
343,59916.666666666664
339,59916.666666666664
394,59933.33333333333
388,59933.33333333333
377,59933.33333333333
362,59933.33333333333
357,59933.33333333333
344,59933.33333333333
343,59933.33333333333
339,59933.33333333333
388,59949.99999999999
362,59949.99999999999
357,59949.99999999999
344,59949.99999999999
343,59949.99999999999
339,59949.99999999999
388,59966.66666666667
362,59966.66666666667
357,59966.66666666667
344,59966.66666666667
343,59966.66666666667
339,59966.66666666667
388,59983.333333333336
362,59983.333333333336
357,59983.333333333336
344,59983.333333333336
343,59983.333333333336
339,59983.333333333336
